Date,Price,Return,Sign,avg_positive_XLE,avg_neutral_XLE,avg_negative_XLE,n_XLE,sent_index_XLE
2018-03-20,47.900123596191406,,,0.6174949208895365,0.3647681586444378,0.0177369058753053,3.0,0.5997580150142312
2018-03-21,49.15442657470703,0.0261857983726654,1.0,0.0729572772979736,0.8961561620235443,0.03088656999170775,2.0,0.04207070730626586
2018-03-22,48.15097427368164,-0.0204142814991504,-1.0,0.08848311007022851,0.8751792311668396,0.03633762430399655,2.0,0.05214548576623196
2018-03-23,47.85711669921875,-0.0061028375623857,-1.0,0.4277238827198744,0.5187486112117767,0.0535275363363325,2.0,0.3741963463835419
2018-03-26,48.71721649169922,0.0179722442930732,1.0,0.0314373010769486,0.5484990030527115,0.42006370052695274,2.0,-0.38862639945000416
2018-03-27,48.258487701416016,-0.0094161535349903,-1.0,0.10382737033069131,0.8770206272602081,0.0191519423387944,2.0,0.08467542799189691
2018-03-28,47.319557189941406,-0.0194562771482592,-1.0,,,,,
2018-03-29,48.31584548950195,0.02105447216172,1.0,0.0156194944866001,0.060177220031619,0.9242032766342163,2.0,-0.9085837821476163
2018-04-02,47.34821701049805,-0.020027145736571,-1.0,0.4431416392326355,0.3757172006492813,0.1811411899204055,6.0,0.26200044931223
2018-04-03,48.358829498291016,0.0213442564810601,1.0,0.8669972717761993,0.10177639871835706,0.0312263485975563,2.0,0.835770923178643
2018-04-04,48.2943229675293,-0.0013339142289207,-1.0,0.3315628875667849,0.3726087597509225,0.2958283741027116,3.0,0.0357345134640733
2018-04-05,49.16158676147461,0.0179578828453277,1.0,0.30383551493287086,0.39601750671863556,0.30014689080417156,2.0,0.0036886241286993027
2018-04-06,48.2728271484375,-0.0180783345612755,-1.0,0.03016512685765817,0.09500046819448464,0.874834418296814,3.0,-0.8446692914391558
2018-04-09,48.50219345092773,0.004751457829162,1.0,0.07275862495104467,0.17057833882669607,0.7566630244255066,3.0,-0.6839043994744619
2018-04-10,50.107704162597656,0.0331018165867964,1.0,0.3642207073668639,0.4727238056560357,0.1630554985668924,9.0,0.20116520879997152
2018-04-11,50.63090515136719,0.010441527855113,1.0,0.29702084759871167,0.35641208477318287,0.3465670297543208,3.0,-0.04954618215560913
2018-04-12,50.623756408691406,-0.000141193262384,-1.0,0.6097460240125656,0.36988640204072,0.0203676000237464,2.0,0.5893784239888192
2018-04-13,51.18281555175781,0.0110434148456519,1.0,0.22878651289890203,0.13541650399565694,0.635796976586183,3.0,-0.4070104636872809
2018-04-16,51.70602798461914,0.0102224238198118,1.0,0.42001688728729875,0.35411957651376724,0.22586354613304138,3.0,0.19415334115425736
2018-04-17,51.9067497253418,0.0038819795011593,1.0,0.2138337589567527,0.058305609971284825,0.7278606537729502,4.0,-0.5140268948161975
2018-04-18,52.72380828857422,0.0157408924187276,1.0,0.44745902841289836,0.2129494994878768,0.3395914618546764,3.0,0.10786756655822194
2018-04-19,52.78832626342773,0.0012236971673287,1.0,0.24069712348282338,0.388108903542161,0.3711939776316285,5.0,-0.1304968541488051
2018-04-20,52.5374641418457,-0.004752227231645,-1.0,0.35652790053023226,0.3662947178300884,0.2771774041983816,9.0,0.07935049633185065
2018-04-23,52.86001205444336,0.0061393886794156,1.0,0.8828783631324768,0.0249916110187768,0.0921300575137138,1.0,0.790748305618763
2018-04-24,52.29378509521485,-0.0107118204711214,-1.0,0.0238895090296864,0.2623612601310014,0.7137492001056671,2.0,-0.6898596910759807
2018-04-25,52.70949172973633,0.007949446263348,1.0,0.36257153439025086,0.31548947095870966,0.3219390405962865,3.0,0.040632493793964386
2018-04-26,53.47638320922852,0.0145494000098571,1.0,0.4762026206590235,0.029580993577837875,0.4942163568921387,4.0,-0.018013736233115196
2018-04-27,52.91015625,-0.0105883555552577,-1.0,0.4621900037995406,0.07850570151848449,0.45930432262165205,7.0,0.002885681177888566
2018-04-30,52.90299987792969,-0.0001352551679586,-1.0,0.15052930675446982,0.2949357096105814,0.5545349810272455,5.0,-0.40400567427277567
2018-05-01,52.58047866821289,-0.0060964635363022,-1.0,0.8602021336555481,0.1045551570132374,0.0352426758036017,2.0,0.8249594578519464
2018-05-02,52.79550552368164,0.0040894807524591,1.0,,,,,
2018-05-03,52.67364501953125,-0.0023081605705191,-1.0,0.2211341708898544,0.1328465193510055,0.6460192799568176,1.0,-0.4248851090669632
2018-05-04,52.931671142578125,0.0048985811206192,1.0,0.9030185341835022,0.0445404201745986,0.0524410642683506,1.0,0.8505774699151516
2018-05-07,53.00334930419922,0.0013541639641041,1.0,0.43954849988222117,0.130870271474123,0.42958115413784975,2.0,0.009967345744371414
2018-05-08,53.4190673828125,0.0078432416832259,1.0,0.35506297275424004,0.038275548567374466,0.6066614696756005,3.0,-0.2515984969213605
2018-05-09,54.50850296020508,0.0203941332330916,1.0,0.3354359308257699,0.352975444868207,0.31158863399177783,10.0,0.02384729683399206
2018-05-10,54.91706085205078,0.007495305679996,1.0,0.26181198135018346,0.19194733239710327,0.5462407007813453,5.0,-0.2844287194311619
2018-05-11,54.99591064453125,0.0014357977513197,1.0,0.0482070446014404,0.0584740601480007,0.8933188319206238,1.0,-0.8451117873191833
2018-05-14,55.37577438354492,0.0069071269947493,1.0,0.5941613018512726,0.36161735374480486,0.04422135185450312,4.0,0.5499399499967694
2018-05-15,55.39010620117188,0.000258810243044,1.0,0.2873296967397133,0.28853701706975693,0.42413325794041157,6.0,-0.13680356120069825
2018-05-16,55.583641052246094,0.0034940328579857,1.0,0.37842763811349867,0.5271859250962734,0.09438643120229237,5.0,0.28404120691120627
2018-05-17,56.42221832275391,0.0150867639224929,1.0,0.3481291551142931,0.4867072481662035,0.16516360249370332,10.0,0.18296555262058978
2018-05-18,55.985008239746094,-0.0077488992103577,-1.0,0.3297958034090697,0.341114834882319,0.32908939321835834,6.0,0.0007064101907113818
2018-05-21,56.55840301513672,0.0102419342859638,1.0,0.5175236612558365,0.3273592051118612,0.1551171243190765,2.0,0.36240653693675995
2018-05-22,55.80583190917969,-0.0133060883235267,-1.0,0.05771258690704897,0.3443505683292945,0.5979368487993876,3.0,-0.5402242618923386
2018-05-23,55.79866790771485,-0.0001283737061118,-1.0,0.3634000780681769,0.31675931811332697,0.319840588606894,3.0,0.04355948946128291
2018-05-24,54.8812370300293,-0.0164418060876092,-1.0,0.0573016032576561,0.0279213320463895,0.9147770404815674,1.0,-0.8574754372239113
2018-05-25,53.45489501953125,-0.025989611161964,-1.0,0.11763269081711766,0.2602265980094671,0.6221407225355506,5.0,-0.504508031718433
2018-05-29,53.29004287719727,-0.0030839484816824,-1.0,0.12664042087271804,0.7468817885965109,0.12647777202073482,8.0,0.00016264885198322143
2018-05-30,54.90273666381836,0.0302625725097915,1.0,0.20588092630108193,0.3924115113914013,0.40170756432538224,6.0,-0.1958266380243003
2018-05-31,54.487003326416016,-0.0075721787776804,-1.0,0.1974342043201128,0.4208883196115494,0.38167746861775714,3.0,-0.18424326429764434
2018-06-01,54.74504089355469,0.0047357636020619,1.0,0.03787200028697643,0.09921392798423763,0.8629140655199686,3.0,-0.8250420652329922
2018-06-04,54.2719841003418,-0.0086410894117824,-1.0,0.0343860955908894,0.46074638217687597,0.5048675097525119,5.0,-0.47048141416162254
2018-06-05,54.14298248291016,-0.0023769467722632,-1.0,0.31969072048862773,0.3275439714392026,0.3527653220420082,3.0,-0.03307460155338049
2018-06-06,54.4010009765625,0.0047655020432939,1.0,0.09386001825332638,0.17306169904768462,0.7330783057957887,5.0,-0.6392182875424623
2018-06-07,55.22528076171875,0.0151519231330206,1.0,0.3482988302906354,0.5973873312274615,0.0543138142675161,3.0,0.2939850160231193
2018-06-08,55.11773681640625,-0.0019473680138725,-1.0,0.14975285362452265,0.44841115064918996,0.4018359886482358,5.0,-0.25208313502371316
2018-06-11,55.40445709228516,0.0052019602480044,1.0,0.5339942251642545,0.3644701478381951,0.10153560433536767,3.0,0.43245862082888686
2018-06-12,54.9815673828125,-0.0076327741785876,-1.0,0.33474863693118095,0.24453931301832196,0.4207120053470135,4.0,-0.08596336841583252
2018-06-13,54.77371597290039,-0.0037803834958892,-1.0,0.20607250630855561,0.4125142119824886,0.38141326177865265,5.0,-0.17534075547009703
2018-06-14,54.69486618041992,-0.0014395552881509,-1.0,0.2970506935380399,0.3032234460115433,0.3997258662711829,4.0,-0.10267517273314297
2018-06-15,53.520111083984375,-0.0214783430049984,-1.0,0.06493288138881322,0.5889938451970617,0.3460732644113402,6.0,-0.281140383022527
2018-06-18,54.05409622192383,0.0099772800751762,1.0,0.19467449809114135,0.4719243502865235,0.33340113144367933,3.0,-0.138726633352538
2018-06-19,53.931434631347656,-0.0022692376554142,-1.0,0.22798674101276054,0.518009181533541,0.2540040940844587,7.0,-0.02601735307169814
2018-06-20,54.16953659057617,0.0044149012696599,1.0,0.3219182905223634,0.6160905646781126,0.061991135589778375,9.0,0.25992715493258506
2018-06-21,53.16655349731445,-0.0185156299350031,-1.0,0.3364042555913329,0.2957076773579631,0.3678880758317454,7.0,-0.03148382024041246
2018-06-22,54.22728729248047,0.0199511483327501,1.0,0.5598083941096609,0.33511326936158264,0.10507834677330466,11.0,0.45473004733635625
2018-06-25,53.1376953125,-0.0200930571006372,-1.0,0.31272963210940363,0.2007979497313499,0.48647237177938224,5.0,-0.1737427396699786
2018-06-26,53.80875778198242,0.0126287462325178,1.0,0.2639221030597885,0.33377147900561493,0.402306423522532,6.0,-0.13838432046274346
2018-06-27,54.53034973144531,0.0134103067828952,1.0,0.054763091262429925,0.41996282106265426,0.525274143088609,4.0,-0.470511051826179
2018-06-28,54.45819091796875,-0.0013232780246584,-1.0,0.27741447122146684,0.37611765290300053,0.34646790288388724,3.0,-0.0690534316624204
2018-06-29,54.79733657836914,0.006227633615506,1.0,0.27862075467904407,0.05622431635856623,0.6651549388964971,3.0,-0.38653418421745306
2018-07-02,53.98915481567383,-0.0147485592030459,-1.0,0.2153962987164656,0.06788936443626875,0.716714344608287,6.0,-0.5013180458918214
2018-07-03,54.32831573486328,0.0062820194231119,1.0,0.3718358638385931,0.30058955525358516,0.3275745939463377,3.0,0.04426126989225537
2018-07-05,54.27056503295898,-0.0010629945199506,-1.0,0.20200979895889754,0.6728773564100266,0.12511280598118896,4.0,0.07689699297770858
2018-07-06,54.60249328613281,0.0061161746330125,1.0,0.7075127959251404,0.0813600122928619,0.2111271619796753,1.0,0.4963856339454651
2018-07-09,55.41789245605469,0.0149333688051376,1.0,0.40011105239391326,0.3652919501066208,0.23459700644016263,5.0,0.16551404595375063
2018-07-10,55.82920455932617,0.0074220091209287,1.0,0.4915403686463833,0.0359020670875906,0.47255755867809046,2.0,0.018982809968292824
2018-07-11,54.64580154418945,-0.0211968453514179,-1.0,0.20674263096104065,0.36067199707031244,0.43258538593848544,3.0,-0.2258427549774448
2018-07-12,54.73960876464844,0.0017166409460227,1.0,0.1618086844682693,0.037644874304533,0.800546407699585,1.0,-0.6387377232313156
2018-07-13,55.02824783325195,0.005272947233593,1.0,0.01875871792435645,0.199237160384655,0.7820040881633759,2.0,-0.7632453702390194
2018-07-16,54.39323043823242,-0.0115398439896501,-1.0,0.22297907378524542,0.3842835277318954,0.3927374040707946,5.0,-0.16975833028554918
2018-07-17,54.1767692565918,-0.003979561057445,-1.0,0.29689752683043474,0.678831160068512,0.024271304719149997,2.0,0.27262622211128473
2018-07-18,54.21285629272461,0.0006660979720274,1.0,,,,,
2018-07-19,54.22728729248047,0.0002661914671666,1.0,0.9528038501739502,0.0294631049036979,0.0177330952137708,1.0,0.9350707549601794
2018-07-20,54.039669036865234,-0.0034598495514499,-1.0,,,,,
2018-07-23,53.80153274536133,-0.004406694114678,-1.0,0.4630122627131641,0.10671857371926302,0.43026915867812926,4.0,0.03274310403503483
2018-07-24,54.4798469543457,0.0126077116091614,1.0,0.04535092227160925,0.7268608212471008,0.22778827371075747,2.0,-0.18243735143914822
2018-07-25,54.93442916870117,0.0083440435274424,1.0,0.0234270468354225,0.0949259176850318,0.8816470503807068,1.0,-0.8582200035452843
2018-07-26,55.533348083496094,0.0109024326612308,1.0,0.1022752672433853,0.568482518196106,0.3292422592639923,1.0,-0.226966992020607
2018-07-27,55.29523468017578,-0.0042877552234433,-1.0,0.03591045318171375,0.1074568629264831,0.856632649898529,2.0,-0.8207221967168153
2018-07-30,55.74983215332031,0.0082212775797751,1.0,0.46426307782530785,0.18519523367285726,0.35054166289046407,2.0,0.11372141493484378
2018-07-31,55.6488037109375,-0.001812174826015,-1.0,0.4615772534161806,0.22054991871118546,0.3178728570540746,3.0,0.14370439636210602
2018-08-01,54.87671661376953,-0.0138742802303263,-1.0,0.5085052810609341,0.4702468942850828,0.0212477566674351,2.0,0.48725752439349895
2018-08-02,54.57363128662109,-0.0055230222551688,-1.0,,,,,
2018-08-03,54.2922248840332,-0.005156453692992,-1.0,0.13907618052326137,0.3834642507135868,0.4774595345370471,4.0,-0.3383833540137857
2018-08-06,54.4942741394043,0.003721513638512,1.0,0.29442219808697695,0.4751759320497513,0.23040188103914255,2.0,0.0640203170478344
2018-08-07,54.89836502075195,0.0074152906471225,1.0,0.7315264344215393,0.08346050977706905,0.18501302599906916,2.0,0.5465134084224701
2018-08-08,54.50148391723633,-0.0072293792969171,-1.0,0.41005906183272595,0.12062979520608978,0.46931115134308726,6.0,-0.05925208951036132
2018-08-09,53.996360778808594,-0.0092680621172589,-1.0,,,,,
2018-08-10,54.32831573486328,0.006147728314775,1.0,0.0158203653991222,0.0558456294238567,0.9283339977264404,1.0,-0.9125136323273182
2018-08-13,53.63558578491211,-0.0127508084979457,-1.0,0.0192652232944965,0.8011510968208313,0.1795836687088012,1.0,-0.16031844541430468
2018-08-14,53.76545333862305,0.0024212945903439,1.0,,,,,
2018-08-15,51.88934326171875,-0.0348943412620046,-1.0,0.053768113255500766,0.4040609846512477,0.5421708871920904,3.0,-0.4884027739365896
2018-08-16,52.26456451416016,0.0072311813728085,1.0,0.2525949776172638,0.7363816499710083,0.0110233826562762,1.0,0.2415715949609876
2018-08-17,52.394439697265625,0.002484956763971,1.0,0.4831668461362521,0.16695252433419225,0.34988063170264166,3.0,0.13328621443361044
2018-08-20,52.7480354309082,0.0067487263092351,1.0,0.7211044207215309,0.25211293157190084,0.026782621396705474,4.0,0.6943217993248254
2018-08-21,53.01501083374024,0.0050613335767117,1.0,,,,,
2018-08-22,53.6500129699707,0.0119777799955917,1.0,0.0657638683915138,0.9128437638282776,0.0213923566043376,1.0,0.0443715117871762
2018-08-23,53.3974494934082,-0.004707612590958,-1.0,0.22595982928760344,0.3641066811978817,0.40993348811753094,4.0,-0.1839736588299275
2018-08-24,53.78712844848633,0.0072977072645807,1.0,0.07403883089621856,0.42197161167860026,0.5039895623922348,3.0,-0.42995073149601626
2018-08-27,54.18398666381836,0.0073783120010229,1.0,0.042943075299263,0.1551267057657241,0.8019302487373352,1.0,-0.7589871734380722
2018-08-28,53.953067779541016,-0.0042617551512048,-1.0,0.0209943875670433,0.0413856469094753,0.937619924545288,1.0,-0.9166255369782447
2018-08-29,54.28501892089844,0.0061525906685013,1.0,0.6738672256469727,0.2766481637954712,0.0494845882058143,1.0,0.6243826374411584
2018-08-30,54.13347244262695,-0.0027916814119989,-1.0,0.0280235074460506,0.3442350924015045,0.6277413368225098,1.0,-0.5997178293764591
2018-08-31,53.714962005615234,-0.0077310842650132,-1.0,0.2620895504951477,0.4729786217212677,0.2649317979812622,1.0,-0.002842247486114502
2018-09-04,53.59950637817383,-0.0021494128103327,-1.0,0.15128588924805322,0.34441661834716797,0.5042974762618542,3.0,-0.353011587013801
2018-09-05,53.52734756469727,-0.0013462589182713,-1.0,0.1607977822422981,0.821869969367981,0.017332238145172547,2.0,0.14346554409712556
2018-09-06,52.53875732421875,-0.0184688815242271,-1.0,,,,,
2018-09-07,52.53154754638672,-0.0001372277952358,-1.0,0.0663779228925705,0.920442759990692,0.0131792826578021,1.0,0.0531986402347684
2018-09-10,52.50990676879883,-0.0004119577396569,-1.0,0.2182306939115127,0.3964923992753029,0.3852768652141094,3.0,-0.16704617130259672
2018-09-11,53.00779724121094,0.0094818388195645,1.0,0.3430243099906614,0.24802489206194875,0.4089508035353252,7.0,-0.06592649354466379
2018-09-12,53.282005310058594,0.0051729761114176,1.0,0.2667711562244221,0.23256365023553366,0.5006651915609837,4.0,-0.23389403533656156
2018-09-13,53.30365753173828,0.0004063702473975,1.0,0.1109569519758224,0.0825967639684677,0.8064463138580322,2.0,-0.6954893618822098
2018-09-14,53.58506774902344,0.005279379132991,1.0,0.4535437038168311,0.1088921088725328,0.43756422474980355,5.0,0.01597947906702757
2018-09-17,53.67165756225586,0.0016159317673718,1.0,0.1289770305156707,0.3160046935081482,0.5550183057785034,1.0,-0.42604127526283275
2018-09-18,54.02522277832031,0.0065875590977293,1.0,,,,,
2018-09-19,54.19119644165039,0.0030721513914178,1.0,,,,,
2018-09-20,54.20563888549805,0.0002665090419844,1.0,0.23821689933538434,0.4092760905623436,0.3525069886818528,4.0,-0.11429008934646848
2018-09-21,54.56381988525391,0.006607818063218,1.0,0.024311351589858466,0.3497024960815906,0.6259861811995506,3.0,-0.6016748296096922
2018-09-24,55.36302947998047,0.0146472442070086,1.0,0.5419807286933065,0.09484471492469305,0.36317451931536193,5.0,0.17880620937794456
2018-09-25,55.719024658203125,0.006430196858201,1.0,0.31636219322681425,0.2559069998562335,0.4277308039367199,5.0,-0.11136861070990567
2018-09-26,55.18138122558594,-0.0096491895885696,-1.0,0.5819458613793055,0.34835032125314075,0.06970384220282234,3.0,0.5122420191764832
2018-09-27,55.18138122558594,0.0,0.0,0.08943254686892024,0.11213980242609975,0.7984276115894318,2.0,-0.7089950647205115
2018-09-28,55.02880859375,-0.0027649295549926,-1.0,0.43037414457648987,0.1091187447309494,0.46050705201923847,2.0,-0.030132907442748602
2018-10-01,55.79169464111328,0.0138633938632994,1.0,0.16775450855493543,0.4172980772952239,0.4149474298271039,3.0,-0.2471929212721685
2018-10-02,55.84981918334961,0.0010418135281644,1.0,0.32658288286377984,0.4866409730166197,0.1867761424121757,6.0,0.13980674045160416
2018-10-03,56.30026245117188,0.0080652591970533,1.0,0.49299061112105846,0.38003212586045265,0.12697727000340817,8.0,0.36601334111765027
2018-10-04,56.067779541015625,-0.0041293397230232,-1.0,0.4217702150344848,0.0584186054766178,0.5198111534118652,1.0,-0.09804093837738043
2018-10-05,56.06052017211914,-0.0001294748776554,-1.0,0.624116912484169,0.2217201888561248,0.15416292101144785,2.0,0.46995399147272116
2018-10-08,56.01691055297852,-0.0007779025061973,-1.0,0.47483012266457075,0.04248601011931895,0.48268384579569107,2.0,-0.007853723131120316
2018-10-09,56.51824569702149,0.0089497107051061,1.0,0.09886034484952685,0.4285947196185589,0.47254495276138175,2.0,-0.37368460791185487
2018-10-10,54.74544525146485,-0.0313668696487878,-1.0,0.0285309087485075,0.1147550418972969,0.856714129447937,1.0,-0.8281832206994295
2018-10-11,52.89275741577149,-0.0338418625911858,-1.0,0.44379591289907694,0.04364308994263405,0.5125609524548054,2.0,-0.06876503955572844
2018-10-12,53.038082122802734,0.0027475350904642,1.0,0.0391127355396747,0.2921305894851684,0.6687566637992859,1.0,-0.6296439282596111
2018-10-15,52.59486770629883,-0.0083565317365303,-1.0,0.2411946207284927,0.7414698004722595,0.0173355657607316,1.0,0.2238590549677611
2018-10-16,53.030799865722656,0.0082884923650377,1.0,0.3202190312246481,0.13226450483004246,0.5475164353847503,3.0,-0.22729740416010213
2018-10-17,52.69659805297852,-0.0063020322829441,-1.0,0.11736649908125393,0.3105448581278324,0.5720886539667844,5.0,-0.45472215488553047
2018-10-18,52.43503952026367,-0.0049634804214855,-1.0,0.16202136625846222,0.40973452292382717,0.4282440772900979,3.0,-0.26622271103163564
2018-10-19,51.97004318237305,-0.0088680459125224,-1.0,0.15705507993698115,0.3047512033954262,0.5381937175989151,2.0,-0.38113863766193395
2018-10-22,51.39606475830078,-0.0110444092197126,-1.0,0.3218870696922143,0.347707146157821,0.3304057673861583,3.0,-0.008518697693943977
2018-10-23,50.05195999145508,-0.0261519004065116,-1.0,0.31692004824678105,0.35028062015771866,0.3327993435474733,6.0,-0.015879295300692264
2018-10-24,48.07573699951172,-0.0394834286665445,-1.0,0.03147322032600635,0.2659568656235933,0.7025699019432068,2.0,-0.6710966816172005
2018-10-25,48.66424179077149,0.0122412016536688,1.0,0.37784129727099625,0.28717195907873766,0.33498672928128925,7.0,0.04285456798970699
2018-10-26,48.30097579956055,-0.0074647416222527,-1.0,0.0211535785347223,0.0456872284412384,0.9331592321395874,1.0,-0.9120056536048651
2018-10-29,47.400047302246094,-0.0186523870874395,-1.0,0.2766582695767283,0.14002933166921136,0.5833124397322536,4.0,-0.30665417015552526
2018-10-30,48.49713134765625,0.0231452099280535,1.0,0.11560152075253421,0.4095593891106546,0.47483906731940806,4.0,-0.35923754656687384
2018-10-31,48.795021057128906,0.0061424191739756,1.0,,,,,
2018-11-01,49.20915222167969,0.0084871602794456,1.0,,,,,
2018-11-02,49.08565521240234,-0.0025096349703611,-1.0,0.4277406508723895,0.3488853201270103,0.2233740538358688,3.0,0.2043665970365207
2018-11-05,49.90663528442383,0.0167254581500229,1.0,0.2143693664111197,0.38102164150526124,0.40460898618524266,12.0,-0.19023961977412296
2018-11-06,50.13913345336914,0.004658662472841,1.0,0.30720777239184827,0.30848146486096084,0.3843107506399974,8.0,-0.07710297824814916
2018-11-07,50.96014022827149,0.0163745704872604,1.0,,,,,
2018-11-08,49.85578536987305,-0.0216709540721745,-1.0,0.0277428552508354,0.1261333674192428,0.8461237549781799,1.0,-0.8183808997273445
2018-11-09,49.76860046386719,-0.0017487420037423,-1.0,0.03856709203682835,0.2748731020838022,0.6865597994765267,8.0,-0.6479927074396983
2018-11-12,48.73689651489258,-0.0207300173072707,-1.0,0.04430106934159991,0.3195642375697692,0.6361346884320179,3.0,-0.591833619090418
2018-11-13,47.61800765991211,-0.0229577370532522,-1.0,0.14048090881922023,0.28578291672535916,0.5737361555749719,11.0,-0.43325524675575167
2018-11-14,47.53808975219727,-0.001678312714921,-1.0,0.26158031485974786,0.1507339175790548,0.5876857697963714,5.0,-0.3261054549366236
2018-11-15,48.23556900024414,0.0146720083133888,1.0,0.0368637293577194,0.1057244166731834,0.8574118614196777,1.0,-0.8205481320619583
2018-11-16,48.80954360961914,0.011899405796832,1.0,0.1045736819505691,0.019054708071053,0.8763716518878937,2.0,-0.7717979699373245
2018-11-19,48.795021057128906,-0.0002975351010529,-1.0,0.35193363809958095,0.31843636650592083,0.32962996978312725,6.0,0.022303668316453695
2018-11-20,47.19661331176758,-0.0327575992536189,-1.0,0.10213297121226783,0.14296832680702207,0.7548987433314324,5.0,-0.6527657721191645
2018-11-21,47.93770217895508,0.0157021619812438,1.0,0.34294960958262277,0.038348541905482564,0.6187018205722173,3.0,-0.27575221098959457
2018-11-23,46.43374252319336,-0.031373211217912,-1.0,0.03274347214028235,0.04922661030044154,0.9180299043655396,6.0,-0.8852864322252572
2018-11-26,47.1312255859375,0.015021039116021,1.0,0.4108034744858742,0.24329144667301855,0.3459050611459783,7.0,0.06489841333989588
2018-11-27,47.00045394897461,-0.0027746283984159,-1.0,0.0209743343293666,0.0373854003846645,0.9416402578353882,1.0,-0.9206659235060216
2018-11-28,47.80692672729492,0.0171588295550475,1.0,0.25218107597902417,0.5064466185867786,0.2413723194040358,4.0,0.010808756574988365
2018-11-29,48.11933898925781,0.0065348744073214,1.0,0.4915738105773926,0.1251749098300933,0.3832513391971588,1.0,0.10832247138023376
2018-11-30,48.03215026855469,-0.0018119268164217,-1.0,0.3636428415775299,0.4307628603031238,0.20559426909312603,6.0,0.15804857248440388
2018-12-03,49.10017395019531,0.0222356000235082,1.0,0.18114190967753527,0.35142309684306383,0.4674349962733686,8.0,-0.2862930865958333
2018-12-04,47.69066619873047,-0.0287067771469521,-1.0,0.19614232005551455,0.350560060236603,0.4532976385671645,8.0,-0.25715531851164997
2018-12-06,46.81154251098633,-0.01843387307866,-1.0,0.22502198564605067,0.34673749927717906,0.4282404985278845,13.0,-0.20321851288183382
2018-12-07,46.549991607666016,-0.0055873164884264,-1.0,0.3192906068870798,0.15521692042239008,0.5254924347391352,8.0,-0.20620182785205543
2018-12-10,45.82344818115234,-0.0156078100429566,-1.0,0.3831105530261993,0.5912097692489624,0.0256796702742576,1.0,0.3574308827519417
2018-12-11,45.83796310424805,0.0003167575481952,1.0,0.0874103382229805,0.1586037725210189,0.7539858818054199,1.0,-0.6665755435824394
2018-12-12,46.01960372924805,0.0039626679001181,1.0,,,,,
2018-12-13,46.16492462158203,0.0031578040782134,1.0,0.44982199277728796,0.11379333734512324,0.43638464733958243,5.0,0.013437345437705528
2018-12-14,45.111419677734375,-0.02282046277522,-1.0,0.07238046762843924,0.31681303183237713,0.6108064875006675,3.0,-0.5384260198722283
2018-12-17,44.2904167175293,-0.0181994485225722,-1.0,0.02616569446399805,0.47629130166023975,0.49754301086068153,2.0,-0.47137731639668345
2018-12-18,43.24418258666992,-0.0236221333732743,-1.0,0.0229059322737157,0.1874811130110174,0.7896129339933395,4.0,-0.7667070017196238
2018-12-19,42.73560333251953,-0.0117606397838853,-1.0,0.4973412174731493,0.4371898425742984,0.06546895951032636,4.0,0.4318722579628229
2018-12-20,41.55132675170898,-0.0277117084693029,-1.0,0.024261640384793236,0.3465543172011772,0.6291840529690186,3.0,-0.6049224125842253
2018-12-21,41.14799118041992,-0.0097069240098925,-1.0,0.03555696718394754,0.17451980262994762,0.789923220872879,5.0,-0.7543662536889315
2018-12-24,39.48329544067383,-0.0404563064196006,-1.0,0.04112316016107795,0.11288349423557514,0.8459933698177338,2.0,-0.8048702096566558
2018-12-26,41.93999862670898,0.0622213307834575,1.0,0.2944238496944308,0.36636307165026666,0.3392130548134446,5.0,-0.0447892051190138
2018-12-27,42.16001129150391,0.0052458910824766,1.0,0.6167230159044266,0.19429427385330195,0.18898273305967445,2.0,0.42774028284475213
2018-12-28,41.83734130859375,-0.0076534605429573,-1.0,0.09064178944875793,0.2751914293815692,0.6341667889306942,3.0,-0.5435249994819363
2018-12-31,42.05733871459961,0.0052583983380576,1.0,0.0174109637737274,0.0209592264145612,0.9616298675537108,1.0,-0.9442189037799834
2019-01-02,42.886024475097656,0.0197037136876752,1.0,0.883352130651474,0.037215102463960606,0.079432725906372,2.0,0.803919404745102
2019-01-03,42.4606819152832,-0.0099179759611767,-1.0,0.06101114628836505,0.05460675712674855,0.884382039308548,2.0,-0.823370893020183
2019-01-04,43.905364990234375,0.0340240196291141,1.0,0.8626747727394104,0.0495697259902954,0.08775544911623,1.0,0.7749193236231804
2019-01-07,44.55804443359375,0.014865596573552,1.0,0.5410024672746658,0.18178628385066986,0.2772112507373094,3.0,0.26379121653735643
2019-01-08,44.9027214050293,0.0077354600233685,1.0,0.009654383175075,0.064674936234951,0.9256706833839417,1.0,-0.9160163002088666
2019-01-09,45.61405944824219,0.0158417579370415,1.0,0.5001490823924541,0.22180086001753804,0.27805008087307215,2.0,0.222099001519382
2019-01-10,45.74605941772461,0.0028938439393275,1.0,0.2891487744636833,0.16777167841792107,0.5430795392021537,4.0,-0.25393076473847037
2019-01-11,45.47472381591797,-0.0059313437104816,-1.0,,,,,
2019-01-14,45.36472702026367,-0.0024188557164099,-1.0,0.3871629126369953,0.4830479472875595,0.1297891344875097,2.0,0.2573737781494856
2019-01-15,45.52606201171875,0.0035563972727756,1.0,0.5770357847213745,0.380375678340594,0.042588535075386326,3.0,0.5344472496459882
2019-01-16,45.46739196777344,-0.0012887133512714,-1.0,0.5073347426950932,0.44964957982301706,0.04301565978676075,2.0,0.4643190829083324
2019-01-17,45.8853874206543,0.0091933017221907,1.0,0.9387014508247375,0.0375286564230918,0.0237698219716548,1.0,0.9149316288530828
2019-01-18,46.81674575805664,0.0202974931619104,1.0,0.5819099470973015,0.34836020041257143,0.06972986366599793,4.0,0.5121800834313035
2019-01-22,45.797393798828125,-0.0217732339726559,-1.0,0.02405957567195093,0.32438627320031327,0.651554194589456,3.0,-0.627494618917505
2019-01-23,45.32805252075195,-0.0102482093225179,-1.0,0.01566173695027823,0.13662007761498285,0.8477181593577067,3.0,-0.8320564224074284
2019-01-24,45.57006454467773,0.0053391224742112,1.0,0.3238435732200741,0.3345554123322169,0.3416010346263647,3.0,-0.017757461406290587
2019-01-25,46.1494026184082,0.0127131282239567,1.0,0.37671022086093825,0.27038719753424323,0.35290256158138317,6.0,0.023807659279555082
2019-01-28,45.68739318847656,-0.0100111681564292,-1.0,0.08838088810443874,0.4868027501340423,0.42481640194143566,7.0,-0.33643551383699694
2019-01-29,45.82672882080078,0.0030497610522317,1.0,0.1866042455658316,0.17662115115672344,0.6367745660245419,4.0,-0.45017032045871025
2019-01-30,46.47207260131836,0.01408225717007,1.0,0.36912762373685837,0.5797594748437405,0.051112878446777636,3.0,0.3180147452900807
2019-01-31,46.772743225097656,0.0064699206845955,1.0,0.37526316605508325,0.17864034138619894,0.44609650745987894,5.0,-0.07083334140479569
2019-02-01,47.58676528930664,0.0174037699754199,1.0,0.3557298587014277,0.428718735360437,0.2155514201149344,9.0,0.14017843858649331
2019-02-04,47.69675827026367,0.0023114195782865,1.0,0.17110367398709056,0.39292444288730616,0.4359718947671353,2.0,-0.2648682207800448
2019-02-05,47.77009582519531,0.0015375794412713,1.0,0.0881861820816993,0.87636598944664,0.0354478200897574,2.0,0.0527383619919419
2019-02-06,47.418094635009766,-0.0073686515403615,-1.0,0.5161697976291179,0.4701999295502901,0.0136302979663014,2.0,0.5025394996628164
2019-02-07,46.36940383911133,-0.0221158358211248,-1.0,0.293506920337677,0.6961540579795837,0.0103390123695135,1.0,0.2831679079681635
2019-02-08,46.15673828125,-0.0045863336651732,-1.0,0.11260557807981963,0.12330447360873216,0.7640899658203125,5.0,-0.6514843877404929
2019-02-11,46.376747131347656,0.004766559732992,1.0,0.17379770614206788,0.25538646491865313,0.5708158190051714,6.0,-0.3970181128631035
2019-02-12,46.96341323852539,0.0126500055192786,1.0,0.4520383238792419,0.13498989008367057,0.4129717364907265,5.0,0.03906658738851543
2019-02-13,47.550079345703125,0.0124919818795554,1.0,0.16922569430122766,0.34654355126743513,0.48423075520743925,6.0,-0.3150050609062116
2019-02-14,47.71875762939453,0.0035473817501978,1.0,0.014523833058774435,0.03747022027770674,0.9480059941609701,3.0,-0.9334821611021956
2019-02-15,48.48877334594727,0.016136541578325,1.0,0.2855046212983628,0.09880862943828102,0.6156867675017565,6.0,-0.33018214620339376
2019-02-19,48.63544845581055,0.0030249292721185,1.0,0.48228817339986557,0.1634443243965506,0.354267516406253,4.0,0.1280206569936126
2019-02-20,48.84077453613281,0.004221737165821,1.0,0.5051868848502636,0.32637655735015864,0.16843655686825512,5.0,0.33675032798200855
2019-02-21,48.0854377746582,-0.0154652903982062,-1.0,0.1996041053906083,0.2853249862790107,0.5150709103792905,5.0,-0.31546680498868224
2019-02-22,48.22477722167969,0.0028977472904472,1.0,0.39368964607516926,0.4512591079498331,0.15505121524135268,6.0,0.23863843083381658
2019-02-25,48.30543518066406,0.0016725418681273,1.0,0.2325492361560463,0.29169558547437185,0.4757551709190011,6.0,-0.2432059347629548
2019-02-26,48.15143585205078,-0.0031880331485953,-1.0,0.18604142917320132,0.3137040548026562,0.5002545275104543,6.0,-0.31421309833725297
2019-02-27,48.33477783203125,0.0038076118964303,1.0,0.2299447134137153,0.4280624948441982,0.341992755420506,2.0,-0.1120480420067907
2019-02-28,47.85076904296875,-0.0100136756756074,-1.0,0.28115660085209776,0.296137555369309,0.4227058472377913,7.0,-0.14154924638569355
2019-03-01,48.73077392578125,0.0183906110688059,1.0,0.3145204689353704,0.6656406847760081,0.01983886957168575,4.0,0.29468159936368465
2019-03-04,48.81878662109375,0.0018061009136967,1.0,0.5111099245647589,0.21097600956757864,0.27791402985652286,3.0,0.23319589470823604
2019-03-05,48.65744400024414,-0.0033049289426603,-1.0,0.10543703536192572,0.6761552294095358,0.21840774640440938,3.0,-0.11297071104248366
2019-03-06,48.04143905639648,-0.0126600349957669,-1.0,0.21412060409784311,0.15230376273393625,0.6335756480693816,2.0,-0.4194550439715385
2019-03-07,47.75542449951172,-0.0059534968665073,-1.0,,,,,
2019-03-08,46.86074447631836,-0.0187346261198558,-1.0,0.040192911401391,0.01331953657791015,0.9464875161647797,2.0,-0.9062946047633886
2019-03-11,47.59408950805664,0.0156494532883251,1.0,0.6830669268965721,0.2854896895587444,0.03144338051788505,4.0,0.651623546378687
2019-03-12,47.902099609375,0.006471604026929,1.0,0.40462997059027356,0.5574007891118526,0.03796924557536837,3.0,0.3666607250149052
2019-03-13,48.38610076904297,0.0101039654548511,1.0,0.062105073283115965,0.32957221101969475,0.6083227080913881,6.0,-0.5462176348082721
2019-03-14,48.437442779541016,0.0010610900585503,1.0,0.45959084481000895,0.0917832143604755,0.44862596504390234,2.0,0.010964879766106606
2019-03-15,48.41822052001953,-0.0003968471169911,-1.0,0.15235369652509687,0.8016970753669739,0.0459492141380906,2.0,0.10640448238700627
2019-03-18,49.09080505371094,0.0138911452438306,1.0,0.3265266939997673,0.49925363436341286,0.1742196748964488,2.0,0.1523070191033185
2019-03-19,48.957767486572266,-0.0027100302590905,-1.0,0.48510789871215815,0.0416343547403812,0.47325771627947694,2.0,0.011850182432681211
2019-03-20,49.38643646240234,0.0087558930449114,1.0,0.20273504569195208,0.3747450385708362,0.4225199038628489,8.0,-0.2197848581708968
2019-03-21,49.73381805419922,0.0070339473078067,1.0,0.01770656183362,0.156337097287178,0.8259562849998474,1.0,-0.8082497231662275
2019-03-22,48.388671875,-0.027046911575003,-1.0,0.25855454088499147,0.4169676825404167,0.3244777756432692,3.0,-0.06592323475827772
2019-03-25,48.410831451416016,0.0004579496720484,1.0,0.03903087290624773,0.3742151471475759,0.5867539849132299,3.0,-0.5477231120069822
2019-03-26,49.1055908203125,0.0143513207285796,1.0,0.7863724827766418,0.2037821263074875,0.0098454877734184,1.0,0.7765269950032234
2019-03-27,48.75820159912109,-0.0070743313620353,-1.0,0.37153481692075724,0.5268356651067734,0.1016295233275741,2.0,0.26990529359318316
2019-03-28,48.94297790527344,0.0037896456409844,1.0,0.0612011179327964,0.0214983187615871,0.9173005223274232,1.0,-0.8560994043946268
2019-03-29,48.86907196044922,-0.0015100418484396,-1.0,,,,,
2019-04-01,49.5120735168457,0.0131576379620401,1.0,0.46374559774994845,0.04083852656185625,0.4954159315675497,2.0,-0.03167033381760126
2019-04-02,49.17210006713867,-0.0068664757009492,-1.0,0.5444834365376404,0.1519986292613404,0.303517921029457,7.0,0.2409655155081834
2019-04-03,48.6990852355957,-0.0096195775835712,-1.0,0.1614225306548178,0.25751703884452576,0.581060454249382,4.0,-0.4196379235945642
2019-04-04,49.1055908203125,0.0083472940559399,1.0,0.1208228275645524,0.26116498839110136,0.6180121768265963,4.0,-0.49718934926204383
2019-04-05,49.97032165527344,0.0176096208296356,1.0,0.3062609952175989,0.2265044567175209,0.46723457111511374,8.0,-0.16097357589751482
2019-04-08,50.19204711914063,0.0044371430185459,1.0,0.4045085897669196,0.2341887063036362,0.36130271743362147,6.0,0.043205872333298145
2019-04-09,49.578609466552734,-0.0122218097845617,-1.0,0.4522701483219862,0.04072239063680165,0.5070074312388897,2.0,-0.054737282916903496
2019-04-10,49.76337814331055,0.0037267821495168,1.0,0.45396016786495846,0.31190223619341845,0.23413757483164466,3.0,0.2198225930333138
2019-04-11,49.800331115722656,0.0007425736312693,1.0,0.06768897920846935,0.4535843823105097,0.4787266245111823,2.0,-0.411037645302713
2019-04-12,49.93338394165039,0.0026717257284605,1.0,0.41473597288131714,0.5076395608484745,0.07762449025176463,4.0,0.3371114826295525
2019-04-15,49.63774108886719,-0.0059207453900715,-1.0,0.039597248037656095,0.0971510497232278,0.8632517059644064,3.0,-0.8236544579267503
2019-04-16,49.96293258666992,0.0065512952577866,1.0,0.47492831479758024,0.21793899390225605,0.3071326725184917,6.0,0.16779564227908855
2019-04-17,49.89641189575195,-0.0013314008500717,-1.0,0.07384920865297309,0.46688275784254063,0.4592680404894054,2.0,-0.38541883183643233
2019-04-18,49.6599006652832,-0.0047400448545857,-1.0,0.2794725292672713,0.038236574580272,0.6822908967733383,3.0,-0.40281836750606703
2019-04-22,50.70942306518555,0.0211342025626735,1.0,0.5731429029256105,0.29190655394146836,0.13495054841041562,12.0,0.4381923545151949
2019-04-23,50.62812042236328,-0.001603304433532,-1.0,0.35955273511353875,0.40775591041892767,0.23269134049769485,16.0,0.1268613946158439
2019-04-24,49.741207122802734,-0.0175181952670078,-1.0,0.43480633990839124,0.13785470090806481,0.42733893450349564,4.0,0.0074674054048955996
2019-04-25,49.58599090576172,-0.0031204754773604,-1.0,0.3333257306367159,0.3589764414355159,0.3076978093013167,4.0,0.025627921335399206
2019-04-26,48.94297790527344,-0.0129676343810558,-1.0,0.021067599921176784,0.3584648932640751,0.6204675252859791,6.0,-0.5993999253648024
2019-04-29,48.89863967895508,-0.0009059159907305,-1.0,0.23250975925475356,0.3196383053436875,0.4478519469266757,8.0,-0.21534218767192212
2019-04-30,48.86167907714844,-0.000755861554622,-1.0,0.2627518493682146,0.5138202384114265,0.2234279089607298,4.0,0.0393239404074848
2019-05-01,47.88607406616211,-0.0199666697791112,-1.0,0.04180744243785735,0.46226970478892326,0.49592284113168716,4.0,-0.45411539869382983
2019-05-02,47.0508918762207,-0.0174410244779613,-1.0,,,,,
2019-05-03,47.486961364746094,0.0092680387371313,1.0,0.11510596175988509,0.09241844465335207,0.7924755613009135,3.0,-0.6773695995410284
2019-05-06,47.53130340576172,0.0009337729713854,1.0,0.661775141954422,0.0961368083953857,0.24208807572722432,2.0,0.41968706622719765
2019-05-07,47.1174201965332,-0.0087075922512646,-1.0,0.32313435047399247,0.4231851799413562,0.25368049682583654,8.0,0.06945385364815593
2019-05-08,47.1174201965332,0.0,0.0,0.5090598434209823,0.44116578064858913,0.04977435376495118,5.0,0.4592854896560311
2019-05-09,47.1174201965332,0.0,0.0,0.07542010396718973,0.5175005545218786,0.40707936696708197,3.0,-0.33165926299989223
2019-05-10,47.33913803100586,0.004705644611862,1.0,0.4340561255812645,0.5372409770886103,0.028702902918060602,3.0,0.4053532226632039
2019-05-13,46.52614212036133,-0.0171738638357132,-1.0,0.1396810250977675,0.07592353845636043,0.7843954761823019,3.0,-0.6447144510845344
2019-05-14,47.09523010253906,0.0122315746855934,1.0,0.22337429702747608,0.47652800800278783,0.3000977009069174,8.0,-0.07672340387944132
2019-05-15,47.33913803100586,0.0051790367715742,1.0,0.442697437480092,0.5154938362538815,0.0418086918070912,2.0,0.4008887456730008
2019-05-16,47.59783172607422,0.0054646895957193,1.0,0.28332807961851353,0.5357598634436727,0.18091202899813646,4.0,0.10241605062037706
2019-05-17,47.1174201965332,-0.0100931389544336,-1.0,0.04349138277272377,0.05300861038267607,0.9035000403722128,3.0,-0.860008657599489
2019-05-20,47.13958358764648,0.0004703863458743,1.0,0.04693131366123753,0.2674708080788453,0.6855978866418203,3.0,-0.6386665729805828
2019-05-21,47.6865119934082,0.0116023172912596,1.0,0.1969426749274134,0.26913805119693274,0.5339192599058151,2.0,-0.3369765849784017
2019-05-22,46.94741821289063,-0.0154990111379866,-1.0,0.0198552496731281,0.03290880192071195,0.9472359716892242,2.0,-0.9273807220160961
2019-05-23,45.37314987182617,-0.0335325860503273,-1.0,0.1513831643387675,0.3680993178859353,0.48051752895116795,2.0,-0.3291343646124004
2019-05-24,45.54313278198242,0.0037463325917734,1.0,0.4062782824039459,0.0480253174901008,0.5456964373588562,1.0,-0.13941815495491028
2019-05-28,45.07011413574219,-0.0103861683934788,-1.0,0.130096361041069,0.8612921833992004,0.0086114602163434,1.0,0.1214849008247256
2019-05-29,44.78186798095703,-0.0063955053212648,-1.0,0.08001920348033305,0.48302218317985535,0.43695857375860214,2.0,-0.3569393702782691
2019-05-30,44.21276473999024,-0.0127083408224237,-1.0,0.34367777481675144,0.06234422288835047,0.5939779972657562,5.0,-0.25030022244900474
2019-05-31,43.43670654296875,-0.0175528085969152,-1.0,0.01678224327042695,0.2462688088417053,0.7369489371776581,2.0,-0.7201666939072311
2019-06-03,43.99102783203125,0.0127615865285308,1.0,0.10314379353076215,0.24738685041666025,0.6494693756103516,2.0,-0.5463255820795894
2019-06-04,44.7523078918457,0.017305348325145,1.0,0.0146836722269654,0.0509174801409244,0.934398889541626,1.0,-0.9197152173146605
2019-06-05,44.25710678100586,-0.0110653759362894,-1.0,,,,,
2019-06-06,45.07750701904297,0.0185371412120687,1.0,0.2169847041368484,0.1239008083939552,0.6591144800186157,1.0,-0.44212977588176733
2019-06-07,45.28445053100586,0.0045908375517631,1.0,0.3687881678342819,0.49434368312358856,0.13686817511916155,2.0,0.23191999271512037
2019-06-10,45.41748809814453,0.0029378200591743,1.0,0.1311296994487444,0.5296557750552893,0.3392145046964288,3.0,-0.20808480524768438
2019-06-11,45.50617980957031,0.0019528097026,1.0,0.0336811318993568,0.0826600044965744,0.8836588859558105,1.0,-0.8499777540564537
2019-06-12,44.86317443847656,-0.0141300670323136,-1.0,0.32074476648122074,0.31797226220369335,0.3612829441204667,5.0,-0.04053817763924594
2019-06-13,45.38792037963867,0.0116965851777102,1.0,0.2647859264165163,0.18860664069652552,0.5466074436903,5.0,-0.2818215172737837
2019-06-14,45.09228515625,-0.0065135221203326,-1.0,0.06161493218193447,0.3383545633405447,0.6000304815048972,6.0,-0.5384155493229628
2019-06-17,45.46923065185547,0.0083594232206087,1.0,0.0343136452138423,0.0338058806955814,0.9318804740905762,1.0,-0.8975668288767339
2019-06-18,46.09745788574219,0.0138165353774484,1.0,0.5358202811330557,0.0995045648887753,0.36467514745891094,4.0,0.17114513367414474
2019-06-19,46.04572296142578,-0.0011222945188135,-1.0,0.27993495967239135,0.4835794247686863,0.23648562598973513,5.0,0.043449333682656216
2019-06-20,47.065677642822266,0.0221509103516723,1.0,0.5302223563194275,0.0656327009201049,0.4041449129581451,1.0,0.1260774433612824
2019-06-21,47.40578079223633,0.0072261394384902,1.0,0.31613186332914567,0.35597731607655686,0.32789081562724376,9.0,-0.011758952298098091
2019-06-24,46.98065185546875,-0.0089678712102807,-1.0,0.12820135305325187,0.22785596301158265,0.643942654132843,3.0,-0.5157413010795912
2019-06-25,46.607723236083984,-0.0079379192211305,-1.0,0.44127643480896944,0.0995038785040378,0.45921972393989563,2.0,-0.017943289130926188
2019-06-26,47.32373809814453,0.0153625796830643,1.0,0.40949230641126627,0.1834509428590536,0.4070568233728408,2.0,0.0024354830384254456
2019-06-27,46.97319030761719,-0.0074074408450225,-1.0,0.3531667359173297,0.5215739801526069,0.12525928411632772,5.0,0.227907451801002
2019-06-28,47.51765823364258,0.0115910357048305,1.0,0.27118666221698123,0.47402898718913394,0.2547843332091967,3.0,0.016402329007784544
2019-07-01,47.56241607666016,0.000941920218322,1.0,0.27408506920827286,0.43259978480637074,0.2933151279576122,14.0,-0.019230058749339363
2019-07-02,46.8016357421875,-0.015995409763172,-1.0,0.17653234675526616,0.30270955090721446,0.5207581073045731,3.0,-0.34422576054930687
2019-07-03,46.98811721801758,0.0039845076539062,1.0,0.3534886687994003,0.25882298871874804,0.3876883350312709,2.0,-0.03419966623187065
2019-07-05,47.05522918701172,0.0014282753378422,1.0,0.14713595062494275,0.3154734155784051,0.5373906195163727,3.0,-0.3902546688914299
2019-07-08,47.12236022949219,0.0014266436194301,1.0,0.36296163126826286,0.48873770236968994,0.1483006794005632,2.0,0.21466095186769965
2019-07-09,47.15965270996094,0.0007913967018444,1.0,0.272009597858414,0.21770173218101263,0.5102886867243797,4.0,-0.23827908886596566
2019-07-10,47.76377868652344,0.0128102295468113,1.0,0.20079068404932812,0.05089621307949219,0.7483131090799967,3.0,-0.5475224250306686
2019-07-11,47.86074066162109,0.0020300314959169,1.0,0.18558216731374458,0.070305034207801,0.7441127697626749,3.0,-0.5585306024489304
2019-07-12,48.06211853027344,0.0042075794454605,1.0,0.37607548199594015,0.0279309637844562,0.5959935635328292,2.0,-0.21991808153688902
2019-07-15,47.6295280456543,-0.0090006536925054,-1.0,0.3364289903547614,0.37290899083018303,0.29066201113164425,4.0,0.04576697922311718
2019-07-16,47.12236022949219,-0.0106481805924252,-1.0,0.123017318546772,0.1262369155883789,0.7507457137107849,1.0,-0.6277283951640129
2019-07-17,46.585357666015625,-0.0113959182193185,-1.0,0.0243352688848972,0.0196502264589071,0.9560145735740662,1.0,-0.9316793046891689
2019-07-18,46.59281539916992,0.0001600874937521,1.0,0.2510833659519751,0.1281444660077492,0.6207721531391143,3.0,-0.36968878718713916
2019-07-19,46.80910873413086,0.0046422035910023,1.0,0.29225738098223997,0.31406904260317486,0.3936736285686493,3.0,-0.10141624758640932
2019-07-22,47.0254020690918,0.0046207531143021,1.0,0.4142363825812935,0.07149423871721534,0.5142693833581038,7.0,-0.10003300077681027
2019-07-23,47.152191162109375,0.0026961830721041,1.0,0.3293415978550911,0.4984518885612487,0.17220650985836974,2.0,0.15713508799672135
2019-07-24,47.35357284545898,0.0042708870656138,1.0,0.38980992635091144,0.14457267522811887,0.46561740649243194,3.0,-0.0758074801415205
2019-07-25,46.81655883789063,-0.0113405172049196,-1.0,0.028416190063580826,0.2001135181635618,0.7714702934026718,4.0,-0.7430541033390909
2019-07-26,46.577884674072266,-0.005098071488868,-1.0,0.8760266502698263,0.0662043566505114,0.0577690210193395,3.0,0.8182576292504868
2019-07-29,46.39144134521485,-0.0040028294578434,-1.0,0.7151939868927002,0.22026967070996756,0.0645363815128803,2.0,0.6506576053798199
2019-07-30,46.91352462768555,0.0112538706996769,1.0,0.40962895564734936,0.26665633792678517,0.3237147023901343,6.0,0.08591425325721508
2019-07-31,46.76436233520508,-0.0031795157934572,-1.0,0.10898735218991833,0.19238352030515668,0.698629155755043,3.0,-0.5896418035651247
2019-08-01,45.70525360107422,-0.0226477745283729,-1.0,0.15202767075970763,0.41421107121277595,0.4337612612871453,8.0,-0.2817335905274377
2019-08-02,45.04891586303711,-0.0143602252766339,-1.0,0.34108326025307173,0.021104992832988452,0.6378117329441011,4.0,-0.29672847269102937
2019-08-05,43.70640563964844,-0.0298011660806738,-1.0,0.07292811634639894,0.3941426097104947,0.5329292894651492,3.0,-0.4600011731187502
2019-08-06,43.65418243408203,-0.0011948638832709,-1.0,0.4528583446517586,0.0744600854814052,0.47268156521022314,2.0,-0.019823220558464527
2019-08-07,43.326019287109375,-0.0075173357665828,-1.0,0.0186729510314762,0.02724401280283925,0.9540829956531525,2.0,-0.9354100446216763
2019-08-08,44.57157516479492,0.0287484495040173,1.0,0.4477660097181797,0.3007839829660952,0.25145001173950726,4.0,0.19631599797867244
2019-08-09,44.07931900024414,-0.0110441724962772,-1.0,0.776250958442688,0.0632870644330978,0.1604619622230529,1.0,0.6157889962196351
2019-08-12,43.55723190307617,-0.0118442641358655,-1.0,0.646929919719696,0.0705256909132003,0.2825443744659424,1.0,0.36438554525375366
2019-08-13,43.9599838256836,0.0092464994906846,1.0,0.08467191706101092,0.6117156023780504,0.3036124821131428,3.0,-0.21894056505213189
2019-08-14,42.23708724975586,-0.0391923842092303,-1.0,0.016295730136334848,0.0212676636874675,0.9624366462230682,2.0,-0.9461409160867333
2019-08-15,41.97603988647461,-0.0061805247539354,-1.0,0.1625804156064987,0.057856410741806,0.7795631885528564,1.0,-0.6169827729463577
2019-08-16,42.52797317504883,0.0131487698712631,1.0,0.2833249002695083,0.35915587693452833,0.3575192209333181,5.0,-0.07419432066380982
2019-08-19,43.46772766113281,0.0220973259698005,1.0,0.314930369456609,0.03699076982835923,0.6480788352588812,3.0,-0.3331484658022722
2019-08-20,43.10226440429688,-0.0084076917865368,-1.0,0.18510495238006114,0.3971653491258621,0.4177296902984381,5.0,-0.23262473791837696
2019-08-21,43.378231048583984,0.0064026020001768,1.0,0.14741135388612744,0.17788897827267647,0.6746996492147445,2.0,-0.527288295328617
2019-08-22,43.1843147277832,-0.0044703602731884,-1.0,0.21977356572945908,0.5368066728115082,0.24341979902237645,3.0,-0.023646233292917374
2019-08-23,41.73737335205078,-0.0335061789182801,-1.0,0.03162079894294333,0.11851779868205382,0.8498614430427551,3.0,-0.8182406440998118
2019-08-26,41.9163818359375,0.0042889254763782,1.0,0.31867138016968966,0.0398069135844707,0.641521692276001,2.0,-0.3228503121063113
2019-08-27,41.65533065795898,-0.006227903424496,-1.0,0.9194501638412476,0.0415589846670627,0.0389907881617546,1.0,0.880459375679493
2019-08-28,42.25201034545898,0.0143242096047555,1.0,0.4371708435937762,0.4796209433116018,0.08320815488696091,4.0,0.3539626887068153
2019-08-29,42.871055603027344,0.0146512616206178,1.0,,,,,
2019-08-30,42.871055603027344,0.0,0.0,0.6657840212186178,0.158952717979749,0.17526328315337494,3.0,0.4905207380652429
2019-09-03,42.6622200012207,-0.004871249351553,-1.0,0.039531588554382276,0.1357958996668458,0.824672520160675,4.0,-0.7851409316062927
2019-09-04,43.25889587402344,0.0139860483768932,1.0,0.48015532270073896,0.0422504004091024,0.47759430762380367,2.0,0.0025610150769352913
2019-09-05,43.79590606689453,0.0124138672987621,1.0,0.13964535668492312,0.8394301235675812,0.020924494601786102,4.0,0.11872086208313701
2019-09-06,44.0271110534668,0.0052791460968777,1.0,0.0847842947890361,0.5873059593141079,0.32790974775950105,3.0,-0.24312545297046495
2019-09-09,44.907203674316406,0.0199897881053521,1.0,0.1432593762874603,0.8412925004959106,0.015448160469532,1.0,0.1278112158179283
2019-09-10,45.43676376342773,0.0117923194005105,1.0,0.0438284017145633,0.6710073351860046,0.2851642668247223,1.0,-0.24133586511015898
2019-09-11,45.48149871826172,0.0009845541611834,1.0,0.12390415277332066,0.47977850958704943,0.3963173292577266,2.0,-0.27241317648440594
2019-09-12,45.19808578491211,-0.0062313894954348,-1.0,0.054743016449113634,0.48208865833779174,0.46316828827063244,3.0,-0.40842527182151883
2019-09-13,45.55608367919922,0.0079206428340956,1.0,,,,,
2019-09-16,47.08506393432617,0.0335625921203819,1.0,0.23330692374812703,0.3843556893989444,0.3823373850568065,28.0,-0.14903046130867945
2019-09-17,46.42872619628906,-0.0139394042015651,-1.0,0.215782611532823,0.4361821830174641,0.3480352133904632,19.0,-0.13225260185764023
2019-09-18,46.20497894287109,-0.0048191555476242,-1.0,0.09441211353987453,0.6522110104560852,0.2533769051078707,4.0,-0.15896479156799617
2019-09-19,46.085636138916016,-0.0025828992174767,-1.0,0.18849836010485885,0.5345488935708999,0.2769527584314346,6.0,-0.08845439832657573
2019-09-20,46.12326431274414,0.0008164837676256,1.0,0.38209819747135043,0.14937633741647,0.4685254350770265,4.0,-0.08642723760567605
2019-09-23,46.138328552246094,0.0003266082686561,1.0,0.2711837738752365,0.4371960163116455,0.2916202275082469,4.0,-0.020436453633010387
2019-09-24,45.40823745727539,-0.0158239606392321,-1.0,0.03706968637804183,0.5954588875174522,0.3674714850882688,3.0,-0.330401798710227
2019-09-25,45.48350524902344,0.001657580121203,1.0,0.12709432778259114,0.4887994493668278,0.38410623309512926,6.0,-0.25701190531253815
2019-09-26,44.88889694213867,-0.0130730537065969,-1.0,0.027588476116458534,0.33903390541672707,0.6333776141206423,3.0,-0.6057891380041838
2019-09-27,44.881385803222656,-0.0001673273220702,-1.0,0.22765915561467404,0.040955269243568175,0.7313855811953545,4.0,-0.5037264255806804
2019-09-30,44.5577278137207,-0.0072114081084972,-1.0,0.2664758441969752,0.39633973004917306,0.337184422959884,3.0,-0.07070857876290881
2019-10-01,43.52658081054688,-0.0231418219412952,-1.0,0.012890481079618066,0.029081595440705568,0.958027919133504,3.0,-0.945137438053886
2019-10-02,42.45780563354492,-0.0245545401706119,-1.0,0.023846520297229258,0.4010309841483831,0.575122494623065,5.0,-0.5512759743258357
2019-10-03,42.91692733764648,0.0108135994607034,1.0,0.13988320808857677,0.48320045322179783,0.3769163675606251,2.0,-0.2370331594720483
2019-10-04,43.18787384033203,0.0063132782212924,1.0,0.2682191708590835,0.2790388115681708,0.45274198753759265,4.0,-0.18452281667850917
2019-10-07,42.80401992797852,-0.0088880020760604,-1.0,0.0163226295262575,0.0396245680749416,0.9440526962280272,1.0,-0.9277300667017697
2019-10-08,42.07393646240234,-0.0170564228968357,-1.0,0.0538735501468181,0.015433020889759,0.9306934475898744,1.0,-0.8768198974430563
2019-10-09,42.45780563354492,0.0091236809155144,1.0,0.2177012558095157,0.47916179336607456,0.30313694570213556,14.0,-0.08543568989261988
2019-10-10,42.9921875,0.0125861866500438,1.0,0.14297845922410485,0.6278070598840714,0.22921451255679126,5.0,-0.08623605333268641
2019-10-11,43.571739196777344,0.013480395636471,1.0,0.7400318384170532,0.14345630258321757,0.1165118683129549,2.0,0.6235199701040983
2019-10-14,43.54916000366211,-0.000518207295175,-1.0,0.3049586633220315,0.23922358378767963,0.45581774339079856,5.0,-0.15085908006876708
2019-10-15,43.72979736328125,0.0041478953808511,1.0,0.18911573849618432,0.4258000420938645,0.3850842083671263,7.0,-0.195968469870942
2019-10-16,43.12014389038086,-0.0139413742953289,-1.0,0.21285402867943043,0.18797193095088,0.5991740450263023,4.0,-0.3863200163468719
2019-10-17,43.15024566650391,0.0006980908087779,1.0,0.7107486724853516,0.0599112622439861,0.2293400466442108,1.0,0.48140862584114075
2019-10-18,42.92444610595703,-0.0052328684821871,-1.0,0.03750355029478666,0.329098423144647,0.6333980467170477,7.0,-0.595894496422261
2019-10-21,43.69215774536133,0.0178851845288634,1.0,0.19677596120163796,0.2922242102213204,0.5109998360276222,4.0,-0.31422387482598424
2019-10-22,44.25666046142578,0.0129200008695928,1.0,0.2922972783978496,0.22778482043317383,0.47991789637931753,7.0,-0.18762061798146795
2019-10-23,44.62547302246094,0.0083334927938498,1.0,0.1703161397017538,0.47287851944565773,0.35680533293634653,4.0,-0.18648919323459273
2019-10-24,44.43730545043945,-0.0042165955737157,-1.0,0.3411252242513001,0.42598235374316573,0.23289242875762278,4.0,0.10823279549367731
2019-10-25,44.798587799072266,0.0081301587702193,1.0,0.4599804386962205,0.31996856909245247,0.22005098545923824,4.0,0.23992945323698228
2019-10-28,44.54267883300781,-0.0057124337760877,-1.0,0.02749669412150975,0.11766387894749637,0.854839488863945,4.0,-0.8273427947424352
2019-10-29,44.72330474853516,0.004055120173722,1.0,0.482604516359667,0.18622343645741538,0.3311720448546111,6.0,0.1514324715050559
2019-10-30,43.812599182128906,-0.0203631098266745,-1.0,0.03473427767554913,0.27863491202394164,0.6866308252016703,3.0,-0.6518965475261211
2019-10-31,43.62442779541016,-0.0042949149384293,-1.0,0.08194749094545838,0.33638571575284004,0.5816667735576629,5.0,-0.49971928261220455
2019-11-01,44.617942810058594,0.0227742818612501,1.0,0.10038162568317986,0.24619388793195998,0.6534245008868831,7.0,-0.5530428752037032
2019-11-04,46.07058334350586,0.0325573175713467,1.0,0.5000137748817602,0.47752974430720013,0.022456474912663237,3.0,0.477557299969097
2019-11-05,46.13079833984375,0.0013070161471349,1.0,0.45361423771828413,0.2739690747112036,0.2724166689440608,4.0,0.18119756877422333
2019-11-06,45.1899642944336,-0.0203949222486691,-1.0,0.1059697456657886,0.4778344519436359,0.4161957772448659,2.0,-0.3102260315790773
2019-11-07,45.86736297607422,0.0149900247149357,1.0,0.20199914152423534,0.4715755991637707,0.3264252450317144,6.0,-0.12442610350747904
2019-11-08,45.67919921875,-0.004102345221424,-1.0,0.10199440177530048,0.43576593417674303,0.4622396589256823,4.0,-0.3602452571503818
2019-11-11,45.42329406738281,-0.0056022249895778,-1.0,0.1076845712959766,0.4667645310983062,0.4255509134382009,2.0,-0.3178663421422243
2019-11-12,45.1899642944336,-0.0051367867025029,-1.0,0.0448952205479145,0.2877236306667328,0.6673811078071594,1.0,-0.6224858872592449
2019-11-13,44.99427795410156,-0.0043303052655021,-1.0,0.07434737179428334,0.4467058602720499,0.4789467530325055,5.0,-0.40459938123822214
2019-11-14,44.87384414672852,-0.0026766471838017,-1.0,0.036858208477497045,0.47490625549107784,0.4882355183362961,2.0,-0.45137730985879904
2019-11-15,45.22007369995117,0.007715620531429,1.0,0.4842292470857501,0.4718838054686785,0.04388696979731317,4.0,0.44034227728843695
2019-11-18,44.67062759399414,-0.012150491164671,-1.0,,,,,
2019-11-19,44.0082893371582,-0.0148271536020457,-1.0,0.24991872223714984,0.11098130109409488,0.6390999373979867,3.0,-0.3891812151608368
2019-11-20,44.45235061645508,0.0100904008309619,1.0,0.6553047299385071,0.2600769102573395,0.0846183598041534,1.0,0.5706863701343536
2019-11-21,45.18243789672852,0.0164240421518493,1.0,0.31779039651155466,0.5372777059674263,0.14493190143257378,5.0,0.17285849507898088
2019-11-22,45.03191375732422,-0.0033314744934381,-1.0,0.2364058494567871,0.644474446773529,0.119119681417942,1.0,0.1172861680388451
2019-11-25,45.07707214355469,0.0010028085076247,1.0,0.5999556183815002,0.0841296538710594,0.3159146904945373,1.0,0.28404092788696295
2019-11-26,44.6631088256836,-0.009183456204803,-1.0,0.6682360072930654,0.2585570259640614,0.07320696084449684,3.0,0.5950290464485686
2019-11-27,44.775997161865234,0.002527552137542,1.0,0.25468463823199267,0.2749030701816082,0.47041230276227,2.0,-0.2157276645302773
2019-11-29,44.32440185546875,-0.0100856560438836,-1.0,0.22018695622682566,0.2606932912021875,0.5191197325475514,4.0,-0.29893277632072573
2019-12-02,44.32440185546875,0.0,0.0,0.34935457948595283,0.27245542854070665,0.37818998061120507,5.0,-0.028835401125252236
2019-12-03,43.662052154541016,-0.014943229309388,-1.0,0.21095208823680875,0.3460784964263439,0.4429694339632988,2.0,-0.23201734572649005
2019-12-04,44.31687545776367,0.0149975383865357,1.0,0.21022530893484748,0.14434185872475302,0.6454328348239263,3.0,-0.43520752588907885
2019-12-05,44.10612869262695,-0.0047554517993393,-1.0,0.1934302428271621,0.3199007483199238,0.48666900931857526,4.0,-0.29323876649141317
2019-12-06,44.94911575317383,0.0191126967052945,1.0,0.23835818593700722,0.5496860121687254,0.2119558068613211,3.0,0.026402379075686128
2019-12-09,44.89643096923828,-0.0011720983394835,-1.0,0.02275323681533335,0.0349391903728246,0.9423075914382935,2.0,-0.9195543546229601
2019-12-10,44.98674774169922,0.0020116693133764,1.0,0.26530337966978546,0.34471273943781855,0.38998388648033144,5.0,-0.12468050681054599
2019-12-11,44.91148376464844,-0.0016730255203805,-1.0,0.14435362563069373,0.2311615246747221,0.6244848599391324,7.0,-0.4801312343084386
2019-12-12,45.73941040039063,0.0184346311086227,1.0,0.32683527469635004,0.19368905325730637,0.4794756658375263,3.0,-0.15264039114117628
2019-12-13,45.393192291259766,-0.0075693609974454,-1.0,0.4858554967989524,0.11901855717102679,0.39512597893675167,3.0,0.09072951786220074
2019-12-16,46.00285339355469,0.013430672563919,1.0,0.21228795452043414,0.10854048468172545,0.6791715448101362,6.0,-0.46688359028970206
2019-12-17,46.03295135498047,0.000654262925134,1.0,0.12004919489845628,0.0760102730710059,0.803940542973578,8.0,-0.6838913480751216
2019-12-18,46.2060661315918,0.0037606708133128,1.0,0.0667200461030006,0.0169489923864603,0.916330873966217,1.0,-0.8496108278632164
2019-12-19,46.191009521484375,-0.000325857866033,-1.0,0.40280778845772147,0.20226388145238156,0.39492832589894533,4.0,0.00787946255877614
2019-12-20,46.63409805297852,0.0095925275520998,1.0,0.059166428322593306,0.03523748492201164,0.9055960575739542,3.0,-0.8464296292513609
2019-12-23,47.11289978027344,0.010267202482419,1.0,0.25448481428126485,0.47447532912095386,0.2710398298998673,3.0,-0.016555015618602453
2019-12-24,47.0900993347168,-0.0004839533474478,-1.0,0.3416920304298401,0.0358943827450275,0.6224136352539062,1.0,-0.28072160482406616
2019-12-26,47.07489776611328,-0.0003228187839542,-1.0,0.4776553148403763,0.03269508201628915,0.4896496385335923,2.0,-0.011994323693215958
2019-12-27,46.87729644775391,-0.0041975942112743,-1.0,0.33225044608116144,0.28807684779167175,0.37967268330976367,2.0,-0.047422237228602226
2019-12-30,46.72936630249024,-0.0031556884989846,-1.0,0.39320785738527775,0.3160210093483329,0.2907711500301957,4.0,0.10243670735508204
2019-12-31,46.995487213134766,0.0056949394289205,1.0,0.9099480509757996,0.0588794685900211,0.0311724245548248,1.0,0.8787756264209747
2020-01-02,47.41817474365234,0.0089942153083888,1.0,0.7589021921157837,0.20960535605748495,0.031492452447613,3.0,0.7274097396681707
2020-01-03,47.27727890014648,-0.0029713468362617,-1.0,0.15587424611051873,0.4281847469198206,0.41594101302325726,6.0,-0.26006676691273856
2020-01-06,47.64515686035156,0.0077812845570506,1.0,0.13184388726949686,0.11125841364264485,0.7568977177143097,2.0,-0.6250538304448128
2020-01-07,47.51991653442383,-0.0026286055956288,-1.0,0.22662561076382792,0.1296653014918168,0.643709099230667,6.0,-0.41708348846683907
2020-01-08,46.737186431884766,-0.0164716219981583,-1.0,0.11284039542078969,0.29452485218644137,0.5926347387333711,9.0,-0.4797943433125814
2020-01-09,47.08159255981445,0.007368995744569,1.0,0.1252114279195666,0.5580861506362756,0.31670244410634035,6.0,-0.19149101618677375
2020-01-10,46.815460205078125,-0.0056525775842909,-1.0,0.4337122328579426,0.023189706727862303,0.5430980138480663,2.0,-0.10938578099012375
2020-01-13,46.83112335205078,0.000334572102977,1.0,0.09459678828716275,0.45475244149565697,0.45065074414014816,2.0,-0.3560539558529854
2020-01-14,46.83894348144531,0.0001669857315986,1.0,0.44093507025390866,0.17321226149797436,0.38585264831781385,5.0,0.055082421936094805
2020-01-15,46.49454116821289,-0.0073529052457994,-1.0,0.17364065612976745,0.03946319253494337,0.7868961580097675,6.0,-0.6132555018800001
2020-01-16,46.57281112670898,0.0016834225379902,1.0,0.482651530764997,0.1166932266205549,0.40065523423254484,4.0,0.08199629653245216
2020-01-17,46.27536392211914,-0.0063867135651438,-1.0,0.7060565873980522,0.2169266520068049,0.07701674243435258,4.0,0.6290398449636996
2020-01-21,45.4456787109375,-0.0179293071055689,-1.0,0.4047793513163924,0.46058359928429127,0.13463701028376812,4.0,0.2701423410326243
2020-01-22,45.00733947753906,-0.0096453446363193,-1.0,0.328543592360802,0.3384768164250999,0.33297959750052536,8.0,-0.004436005139723365
2020-01-23,44.83513259887695,-0.0038261954752524,-1.0,0.13499459624290464,0.40307091251015664,0.46193450801074504,5.0,-0.32693991176784043
2020-01-24,44.31853485107422,-0.0115221639339073,-1.0,0.031179518438875627,0.08266998222097749,0.886150524020195,4.0,-0.8549710055813193
2020-01-27,43.089630126953125,-0.0277289113516645,-1.0,0.0427520163357257,0.0430508181452751,0.9141972064971924,1.0,-0.8714451901614667
2020-01-28,43.28530883789063,0.0045412019170503,1.0,0.3911809932440519,0.1410542137920856,0.467764793895185,5.0,-0.07658380065113307
2020-01-29,42.83133316040039,-0.010487985177383,-1.0,0.31500954623334104,0.27888031303882593,0.40611016517505044,4.0,-0.0911006189417094
2020-01-30,43.17573547363281,0.0080408964143763,1.0,0.2249151838145085,0.1258610489645174,0.649223747929292,7.0,-0.42430856411478357
2020-01-31,41.82942962646485,-0.0311820014737246,-1.0,0.07968884582320847,0.27584246049324673,0.6444687141726414,6.0,-0.564779868349433
2020-02-03,41.281517028808594,-0.013098734612188,-1.0,0.04807777206103003,0.20806992674867308,0.7438523303717375,6.0,-0.6957745583107074
2020-02-04,41.43024063110352,0.0036026680461171,1.0,0.3460901729995384,0.1572789677884429,0.49663086351938546,8.0,-0.15054069051984703
2020-02-05,42.987884521484375,0.0375967859865979,1.0,0.20829425690074754,0.2694054578120509,0.5223002682129542,6.0,-0.3140060113122066
2020-02-06,42.549537658691406,-0.0101969861432444,-1.0,0.4897288091480732,0.30961485356092455,0.20065635275095697,5.0,0.2890724563971162
2020-02-07,42.25210571289063,-0.0069902509443605,-1.0,0.0412024157121777,0.33084401302039623,0.6279535889625549,2.0,-0.5867511732503772
2020-02-10,42.04076766967773,-0.0050018345748015,-1.0,0.05448515538591886,0.5193668878637254,0.42614798329304904,8.0,-0.3716628279071302
2020-02-11,42.51041412353516,0.0111712149870224,1.0,0.44380202679894865,0.29671764746308327,0.2594803676474839,4.0,0.18432165915146476
2020-02-12,43.081809997558594,0.0134413151648664,1.0,0.27896227687597275,0.699880450218916,0.0211572658270597,5.0,0.25780501104891307
2020-02-13,42.94873809814453,-0.0030888186782682,-1.0,0.12266854507227737,0.36135506567855674,0.515976396906707,9.0,-0.3933078518344297
2020-02-14,42.72175979614258,-0.0052848654478107,-1.0,0.38889398891478777,0.2491901852190494,0.3619158219546079,5.0,0.02697816696017985
2020-02-18,42.36952209472656,-0.008244924907045,-1.0,0.8984667062759399,0.0315311625599861,0.0700022056698799,1.0,0.82846450060606
2020-02-19,42.93308639526367,0.0133011719904967,1.0,0.59328817948699,0.03797332942485803,0.36873845880230266,3.0,0.22454972068468732
2020-02-20,42.88612747192383,-0.0010937700333844,-1.0,0.0389692336320877,0.0224769283086061,0.9385539293289183,1.0,-0.8995846956968306
2020-02-21,42.377349853515625,-0.0118634544175452,-1.0,0.1360322833061218,0.054502934217453,0.8094647526741028,1.0,-0.673432469367981
2020-02-24,40.420509338378906,-0.0461765665361535,-1.0,0.21345872133970256,0.22130347602069378,0.5652377843856812,5.0,-0.3517790630459786
2020-02-25,38.6358642578125,-0.0441519691309753,-1.0,0.1833634753711521,0.21772196423262352,0.5989145471248776,8.0,-0.41555107175372547
2020-02-26,37.46958923339844,-0.0301863319694791,-1.0,0.03614190369844432,0.27100153341889377,0.6928565263748169,5.0,-0.6567146226763726
2020-02-27,35.46577835083008,-0.0534783253183428,-1.0,0.014116478152573067,0.05106271617114536,0.9348207910855612,3.0,-0.920704312932988
2020-02-28,35.434471130371094,-0.0008827444910214,-1.0,0.09559682104736562,0.5481458182136217,0.3562573647747436,3.0,-0.260660543727378
2020-03-02,36.86688232421875,0.040424229518694,1.0,0.38878311654552816,0.2391086913645267,0.37210818221792574,5.0,0.01667493432760242
2020-03-03,35.7397346496582,-0.0305734470478968,-1.0,0.386798092092459,0.3435001095327047,0.2697017851930398,13.0,0.11709630689941924
2020-03-04,36.5850944519043,0.023653219883494,1.0,0.1876762621104717,0.34355924526850384,0.4687645236651103,3.0,-0.2810882615546386
2020-03-05,35.24661636352539,-0.0365853391505796,-1.0,0.3486331173218787,0.30438480414450164,0.3469820926897228,10.0,0.0016510246321558841
2020-03-06,33.26629638671875,-0.0561846832723482,-1.0,0.06976288425115243,0.36041814492394525,0.5698189691950878,12.0,-0.5000560849439354
2020-03-09,26.566070556640625,-0.2014118359371416,-1.0,0.10107308533042665,0.13397523636619246,0.7649516914453771,18.0,-0.6638786061149504
2020-03-10,27.82627487182617,0.0474366095090617,1.0,0.2483040362815646,0.4063729676691925,0.3453229895847685,17.0,-0.09701895330320387
2020-03-11,26.354734420776367,-0.0528831278289326,-1.0,0.3085714590270072,0.29618576518259937,0.3952427736949175,8.0,-0.08667131466791028
2020-03-12,23.06724166870117,-0.1247401206776552,-1.0,0.034691719338297795,0.33324461927016574,0.6320636806388696,3.0,-0.5973719613005718
2020-03-13,25.1962833404541,0.0922971936710459,1.0,0.31812124016384274,0.0395321678370237,0.6423466304937998,3.0,-0.32422539032995706
2020-03-16,21.76789665222168,-0.1360671588705286,-1.0,0.16891892591956997,0.23810714157298205,0.5929739083512686,16.0,-0.42405498243169865
2020-03-17,21.916614532470703,0.0068319820984561,1.0,0.03340716656440721,0.13839589030696792,0.8281969143650852,13.0,-0.794789747800678
2020-03-18,18.77001571655273,-0.1435713901549944,-1.0,0.010076818366845399,0.05623061458269751,0.933692561255561,9.0,-0.9236157428887156
2020-03-19,20.045879364013672,0.0679734991556664,1.0,0.12332091527059669,0.24214580406745273,0.6345332788924376,15.0,-0.5112123636218409
2020-03-20,20.241565704345703,0.0097619234745733,1.0,0.19466687570540947,0.170289251093681,0.6350438937258261,13.0,-0.4403770180204167
2020-03-23,18.86193084716797,-0.0681585049955665,-1.0,0.0489223869517445,0.05090330851574735,0.9001742700735728,6.0,-0.8512518831218283
2020-03-24,21.886877059936523,0.1603730942117591,1.0,0.20999270780012008,0.13512972444295882,0.6548775557428599,15.0,-0.4448848479427398
2020-03-25,22.9192008972168,0.0471663378221247,1.0,0.16621660208329556,0.3338255030526356,0.49995787060734903,11.0,-0.3337412685240535
2020-03-26,24.319643020629883,0.0611034446485936,1.0,0.04900903875629102,0.1757141324794954,0.7752768427340521,9.0,-0.726267803977761
2020-03-27,22.671123504638672,-0.0677855145568051,-1.0,0.17830741656944155,0.24078289959579702,0.5809096694923938,10.0,-0.4026022529229522
2020-03-30,22.90320205688477,0.0102367468554707,1.0,0.10750020202249284,0.03980155102908605,0.8526982367038727,2.0,-0.7451980346813798
2020-03-31,23.255306243896484,0.0153735790365554,1.0,0.1503464020788669,0.39184631055427915,0.45780726749863887,9.0,-0.30746086541977197
2020-04-01,22.10294914245605,-0.0495524371665876,-1.0,0.09506489600365357,0.3254115544259548,0.5795235248903433,6.0,-0.4844586288866897
2020-04-02,24.127582550048828,0.0916001477695931,1.0,0.2455140054225921,0.33955144706894363,0.41493454904240723,17.0,-0.16942054361981512
2020-04-03,23.87150382995605,-0.0106135258085463,-1.0,0.15703315318872527,0.33304851036518807,0.509918357556065,18.0,-0.3528852043673397
2020-04-06,25.135900497436523,0.0529667789883347,1.0,0.07687999401241535,0.4560845738107508,0.46703543209216813,11.0,-0.3901554380797528
2020-04-07,25.672069549560547,0.0213308073915514,1.0,0.0996446710079908,0.3058263406157493,0.5945289760828019,10.0,-0.49488430507481107
2020-04-08,27.38460731506348,0.0667082083973338,1.0,0.26034964481368655,0.20216685145472482,0.537483495970567,12.0,-0.27713385115688044
2020-04-09,27.13652610778809,-0.0090591478789958,-1.0,0.29371941206045443,0.35096958130598066,0.3553110155276954,20.0,-0.06159160346724096
2020-04-13,27.048503875732425,-0.0032436809231231,-1.0,0.2558039393948598,0.19215654752527672,0.5520395039477282,18.0,-0.29623556455286837
2020-04-14,26.920459747314453,-0.0047338710120987,-1.0,0.05944086664489333,0.414720750280789,0.5258383881300688,7.0,-0.46639752148517544
2020-04-15,25.656064987182617,-0.0469677996586952,-1.0,0.13928715283559123,0.24334596622396595,0.617366892539642,11.0,-0.4780797397040508
2020-04-16,24.55971336364746,-0.0427326491448659,-1.0,0.17825069325044746,0.17171663697808978,0.650032672798261,8.0,-0.4717819795478136
2020-04-17,27.16853904724121,0.1062237838433104,1.0,0.28446688205003734,0.38543999306857585,0.3300931263715029,10.0,-0.04562624432146556
2020-04-20,26.32027053833008,-0.0312224557763721,-1.0,0.07682241761887611,0.16908194514160801,0.754095643420111,11.0,-0.677273225801235
2020-04-21,25.856121063232425,-0.0176346772128241,-1.0,0.16434687939049167,0.339685367081653,0.49596774362196977,22.0,-0.3316208642314781
2020-04-22,26.77641868591309,0.0355930272924553,1.0,0.2923242149322673,0.30733570566883794,0.4003400763289796,27.0,-0.10801586139671232
2020-04-23,27.64068984985352,0.0322773248386318,1.0,0.27601179320897373,0.41229233325326015,0.31169587234035134,14.0,-0.03568407913137761
2020-04-24,27.704708099365234,0.0023160872561238,1.0,0.05531334054345882,0.3955617205550273,0.5491249493788928,12.0,-0.49381160883543396
2020-04-27,28.30488586425781,0.0216633852535095,1.0,0.13354861643165344,0.43355752900242805,0.43289385829120874,4.0,-0.2993452418595553
2020-04-28,28.95310401916504,0.0229012813553073,1.0,0.09440309181809425,0.3323632730171084,0.5732335895299911,2.0,-0.4788304977118969
2020-04-29,31.097774505615234,0.0740739398798333,1.0,0.06941603131902709,0.23074692115187642,0.6998370488484701,6.0,-0.630421017529443
2020-04-30,30.40955352783203,-0.0221308755602087,-1.0,0.2134156258932004,0.0640216811249653,0.7225627115306755,6.0,-0.5091470856374751
2020-05-01,28.689014434814453,-0.0565789001618478,-1.0,0.02103604050353165,0.4817827958613634,0.49718110822141165,2.0,-0.47614506771788
2020-05-04,29.681331634521484,0.0345887518012066,1.0,0.5319989634056886,0.40064188092947,0.0673591326922178,3.0,0.4646398307134708
2020-05-05,29.70532989501953,0.0008085304525264,1.0,0.40039728085199994,0.5521911333004633,0.047411563185354035,3.0,0.3529857176666459
2020-05-06,28.929088592529297,-0.026131381312159,-1.0,0.24387711457287267,0.3363561925167839,0.41976670858760673,6.0,-0.17588959401473406
2020-05-07,29.681331634521484,0.0260029983172871,1.0,0.0464875008910894,0.6092733293771744,0.3442391045391559,2.0,-0.2977516036480665
2020-05-08,31.03374481201172,0.0455644374094483,1.0,,,,,
2020-05-11,30.48958778381348,-0.0175343656234364,-1.0,0.023510517552494947,0.3398034665733575,0.6366860121488571,2.0,-0.6131754945963621
2020-05-12,29.95341110229492,-0.0175855667620147,-1.0,0.12162223039194936,0.408324453048408,0.4700533114373684,4.0,-0.34843108104541903
2020-05-13,28.59298515319824,-0.0454180642214885,-1.0,0.34979708120226854,0.1402013190090656,0.510001577436924,2.0,-0.16020449623465544
2020-05-14,28.913089752197266,0.0111952143955567,1.0,0.0357428975403308,0.0707703158259391,0.8934867978096008,1.0,-0.85774390026927
2020-05-15,28.80104637145996,-0.0038751783948925,-1.0,0.2437362605705857,0.11054387316107744,0.6457198411226273,2.0,-0.40198358055204153
2020-05-18,31.153789520263672,0.0816895024736021,1.0,0.3587924600578844,0.2005605725571513,0.44064699579030275,4.0,-0.08185453573241835
2020-05-19,30.28151130676269,-0.0279991046653768,-1.0,0.30914575606584543,0.30096138610194123,0.3898928163883586,6.0,-0.08074706032251316
2020-05-20,31.48990058898925,0.0399051840572004,1.0,0.5483515127561986,0.23267806818087897,0.21897040928403533,6.0,0.3293811034721633
2020-05-21,30.985727310180664,-0.0160106341836112,-1.0,0.19935715869069096,0.2227107908576727,0.5779320631176234,5.0,-0.3785749044269324
2020-05-22,30.793672561645508,-0.0061981681634452,-1.0,0.15270446209857858,0.21888562726477778,0.6284099314361811,6.0,-0.4757054693376025
2020-05-26,31.649951934814453,0.0278069909152527,1.0,0.4117295865435153,0.054503852967172826,0.5337666058912873,4.0,-0.122037019347772
2020-05-27,32.05807876586914,0.0128950221439594,1.0,0.1417811895953491,0.5671271262690425,0.29109167004935443,8.0,-0.14931048045400533
2020-05-28,31.16179084777832,-0.0279582542870616,-1.0,0.8766753971576691,0.0670506432652473,0.056273971218615756,2.0,0.8204014259390533
2020-05-29,31.017745971679688,-0.0046224838874722,-1.0,0.11502781851838027,0.4152241600677371,0.46974801396330196,6.0,-0.35472019544492167
2020-06-01,31.56191635131836,0.0175438402305414,1.0,0.2106385007500648,0.48113668523728853,0.30822482006624335,2.0,-0.09758631931617856
2020-06-02,32.44219207763672,0.0278904397476988,1.0,0.4650246533565223,0.055730387568473774,0.47924494091421366,4.0,-0.014220287557691336
2020-06-03,33.394493103027344,0.0293537817392761,1.0,0.2666223146021366,0.5031113870441912,0.2302662929520011,5.0,0.03635602165013549
2020-06-04,33.40250015258789,0.0002397715556228,1.0,0.063924965634942,0.1267222076654434,0.8093528270721435,5.0,-0.7454278614372015
2020-06-05,35.883277893066406,0.0742692232361628,1.0,0.16310365094492832,0.0657122954726219,0.7711840768655142,3.0,-0.6080804259205859
2020-06-08,37.499786376953125,0.0450490751905101,1.0,0.1718599514570087,0.06738751241937274,0.7607525438070297,4.0,-0.588892592350021
2020-06-09,36.091339111328125,-0.0375588077080517,-1.0,0.31637443291644257,0.33450396855672193,0.34912160535653425,3.0,-0.032747172440091676
2020-06-10,34.31478500366211,-0.0492238346209881,-1.0,0.3233939548954367,0.6309795584529638,0.04562649538274849,8.0,0.2777674595126882
2020-06-11,31.081764221191406,-0.0942165536553899,-1.0,0.24419786843160785,0.22031982553501916,0.5354823016872009,3.0,-0.29128443325559306
2020-06-12,31.86601448059082,0.0252318450721891,1.0,0.16591976694762703,0.2075612865388393,0.626518914103508,5.0,-0.460599147155881
2020-06-15,31.96203994750977,0.0030134131451373,1.0,0.5321882439777255,0.22744900211691851,0.24036276321858163,5.0,0.29182548075914383
2020-06-16,32.8823356628418,0.0287933973189258,1.0,0.9216787815093994,0.0374701209366321,0.040851142257452,1.0,0.8808276392519474
2020-06-17,31.76198005676269,-0.0340716552974412,-1.0,0.4731877990998327,0.062225860077887725,0.4645863382611424,4.0,0.008601460838690345
2020-06-18,32.15410232543945,0.0123456493573759,1.0,0.4337562844157219,0.021525355055928203,0.5447183959186077,2.0,-0.11096211150288582
2020-06-19,31.66595458984375,-0.0151815071885709,-1.0,0.4164467034861445,0.5091013126075268,0.0744519587606191,2.0,0.3419947447255254
2020-06-22,31.812658309936523,0.0046328532328479,1.0,0.308926448225975,0.3248411171138286,0.3662324085831642,5.0,-0.05730596035718921
2020-06-23,31.84507369995117,0.0010189462854326,1.0,0.1325247883796692,0.3526192605495453,0.5148559808731079,1.0,-0.3823311924934387
2020-06-24,30.07815742492676,-0.0554847601130569,-1.0,0.21508465955654774,0.2577807009220123,0.5271345774332682,3.0,-0.31204991787672043
2020-06-25,30.65361595153809,0.0191321070131254,1.0,0.2579267107260724,0.2328157347316543,0.5092575380889078,6.0,-0.25133082736283546
2020-06-26,29.59184837341309,-0.0346375964194111,-1.0,0.08909979322925204,0.0440143402665853,0.8668858408927917,2.0,-0.7777860476635396
2020-06-29,29.98900032043457,0.0134209915517917,1.0,0.37746839225292206,0.2000977794329325,0.42243384445707005,3.0,-0.04496545220414799
2020-06-30,30.67793273925781,0.0229728370889974,1.0,0.0999370142817497,0.0351610817015171,0.8649019598960876,1.0,-0.7649649456143379
2020-07-01,29.932268142700195,-0.0243062204645687,-1.0,0.46650804579257965,0.0355064123868942,0.49798558652400976,2.0,-0.03147754073143011
2020-07-02,30.264572143554688,0.0111018650264074,1.0,0.4808949548751115,0.4137184722349047,0.1053865626454353,4.0,0.37550839222967625
2020-07-06,30.35372734069824,0.0029458601536034,1.0,0.08508852301165458,0.17130113402381533,0.743610330671072,10.0,-0.6585218076594174
2020-07-07,29.389217376708984,-0.0317756680477273,-1.0,0.14393632635474202,0.43030026033520696,0.42576339542865754,5.0,-0.2818270690739155
2020-07-08,29.364896774291992,-0.0008275348780217,-1.0,0.4777988288551568,0.031325484625995104,0.49087575078010554,2.0,-0.013076921924948748
2020-07-09,27.914081573486328,-0.0494064464778165,-1.0,0.08130753040313715,0.27597492747008795,0.6427175253629684,2.0,-0.5614099949598312
2020-07-10,28.805652618408203,0.0319398308905394,1.0,0.6206497674187025,0.17185127673049763,0.2074989417257408,6.0,0.4131508256929617
2020-07-13,28.65164566040039,-0.0053464144710748,-1.0,0.12417863756418224,0.12851459756493563,0.7473067656159401,5.0,-0.6231281280517579
2020-07-14,29.65668487548828,0.0350778879161193,1.0,0.48835519701242447,0.2037115171551704,0.3079332634806633,2.0,0.18042193353176117
2020-07-15,30.296998977661133,0.0215908859962321,1.0,0.5547250993549824,0.08579672640189523,0.3594781942665577,4.0,0.19524690508842468
2020-07-16,30.15920829772949,-0.0045479976427117,-1.0,0.10913762450218197,0.37018193552891415,0.5206804253781835,3.0,-0.41154280087600154
2020-07-17,29.73773765563965,-0.0139748576265369,-1.0,0.7480910420417786,0.2331793159246444,0.0187296140938997,1.0,0.7293614279478788
