Date,Price,Return,Sign
2018-03-20,47.900123596191406,,
2018-03-21,49.15442657470703,0.026185798372665436,1.0
2018-03-22,48.15097427368164,-0.020414281499150477,-1.0
2018-03-23,47.85711669921875,-0.006102837562385721,-1.0
2018-03-26,48.71721649169922,0.017972244293073203,1.0
2018-03-27,48.258487701416016,-0.009416153534990368,-1.0
2018-03-28,47.319557189941406,-0.01945627714825926,-1.0
2018-03-29,48.31584548950195,0.021054472161720073,1.0
2018-04-02,47.34821701049805,-0.02002714573657105,-1.0
2018-04-03,48.358829498291016,0.021344256481060198,1.0
2018-04-04,48.2943229675293,-0.0013339142289207073,-1.0
2018-04-05,49.16158676147461,0.017957882845327733,1.0
2018-04-06,48.2728271484375,-0.0180783345612755,-1.0
2018-04-09,48.50219345092773,0.004751457829162087,1.0
2018-04-10,50.107704162597656,0.03310181658679645,1.0
2018-04-11,50.63090515136719,0.010441527855113097,1.0
2018-04-12,50.623756408691406,-0.00014119326238404284,-1.0
2018-04-13,51.18281555175781,0.011043414845651967,1.0
2018-04-16,51.70602798461914,0.010222423819811866,1.0
2018-04-17,51.9067497253418,0.003881979501159316,1.0
2018-04-18,52.72380828857422,0.01574089241872767,1.0
2018-04-19,52.78832626342773,0.00122369716732873,1.0
2018-04-20,52.5374641418457,-0.004752227231645034,-1.0
2018-04-23,52.86001205444336,0.006139388679415658,1.0
2018-04-24,52.29378509521485,-0.010711820471121403,-1.0
2018-04-25,52.70949172973633,0.007949446263348037,1.0
2018-04-26,53.47638320922852,0.01454940000985716,1.0
2018-04-27,52.91015625,-0.010588355555257722,-1.0
2018-04-30,52.90299987792969,-0.00013525516795864778,-1.0
2018-05-01,52.58047866821289,-0.006096463536302221,-1.0
2018-05-02,52.79550552368164,0.004089480752459185,1.0
2018-05-03,52.67364501953125,-0.002308160570519191,-1.0
2018-05-04,52.931671142578125,0.00489858112061925,1.0
2018-05-07,53.00334930419922,0.0013541639641041492,1.0
2018-05-08,53.4190673828125,0.007843241683225921,1.0
2018-05-09,54.50850296020508,0.020394133233091694,1.0
2018-05-10,54.91706085205078,0.007495305679996012,1.0
2018-05-11,54.99591064453125,0.001435797751319745,1.0
2018-05-14,55.37577438354492,0.00690712699474938,1.0
2018-05-15,55.39010620117188,0.00025881024304408307,1.0
2018-05-16,55.583641052246094,0.003494032857985774,1.0
2018-05-17,56.42221832275391,0.015086763922492974,1.0
2018-05-18,55.985008239746094,-0.007748899210357707,-1.0
2018-05-21,56.55840301513672,0.010241934285963872,1.0
2018-05-22,55.80583190917969,-0.013306088323526755,-1.0
2018-05-23,55.79866790771485,-0.00012837370611185062,-1.0
2018-05-24,54.8812370300293,-0.016441806087609256,-1.0
2018-05-25,53.45489501953125,-0.025989611161964077,-1.0
2018-05-29,53.29004287719727,-0.0030839484816824747,-1.0
2018-05-30,54.90273666381836,0.030262572509791585,1.0
2018-05-31,54.487003326416016,-0.0075721787776804605,-1.0
2018-06-01,54.74504089355469,0.00473576360206196,1.0
2018-06-04,54.2719841003418,-0.008641089411782432,-1.0
2018-06-05,54.14298248291016,-0.0023769467722632998,-1.0
2018-06-06,54.4010009765625,0.0047655020432939565,1.0
2018-06-07,55.22528076171875,0.015151923133020606,1.0
2018-06-08,55.11773681640625,-0.0019473680138725191,-1.0
2018-06-11,55.40445709228516,0.005201960248004456,1.0
2018-06-12,54.9815673828125,-0.0076327741785876535,-1.0
2018-06-13,54.77371597290039,-0.0037803834958892724,-1.0
2018-06-14,54.69486618041992,-0.0014395552881509843,-1.0
2018-06-15,53.520111083984375,-0.0214783430049984,-1.0
2018-06-18,54.05409622192383,0.009977280075176287,1.0
2018-06-19,53.931434631347656,-0.0022692376554142024,-1.0
2018-06-20,54.16953659057617,0.004414901269659932,1.0
2018-06-21,53.16655349731445,-0.01851562993500311,-1.0
2018-06-22,54.22728729248047,0.019951148332750135,1.0
2018-06-25,53.1376953125,-0.020093057100637246,-1.0
2018-06-26,53.80875778198242,0.012628746232517862,1.0
2018-06-27,54.53034973144531,0.013410306782895232,1.0
2018-06-28,54.45819091796875,-0.0013232780246584808,-1.0
2018-06-29,54.79733657836914,0.006227633615506045,1.0
2018-07-02,53.98915481567383,-0.014748559203045963,-1.0
2018-07-03,54.32831573486328,0.006282019423111906,1.0
2018-07-05,54.27056503295898,-0.0010629945199506219,-1.0
2018-07-06,54.60249328613281,0.0061161746330125055,1.0
2018-07-09,55.41789245605469,0.014933368805137626,1.0
2018-07-10,55.82920455932617,0.007422009120928719,1.0
2018-07-11,54.64580154418945,-0.02119684535141797,-1.0
2018-07-12,54.73960876464844,0.0017166409460227516,1.0
2018-07-13,55.02824783325195,0.005272947233593062,1.0
2018-07-16,54.39323043823242,-0.011539843989650134,-1.0
2018-07-17,54.1767692565918,-0.0039795610574450135,-1.0
2018-07-18,54.21285629272461,0.0006660979720274351,1.0
2018-07-19,54.22728729248047,0.0002661914671666654,1.0
2018-07-20,54.039669036865234,-0.003459849551449956,-1.0
2018-07-23,53.80153274536133,-0.004406694114678089,-1.0
2018-07-24,54.4798469543457,0.01260771160916141,1.0
2018-07-25,54.93442916870117,0.008344043527442446,1.0
2018-07-26,55.533348083496094,0.01090243266123081,1.0
2018-07-27,55.29523468017578,-0.004287755223443379,-1.0
2018-07-30,55.74983215332031,0.008221277579775199,1.0
2018-07-31,55.6488037109375,-0.0018121748260150339,-1.0
2018-08-01,54.87671661376953,-0.01387428023032633,-1.0
2018-08-02,54.57363128662109,-0.005523022255168875,-1.0
2018-08-03,54.2922248840332,-0.005156453692992002,-1.0
2018-08-06,54.4942741394043,0.0037215136385120307,1.0
2018-08-07,54.89836502075195,0.007415290647122541,1.0
2018-08-08,54.50148391723633,-0.007229379296917138,-1.0
2018-08-09,53.996360778808594,-0.009268062117258946,-1.0
2018-08-10,54.32831573486328,0.006147728314775058,1.0
2018-08-13,53.63558578491211,-0.012750808497945743,-1.0
2018-08-14,53.76545333862305,0.002421294590343903,1.0
2018-08-15,51.88934326171875,-0.034894341262004636,-1.0
2018-08-16,52.26456451416016,0.007231181372808537,1.0
2018-08-17,52.394439697265625,0.0024849567639710912,1.0
2018-08-20,52.7480354309082,0.006748726309235176,1.0
2018-08-21,53.01501083374024,0.005061333576711791,1.0
2018-08-22,53.6500129699707,0.011977779995591797,1.0
2018-08-23,53.3974494934082,-0.004707612590958088,-1.0
2018-08-24,53.78712844848633,0.007297707264580788,1.0
2018-08-27,54.18398666381836,0.007378312001022902,1.0
2018-08-28,53.953067779541016,-0.00426175515120486,-1.0
2018-08-29,54.28501892089844,0.006152590668501379,1.0
2018-08-30,54.13347244262695,-0.0027916814119989253,-1.0
2018-08-31,53.714962005615234,-0.007731084265013233,-1.0
2018-09-04,53.59950637817383,-0.0021494128103327625,-1.0
2018-09-05,53.52734756469727,-0.001346258918271337,-1.0
2018-09-06,52.53875732421875,-0.0184688815242271,-1.0
2018-09-07,52.53154754638672,-0.00013722779523583917,-1.0
2018-09-10,52.50990676879883,-0.00041195773965696514,-1.0
2018-09-11,53.00779724121094,0.009481838819564548,1.0
2018-09-12,53.282005310058594,0.005172976111417649,1.0
2018-09-13,53.30365753173828,0.00040637024739753613,1.0
2018-09-14,53.58506774902344,0.0052793791329910356,1.0
2018-09-17,53.67165756225586,0.0016159317673718476,1.0
2018-09-18,54.02522277832031,0.006587559097729345,1.0
2018-09-19,54.19119644165039,0.00307215139141781,1.0
2018-09-20,54.20563888549805,0.0002665090419844418,1.0
2018-09-21,54.56381988525391,0.006607818063218085,1.0
2018-09-24,55.36302947998047,0.014647244207008692,1.0
2018-09-25,55.719024658203125,0.006430196858201009,1.0
2018-09-26,55.18138122558594,-0.00964918958856964,-1.0
2018-09-27,55.18138122558594,0.0,0.0
2018-09-28,55.02880859375,-0.0027649295549926345,-1.0
2018-10-01,55.79169464111328,0.013863393863299489,1.0
2018-10-02,55.84981918334961,0.0010418135281644592,1.0
2018-10-03,56.30026245117188,0.008065259197053365,1.0
2018-10-04,56.067779541015625,-0.0041293397230232065,-1.0
2018-10-05,56.06052017211914,-0.00012947487765546661,-1.0
2018-10-08,56.01691055297852,-0.0007779025061973588,-1.0
2018-10-09,56.51824569702149,0.008949710705106195,1.0
2018-10-10,54.74544525146485,-0.031366869648787876,-1.0
2018-10-11,52.89275741577149,-0.03384186259118582,-1.0
2018-10-12,53.038082122802734,0.002747535090464215,1.0
2018-10-15,52.59486770629883,-0.008356531736530393,-1.0
2018-10-16,53.030799865722656,0.008288492365037703,1.0
2018-10-17,52.69659805297852,-0.0063020322829441255,-1.0
2018-10-18,52.43503952026367,-0.004963480421485533,-1.0
2018-10-19,51.97004318237305,-0.008868045912522438,-1.0
2018-10-22,51.39606475830078,-0.011044409219712614,-1.0
2018-10-23,50.05195999145508,-0.026151900406511608,-1.0
2018-10-24,48.07573699951172,-0.03948342866654453,-1.0
2018-10-25,48.66424179077149,0.01224120165366882,1.0
2018-10-26,48.30097579956055,-0.007464741622252746,-1.0
2018-10-29,47.400047302246094,-0.018652387087439548,-1.0
2018-10-30,48.49713134765625,0.02314520992805358,1.0
2018-10-31,48.795021057128906,0.006142419173975622,1.0
2018-11-01,49.20915222167969,0.008487160279445627,1.0
2018-11-02,49.08565521240234,-0.002509634970361163,-1.0
2018-11-05,49.90663528442383,0.01672545815002291,1.0
2018-11-06,50.13913345336914,0.00465866247284108,1.0
2018-11-07,50.96014022827149,0.01637457048726043,1.0
2018-11-08,49.85578536987305,-0.021670954072174564,-1.0
2018-11-09,49.76860046386719,-0.0017487420037423096,-1.0
2018-11-12,48.73689651489258,-0.020730017307270754,-1.0
2018-11-13,47.61800765991211,-0.022957737053252214,-1.0
2018-11-14,47.53808975219727,-0.0016783127149210264,-1.0
2018-11-15,48.23556900024414,0.014672008313388885,1.0
2018-11-16,48.80954360961914,0.011899405796832019,1.0
2018-11-19,48.795021057128906,-0.0002975351010529037,-1.0
2018-11-20,47.19661331176758,-0.032757599253618985,-1.0
2018-11-21,47.93770217895508,0.015702161981243856,1.0
2018-11-23,46.43374252319336,-0.031373211217912034,-1.0
2018-11-26,47.1312255859375,0.01502103911602104,1.0
2018-11-27,47.00045394897461,-0.0027746283984159126,-1.0
2018-11-28,47.80692672729492,0.01715882955504755,1.0
2018-11-29,48.11933898925781,0.006534874407321478,1.0
2018-11-30,48.03215026855469,-0.0018119268164217273,-1.0
2018-12-03,49.10017395019531,0.022235600023508217,1.0
2018-12-04,47.69066619873047,-0.028706777146952134,-1.0
2018-12-06,46.81154251098633,-0.018433873078660068,-1.0
2018-12-07,46.549991607666016,-0.005587316488426475,-1.0
2018-12-10,45.82344818115234,-0.015607810042956638,-1.0
2018-12-11,45.83796310424805,0.0003167575481952678,1.0
2018-12-12,46.01960372924805,0.003962667900118122,1.0
2018-12-13,46.16492462158203,0.003157804078213422,1.0
2018-12-14,45.111419677734375,-0.022820462775220096,-1.0
2018-12-17,44.2904167175293,-0.01819944852257227,-1.0
2018-12-18,43.24418258666992,-0.023622133373274345,-1.0
2018-12-19,42.73560333251953,-0.011760639783885307,-1.0
2018-12-20,41.55132675170898,-0.02771170846930293,-1.0
2018-12-21,41.14799118041992,-0.009706924009892592,-1.0
2018-12-24,39.48329544067383,-0.04045630641960063,-1.0
2018-12-26,41.93999862670898,0.062221330783457596,1.0
2018-12-27,42.16001129150391,0.005245891082476639,1.0
2018-12-28,41.83734130859375,-0.007653460542957347,-1.0
2018-12-31,42.05733871459961,0.005258398338057635,1.0
2019-01-02,42.886024475097656,0.019703713687675206,1.0
2019-01-03,42.4606819152832,-0.009917975961176717,-1.0
2019-01-04,43.905364990234375,0.034024019629114166,1.0
2019-01-07,44.55804443359375,0.01486559657355202,1.0
2019-01-08,44.9027214050293,0.007735460023368557,1.0
2019-01-09,45.61405944824219,0.015841757937041567,1.0
2019-01-10,45.74605941772461,0.0028938439393275672,1.0
2019-01-11,45.47472381591797,-0.005931343710481651,-1.0
2019-01-14,45.36472702026367,-0.0024188557164099844,-1.0
2019-01-15,45.52606201171875,0.00355639727277568,1.0
2019-01-16,45.46739196777344,-0.0012887133512714533,-1.0
2019-01-17,45.8853874206543,0.009193301722190794,1.0
2019-01-18,46.81674575805664,0.02029749316191043,1.0
2019-01-22,45.797393798828125,-0.02177323397265596,-1.0
2019-01-23,45.32805252075195,-0.01024820932251791,-1.0
2019-01-24,45.57006454467773,0.0053391224742112,1.0
2019-01-25,46.1494026184082,0.01271312822395676,1.0
2019-01-28,45.68739318847656,-0.010011168156429218,-1.0
2019-01-29,45.82672882080078,0.0030497610522317586,1.0
2019-01-30,46.47207260131836,0.014082257170070056,1.0
2019-01-31,46.772743225097656,0.006469920684595509,1.0
2019-02-01,47.58676528930664,0.017403769975419925,1.0
2019-02-04,47.69675827026367,0.002311419578286511,1.0
2019-02-05,47.77009582519531,0.0015375794412713084,1.0
2019-02-06,47.418094635009766,-0.007368651540361593,-1.0
2019-02-07,46.36940383911133,-0.022115835821124863,-1.0
2019-02-08,46.15673828125,-0.004586333665173248,-1.0
2019-02-11,46.376747131347656,0.004766559732992004,1.0
2019-02-12,46.96341323852539,0.01265000551927864,1.0
2019-02-13,47.550079345703125,0.01249198187955547,1.0
2019-02-14,47.71875762939453,0.0035473817501978644,1.0
2019-02-15,48.48877334594727,0.016136541578325003,1.0
2019-02-19,48.63544845581055,0.003024929272118504,1.0
2019-02-20,48.84077453613281,0.004221737165821082,1.0
2019-02-21,48.0854377746582,-0.01546529039820621,-1.0
2019-02-22,48.22477722167969,0.002897747290447228,1.0
2019-02-25,48.30543518066406,0.0016725418681273752,1.0
2019-02-26,48.15143585205078,-0.0031880331485953928,-1.0
2019-02-27,48.33477783203125,0.0038076118964303074,1.0
2019-02-28,47.85076904296875,-0.010013675675607403,-1.0
2019-03-01,48.73077392578125,0.018390611068805907,1.0
2019-03-04,48.81878662109375,0.0018061009136967066,1.0
2019-03-05,48.65744400024414,-0.0033049289426603234,-1.0
2019-03-06,48.04143905639648,-0.012660034995766956,-1.0
2019-03-07,47.75542449951172,-0.005953496866507368,-1.0
2019-03-08,46.86074447631836,-0.01873462611985588,-1.0
2019-03-11,47.59408950805664,0.01564945328832512,1.0
2019-03-12,47.902099609375,0.006471604026929034,1.0
2019-03-13,48.38610076904297,0.01010396545485115,1.0
2019-03-14,48.437442779541016,0.0010610900585503735,1.0
2019-03-15,48.41822052001953,-0.0003968471169911725,-1.0
2019-03-18,49.09080505371094,0.013891145243830616,1.0
2019-03-19,48.957767486572266,-0.0027100302590905567,-1.0
2019-03-20,49.38643646240234,0.008755893044911423,1.0
2019-03-21,49.73381805419922,0.007033947307806709,1.0
2019-03-22,48.388671875,-0.027046911575003052,-1.0
2019-03-25,48.410831451416016,0.00045794967204848547,1.0
2019-03-26,49.1055908203125,0.014351320728579697,1.0
2019-03-27,48.75820159912109,-0.007074331362035391,-1.0
2019-03-28,48.94297790527344,0.003789645640984496,1.0
2019-03-29,48.86907196044922,-0.0015100418484396139,-1.0
2019-04-01,49.5120735168457,0.01315763796204017,1.0
2019-04-02,49.17210006713867,-0.006866475700949226,-1.0
2019-04-03,48.6990852355957,-0.009619577583571237,-1.0
2019-04-04,49.1055908203125,0.008347294055939924,1.0
2019-04-05,49.97032165527344,0.017609620829635686,1.0
2019-04-08,50.19204711914063,0.004437143018545919,1.0
2019-04-09,49.578609466552734,-0.012221809784561777,-1.0
2019-04-10,49.76337814331055,0.0037267821495168274,1.0
2019-04-11,49.800331115722656,0.0007425736312693942,1.0
2019-04-12,49.93338394165039,0.002671725728460528,1.0
2019-04-15,49.63774108886719,-0.005920745390071591,-1.0
2019-04-16,49.96293258666992,0.006551295257786638,1.0
2019-04-17,49.89641189575195,-0.0013314008500717733,-1.0
2019-04-18,49.6599006652832,-0.00474004485458579,-1.0
2019-04-22,50.70942306518555,0.02113420256267351,1.0
2019-04-23,50.62812042236328,-0.0016033044335320712,-1.0
2019-04-24,49.741207122802734,-0.01751819526700782,-1.0
2019-04-25,49.58599090576172,-0.003120475477360496,-1.0
2019-04-26,48.94297790527344,-0.01296763438105586,-1.0
2019-04-29,48.89863967895508,-0.0009059159907305325,-1.0
2019-04-30,48.86167907714844,-0.0007558615546220393,-1.0
2019-05-01,47.88607406616211,-0.019966669779111212,-1.0
2019-05-02,47.0508918762207,-0.017441024477961364,-1.0
2019-05-03,47.486961364746094,0.009268038737131334,1.0
2019-05-06,47.53130340576172,0.0009337729713854159,1.0
2019-05-07,47.1174201965332,-0.008707592251264606,-1.0
2019-05-08,47.1174201965332,0.0,0.0
2019-05-09,47.1174201965332,0.0,0.0
2019-05-10,47.33913803100586,0.00470564461186207,1.0
2019-05-13,46.52614212036133,-0.017173863835713288,-1.0
2019-05-14,47.09523010253906,0.012231574685593438,1.0
2019-05-15,47.33913803100586,0.005179036771574275,1.0
2019-05-16,47.59783172607422,0.00546468959571933,1.0
2019-05-17,47.1174201965332,-0.010093138954433645,-1.0
2019-05-20,47.13958358764648,0.000470386345874374,1.0
2019-05-21,47.6865119934082,0.0116023172912596,1.0
2019-05-22,46.94741821289063,-0.015499011137986685,-1.0
2019-05-23,45.37314987182617,-0.033532586050327384,-1.0
2019-05-24,45.54313278198242,0.0037463325917734824,1.0
2019-05-28,45.07011413574219,-0.010386168393478834,-1.0
2019-05-29,44.78186798095703,-0.006395505321264872,-1.0
2019-05-30,44.21276473999024,-0.01270834082242378,-1.0
2019-05-31,43.43670654296875,-0.017552808596915215,-1.0
2019-06-03,43.99102783203125,0.012761586528530877,1.0
2019-06-04,44.7523078918457,0.017305348325145076,1.0
2019-06-05,44.25710678100586,-0.011065375936289423,-1.0
2019-06-06,45.07750701904297,0.01853714121206873,1.0
2019-06-07,45.28445053100586,0.0045908375517631494,1.0
2019-06-10,45.41748809814453,0.002937820059174312,1.0
2019-06-11,45.50617980957031,0.0019528097026000335,1.0
2019-06-12,44.86317443847656,-0.014130067032313676,-1.0
2019-06-13,45.38792037963867,0.011696585177710217,1.0
2019-06-14,45.09228515625,-0.0065135221203326266,-1.0
2019-06-17,45.46923065185547,0.008359423220608786,1.0
2019-06-18,46.09745788574219,0.013816535377448425,1.0
2019-06-19,46.04572296142578,-0.0011222945188135158,-1.0
2019-06-20,47.065677642822266,0.02215091035167238,1.0
2019-06-21,47.40578079223633,0.007226139438490264,1.0
2019-06-24,46.98065185546875,-0.008967871210280753,-1.0
2019-06-25,46.607723236083984,-0.007937919221130518,-1.0
2019-06-26,47.32373809814453,0.015362579683064315,1.0
2019-06-27,46.97319030761719,-0.007407440845022539,-1.0
2019-06-28,47.51765823364258,0.011591035704830555,1.0
2019-07-01,47.56241607666016,0.0009419202183220676,1.0
2019-07-02,46.8016357421875,-0.01599540976317204,-1.0
2019-07-03,46.98811721801758,0.003984507653906233,1.0
2019-07-05,47.05522918701172,0.0014282753378422886,1.0
2019-07-08,47.12236022949219,0.0014266436194301235,1.0
2019-07-09,47.15965270996094,0.0007913967018444712,1.0
2019-07-10,47.76377868652344,0.012810229546811325,1.0
2019-07-11,47.86074066162109,0.002030031495916962,1.0
2019-07-12,48.06211853027344,0.004207579445460574,1.0
2019-07-15,47.6295280456543,-0.009000653692505467,-1.0
2019-07-16,47.12236022949219,-0.010648180592425227,-1.0
2019-07-17,46.585357666015625,-0.011395918219318513,-1.0
2019-07-18,46.59281539916992,0.00016008749375218123,1.0
2019-07-19,46.80910873413086,0.004642203591002314,1.0
2019-07-22,47.0254020690918,0.004620753114302101,1.0
2019-07-23,47.152191162109375,0.0026961830721041746,1.0
2019-07-24,47.35357284545898,0.004270887065613849,1.0
2019-07-25,46.81655883789063,-0.011340517204919687,-1.0
2019-07-26,46.577884674072266,-0.0050980714888680945,-1.0
2019-07-29,46.39144134521485,-0.004002829457843471,-1.0
2019-07-30,46.91352462768555,0.011253870699676982,1.0
2019-07-31,46.76436233520508,-0.0031795157934572105,-1.0
2019-08-01,45.70525360107422,-0.022647774528372966,-1.0
2019-08-02,45.04891586303711,-0.014360225276633942,-1.0
2019-08-05,43.70640563964844,-0.029801166080673847,-1.0
2019-08-06,43.65418243408203,-0.0011948638832709468,-1.0
2019-08-07,43.326019287109375,-0.007517335766582867,-1.0
2019-08-08,44.57157516479492,0.028748449504017337,1.0
2019-08-09,44.07931900024414,-0.011044172496277205,-1.0
2019-08-12,43.55723190307617,-0.01184426413586559,-1.0
2019-08-13,43.9599838256836,0.009246499490684679,1.0
2019-08-14,42.23708724975586,-0.039192384209230324,-1.0
2019-08-15,41.97603988647461,-0.00618052475393549,-1.0
2019-08-16,42.52797317504883,0.013148769871263122,1.0
2019-08-19,43.46772766113281,0.02209732596980052,1.0
2019-08-20,43.10226440429688,-0.008407691786536886,-1.0
2019-08-21,43.378231048583984,0.006402602000176838,1.0
2019-08-22,43.1843147277832,-0.004470360273188478,-1.0
2019-08-23,41.73737335205078,-0.033506178918280116,-1.0
2019-08-26,41.9163818359375,0.004288925476378269,1.0
2019-08-27,41.65533065795898,-0.006227903424496084,-1.0
2019-08-28,42.25201034545898,0.014324209604755556,1.0
2019-08-29,42.871055603027344,0.014651261620617806,1.0
2019-08-30,42.871055603027344,0.0,0.0
2019-09-03,42.6622200012207,-0.004871249351553031,-1.0
2019-09-04,43.25889587402344,0.013986048376893212,1.0
2019-09-05,43.79590606689453,0.012413867298762149,1.0
2019-09-06,44.0271110534668,0.00527914609687774,1.0
2019-09-09,44.907203674316406,0.019989788105352124,1.0
2019-09-10,45.43676376342773,0.01179231940051051,1.0
2019-09-11,45.48149871826172,0.0009845541611834818,1.0
2019-09-12,45.19808578491211,-0.006231389495434891,-1.0
2019-09-13,45.55608367919922,0.00792064283409566,1.0
2019-09-16,47.08506393432617,0.03356259212038193,1.0
2019-09-17,46.42872619628906,-0.013939404201565142,-1.0
2019-09-18,46.20497894287109,-0.004819155547624243,-1.0
2019-09-19,46.085636138916016,-0.002582899217476786,-1.0
2019-09-20,46.12326431274414,0.0008164837676256642,1.0
2019-09-23,46.138328552246094,0.0003266082686561589,1.0
2019-09-24,45.40823745727539,-0.015823960639232193,-1.0
2019-09-25,45.48350524902344,0.001657580121203095,1.0
2019-09-26,44.88889694213867,-0.013073053706596949,-1.0
2019-09-27,44.881385803222656,-0.00016732732207025425,-1.0
2019-09-30,44.5577278137207,-0.007211408108497297,-1.0
2019-10-01,43.52658081054688,-0.023141821941295215,-1.0
2019-10-02,42.45780563354492,-0.024554540170611983,-1.0
2019-10-03,42.91692733764648,0.010813599460703482,1.0
2019-10-04,43.18787384033203,0.006313278221292462,1.0
2019-10-07,42.80401992797852,-0.008888002076060442,-1.0
2019-10-08,42.07393646240234,-0.017056422896835732,-1.0
2019-10-09,42.45780563354492,0.00912368091551441,1.0
2019-10-10,42.9921875,0.012586186650043851,1.0
2019-10-11,43.571739196777344,0.013480395636471076,1.0
2019-10-14,43.54916000366211,-0.0005182072951750438,-1.0
2019-10-15,43.72979736328125,0.004147895380851141,1.0
2019-10-16,43.12014389038086,-0.013941374295328934,-1.0
2019-10-17,43.15024566650391,0.0006980908087779181,1.0
2019-10-18,42.92444610595703,-0.005232868482187181,-1.0
2019-10-21,43.69215774536133,0.01788518452886345,1.0
2019-10-22,44.25666046142578,0.012920000869592885,1.0
2019-10-23,44.62547302246094,0.008333492793849873,1.0
2019-10-24,44.43730545043945,-0.004216595573715787,-1.0
2019-10-25,44.798587799072266,0.008130158770219387,1.0
2019-10-28,44.54267883300781,-0.005712433776087766,-1.0
2019-10-29,44.72330474853516,0.004055120173722004,1.0
2019-10-30,43.812599182128906,-0.020363109826674552,-1.0
2019-10-31,43.62442779541016,-0.004294914938429373,-1.0
2019-11-01,44.617942810058594,0.02277428186125019,1.0
2019-11-04,46.07058334350586,0.03255731757134672,1.0
2019-11-05,46.13079833984375,0.0013070161471349095,1.0
2019-11-06,45.1899642944336,-0.020394922248669123,-1.0
2019-11-07,45.86736297607422,0.014990024714935712,1.0
2019-11-08,45.67919921875,-0.004102345221424053,-1.0
2019-11-11,45.42329406738281,-0.005602224989577853,-1.0
2019-11-12,45.1899642944336,-0.005136786702502949,-1.0
2019-11-13,44.99427795410156,-0.0043303052655021546,-1.0
2019-11-14,44.87384414672852,-0.0026766471838017836,-1.0
2019-11-15,45.22007369995117,0.007715620531429046,1.0
2019-11-18,44.67062759399414,-0.01215049116467104,-1.0
2019-11-19,44.0082893371582,-0.014827153602045784,-1.0
2019-11-20,44.45235061645508,0.01009040083096191,1.0
2019-11-21,45.18243789672852,0.01642404215184934,1.0
2019-11-22,45.03191375732422,-0.00333147449343818,-1.0
2019-11-25,45.07707214355469,0.0010028085076247972,1.0
2019-11-26,44.6631088256836,-0.009183456204803098,-1.0
2019-11-27,44.775997161865234,0.0025275521375420773,1.0
2019-11-29,44.32440185546875,-0.010085656043883673,-1.0
2019-12-02,44.32440185546875,0.0,0.0
2019-12-03,43.662052154541016,-0.014943229309388073,-1.0
2019-12-04,44.31687545776367,0.014997538386535725,1.0
2019-12-05,44.10612869262695,-0.004755451799339339,-1.0
2019-12-06,44.94911575317383,0.019112696705294585,1.0
2019-12-09,44.89643096923828,-0.0011720983394835072,-1.0
2019-12-10,44.98674774169922,0.002011669313376485,1.0
2019-12-11,44.91148376464844,-0.0016730255203805111,-1.0
2019-12-12,45.73941040039063,0.018434631108622757,1.0
2019-12-13,45.393192291259766,-0.007569360997445429,-1.0
2019-12-16,46.00285339355469,0.013430672563919055,1.0
2019-12-17,46.03295135498047,0.0006542629251340415,1.0
2019-12-18,46.2060661315918,0.003760670813312883,1.0
2019-12-19,46.191009521484375,-0.00032585786603300804,-1.0
2019-12-20,46.63409805297852,0.009592527552099828,1.0
2019-12-23,47.11289978027344,0.01026720248241908,1.0
2019-12-24,47.0900993347168,-0.0004839533474478852,-1.0
2019-12-26,47.07489776611328,-0.00032281878395423735,-1.0
2019-12-27,46.87729644775391,-0.0041975942112743025,-1.0
2019-12-30,46.72936630249024,-0.0031556884989846212,-1.0
2019-12-31,46.995487213134766,0.00569493942892052,1.0
2020-01-02,47.41817474365234,0.008994215308388842,1.0
2020-01-03,47.27727890014648,-0.002971346836261768,-1.0
2020-01-06,47.64515686035156,0.007781284557050627,1.0
2020-01-07,47.51991653442383,-0.00262860559562883,-1.0
2020-01-08,46.737186431884766,-0.016471621998158326,-1.0
2020-01-09,47.08159255981445,0.007368995744569062,1.0
2020-01-10,46.815460205078125,-0.005652577584290941,-1.0
2020-01-13,46.83112335205078,0.00033457210297704876,1.0
2020-01-14,46.83894348144531,0.0001669857315986789,1.0
2020-01-15,46.49454116821289,-0.007352905245799457,-1.0
2020-01-16,46.57281112670898,0.0016834225379902534,1.0
2020-01-17,46.27536392211914,-0.0063867135651438645,-1.0
2020-01-21,45.4456787109375,-0.017929307105568948,-1.0
2020-01-22,45.00733947753906,-0.009645344636319386,-1.0
2020-01-23,44.83513259887695,-0.003826195475252425,-1.0
2020-01-24,44.31853485107422,-0.01152216393390737,-1.0
2020-01-27,43.089630126953125,-0.027728911351664554,-1.0
2020-01-28,43.28530883789063,0.004541201917050319,1.0
2020-01-29,42.83133316040039,-0.01048798517738303,-1.0
2020-01-30,43.17573547363281,0.00804089641437633,1.0
2020-01-31,41.82942962646485,-0.03118200147372463,-1.0
2020-02-03,41.281517028808594,-0.013098734612188023,-1.0
2020-02-04,41.43024063110352,0.0036026680461171967,1.0
2020-02-05,42.987884521484375,0.03759678598659799,1.0
2020-02-06,42.549537658691406,-0.01019698614324449,-1.0
2020-02-07,42.25210571289063,-0.006990250944360565,-1.0
2020-02-10,42.04076766967773,-0.0050018345748015225,-1.0
2020-02-11,42.51041412353516,0.011171214987022449,1.0
2020-02-12,43.081809997558594,0.013441315164866463,1.0
2020-02-13,42.94873809814453,-0.003088818678268268,-1.0
2020-02-14,42.72175979614258,-0.005284865447810705,-1.0
2020-02-18,42.36952209472656,-0.008244924907045093,-1.0
2020-02-19,42.93308639526367,0.01330117199049674,1.0
2020-02-20,42.88612747192383,-0.0010937700333844003,-1.0
2020-02-21,42.377349853515625,-0.011863454417545216,-1.0
2020-02-24,40.420509338378906,-0.04617656653615354,-1.0
2020-02-25,38.6358642578125,-0.0441519691309753,-1.0
2020-02-26,37.46958923339844,-0.030186331969479174,-1.0
2020-02-27,35.46577835083008,-0.053478325318342845,-1.0
2020-02-28,35.434471130371094,-0.0008827444910214366,-1.0
2020-03-02,36.86688232421875,0.040424229518694066,1.0
2020-03-03,35.7397346496582,-0.030573447047896884,-1.0
2020-03-04,36.5850944519043,0.023653219883494003,1.0
2020-03-05,35.24661636352539,-0.0365853391505796,-1.0
2020-03-06,33.26629638671875,-0.05618468327234827,-1.0
2020-03-09,26.566070556640625,-0.20141183593714163,-1.0
2020-03-10,27.82627487182617,0.0474366095090617,1.0
2020-03-11,26.354734420776367,-0.052883127828932674,-1.0
2020-03-12,23.06724166870117,-0.12474012067765528,-1.0
2020-03-13,25.1962833404541,0.09229719367104594,1.0
2020-03-16,21.76789665222168,-0.13606715887052867,-1.0
2020-03-17,21.916614532470703,0.006831982098456146,1.0
2020-03-18,18.77001571655273,-0.14357139015499443,-1.0
2020-03-19,20.045879364013672,0.06797349915566642,1.0
2020-03-20,20.241565704345703,0.009761923474573386,1.0
2020-03-23,18.86193084716797,-0.06815850499556653,-1.0
2020-03-24,21.886877059936523,0.16037309421175916,1.0
2020-03-25,22.9192008972168,0.04716633782212476,1.0
2020-03-26,24.319643020629883,0.06110344464859363,1.0
2020-03-27,22.671123504638672,-0.06778551455680515,-1.0
2020-03-30,22.90320205688477,0.010236746855470713,1.0
2020-03-31,23.255306243896484,0.015373579036555451,1.0
2020-04-01,22.10294914245605,-0.04955243716658764,-1.0
2020-04-02,24.127582550048828,0.09160014776959313,1.0
2020-04-03,23.87150382995605,-0.010613525808546354,-1.0
2020-04-06,25.135900497436523,0.052966778988334795,1.0
2020-04-07,25.672069549560547,0.021330807391551465,1.0
2020-04-08,27.38460731506348,0.06670820839733382,1.0
2020-04-09,27.13652610778809,-0.009059147878995866,-1.0
2020-04-13,27.048503875732425,-0.0032436809231231045,-1.0
2020-04-14,26.920459747314453,-0.004733871012098767,-1.0
2020-04-15,25.656064987182617,-0.04696779965869524,-1.0
2020-04-16,24.55971336364746,-0.042732649144865964,-1.0
2020-04-17,27.16853904724121,0.10622378384331044,1.0
2020-04-20,26.32027053833008,-0.03122245577637217,-1.0
2020-04-21,25.856121063232425,-0.01763467721282419,-1.0
2020-04-22,26.77641868591309,0.03559302729245539,1.0
2020-04-23,27.64068984985352,0.03227732483863188,1.0
2020-04-24,27.704708099365234,0.0023160872561238666,1.0
2020-04-27,28.30488586425781,0.021663385253509526,1.0
2020-04-28,28.95310401916504,0.022901281355307335,1.0
2020-04-29,31.097774505615234,0.07407393987983335,1.0
2020-04-30,30.40955352783203,-0.022130875560208763,-1.0
2020-05-01,28.689014434814453,-0.056578900161847856,-1.0
2020-05-04,29.681331634521484,0.034588751801206685,1.0
2020-05-05,29.70532989501953,0.0008085304525264903,1.0
2020-05-06,28.929088592529297,-0.026131381312159085,-1.0
2020-05-07,29.681331634521484,0.02600299831728714,1.0
2020-05-08,31.03374481201172,0.04556443740944838,1.0
2020-05-11,30.48958778381348,-0.017534365623436465,-1.0
2020-05-12,29.95341110229492,-0.017585566762014726,-1.0
2020-05-13,28.59298515319824,-0.04541806422148853,-1.0
2020-05-14,28.913089752197266,0.011195214395556707,1.0
2020-05-15,28.80104637145996,-0.0038751783948925977,-1.0
2020-05-18,31.153789520263672,0.08168950247360218,1.0
2020-05-19,30.28151130676269,-0.027999104665376806,-1.0
2020-05-20,31.489900588989254,0.03990518405720045,1.0
2020-05-21,30.985727310180664,-0.01601063418361126,-1.0
2020-05-22,30.793672561645508,-0.006198168163445206,-1.0
2020-05-26,31.649951934814453,0.02780699091525274,1.0
2020-05-27,32.05807876586914,0.012895022143959434,1.0
2020-05-28,31.16179084777832,-0.027958254287061668,-1.0
2020-05-29,31.017745971679688,-0.004622483887472217,-1.0
2020-06-01,31.56191635131836,0.017543840230541452,1.0
2020-06-02,32.44219207763672,0.027890439747698892,1.0
2020-06-03,33.394493103027344,0.029353781739276164,1.0
2020-06-04,33.40250015258789,0.00023977155562282526,1.0
2020-06-05,35.883277893066406,0.0742692232361628,1.0
2020-06-08,37.499786376953125,0.04504907519051016,1.0
2020-06-09,36.091339111328125,-0.037558807708051756,-1.0
2020-06-10,34.31478500366211,-0.049223834620988116,-1.0
2020-06-11,31.081764221191406,-0.09421655365538995,-1.0
2020-06-12,31.86601448059082,0.02523184507218912,1.0
2020-06-15,31.96203994750977,0.003013413145137367,1.0
2020-06-16,32.8823356628418,0.02879339731892583,1.0
2020-06-17,31.76198005676269,-0.03407165529744127,-1.0
2020-06-18,32.15410232543945,0.01234564935737592,1.0
2020-06-19,31.66595458984375,-0.01518150718857092,-1.0
2020-06-22,31.812658309936523,0.0046328532328479,1.0
2020-06-23,31.84507369995117,0.0010189462854326425,1.0
2020-06-24,30.07815742492676,-0.05548476011305692,-1.0
2020-06-25,30.65361595153809,0.0191321070131254,1.0
2020-06-26,29.59184837341309,-0.03463759641941111,-1.0
2020-06-29,29.98900032043457,0.013420991551791772,1.0
2020-06-30,30.67793273925781,0.022972837088997444,1.0
2020-07-01,29.932268142700195,-0.024306220464568762,-1.0
2020-07-02,30.264572143554688,0.01110186502640742,1.0
2020-07-06,30.35372734069824,0.00294586015360343,1.0
2020-07-07,29.389217376708984,-0.03177566804772736,-1.0
2020-07-08,29.364896774291992,-0.000827534878021785,-1.0
2020-07-09,27.914081573486328,-0.04940644647781656,-1.0
2020-07-10,28.805652618408203,0.03193983089053942,1.0
2020-07-13,28.65164566040039,-0.005346414471074867,-1.0
2020-07-14,29.65668487548828,0.03507788791611932,1.0
2020-07-15,30.296998977661133,0.021590885996232156,1.0
2020-07-16,30.15920829772949,-0.004547997642711743,-1.0
2020-07-17,29.73773765563965,-0.01397485762653694,-1.0
