Date,Price,avg_positive_XLF,avg_neutral_XLF,avg_negative_XLF,n_XLF,sent_index_XLF,Sign_next_day
2018-03-20,24.87996482849121,0.0612603174522518,0.535399672575295,0.4033400360494851,4.0,-0.3420797185972333,-1.0
2018-03-21,24.87130355834961,0.2635124154122812,0.4854528687096068,0.2510347037043954,14.0,0.0124777117078857,-1.0
2018-03-22,23.953357696533203,0.2810999139804732,0.3230447444048794,0.3958553306081078,11.0,-0.1147554166276346,-1.0
2018-03-23,23.22591781616211,0.2881744136102497,0.3072459806377689,0.4045796090116103,6.0,-0.1164051954013606,1.0
2018-03-26,23.97933578491211,0.2254925051238387,0.4534203419461846,0.3210871496703475,8.0,-0.0955946445465087,-1.0
2018-03-27,23.511695861816406,0.2083015562966465,0.5012796968221663,0.2904187376843765,8.0,-0.0821171813877299,1.0
2018-03-28,23.55499839782715,0.0929450205294414,0.6529017072170973,0.2541532927425577,8.0,-0.1612082722131163,1.0
2018-03-29,23.87541580200196,0.0552421607077121,0.5923293888568878,0.3524284558370709,5.0,-0.2971862951293588,-1.0
2018-04-02,23.347150802612305,0.0210765693336725,0.5309983491897583,0.4479250609874725,1.0,-0.4268484916537999,1.0
2018-04-03,23.667573928833008,0.6274285564819971,0.3249223865568637,0.0476490603759884,3.0,0.5797794961060088,1.0
2018-04-04,23.91871833801269,0.0505214389413595,0.9066636264324188,0.0428149001672863,2.0,0.0077065387740731,1.0
2018-04-05,24.10923385620117,0.2736787742802075,0.5163078733852932,0.210013359918126,7.0,0.0636654143620814,-1.0
2018-04-06,23.529022216796875,0.3335897710639983,0.4153314682189374,0.2510787738719955,8.0,0.0825109971920028,1.0
2018-04-09,23.658920288085938,0.0408511718735098,0.6331025317311287,0.3260462816804647,10.0,-0.2851951098069549,1.0
2018-04-10,24.01397705078125,0.2147487727925181,0.4280313557634751,0.357219861044238,6.0,-0.1424710882517199,-1.0
2018-04-11,23.72819709777832,0.2330193356610834,0.3538264870643616,0.4131541680544615,10.0,-0.180134832393378,1.0
2018-04-12,24.143875122070312,0.2036632418632507,0.6989575207233429,0.0973792206495999,5.0,0.1062840212136507,-1.0
2018-04-13,23.780153274536133,0.1994161481376398,0.1815823037177323,0.6190015441653404,11.0,-0.4195853960277005,1.0
2018-04-16,23.88407325744629,0.3768460664898157,0.3935708984732628,0.2295830231159925,5.0,0.1472630433738232,0.0
2018-04-17,23.88407325744629,0.4349182024598121,0.0321167157962917,0.5329650491476059,2.0,-0.0980468466877937,-1.0
2018-04-18,23.7714958190918,0.1231955800205468,0.4586761737242341,0.4181282474659383,10.0,-0.2949326674453915,1.0
2018-04-19,24.135215759277344,0.1267633190644638,0.6095566313181605,0.2636800509478364,7.0,-0.1369167318833725,1.0
2018-04-20,24.143875122070312,0.0830271075246855,0.5172965596430004,0.3996763376053422,8.0,-0.3166492300806567,-1.0
2018-04-23,24.117889404296875,0.0668970605668921,0.4260240867733955,0.5070788175798951,6.0,-0.440181757013003,-1.0
2018-04-24,23.96200942993164,0.1670378897753026,0.4560807020299964,0.3768813924656973,9.0,-0.2098435026903947,-1.0
2018-04-25,23.94469451904297,0.2313638572231866,0.411567797884345,0.3570683596190064,16.0,-0.1257045023958198,1.0
2018-04-26,23.953357696533203,0.1802507316460832,0.5653424104675651,0.2544068540446459,8.0,-0.0741561223985627,1.0
2018-04-27,23.98799514770508,0.2412821168545633,0.301405809354037,0.457312062382698,8.0,-0.2160299455281347,-1.0
2018-04-30,23.7714958190918,0.3621420053144296,0.4412289696435134,0.1966290205406645,6.0,0.165512984773765,1.0
2018-05-01,23.780153274536133,0.1442716404174764,0.5110939610749483,0.3446344082864622,6.0,-0.2003627678689858,-1.0
2018-05-02,23.511695861816406,0.0694854729143636,0.2468728886118956,0.6836416203794735,7.0,-0.6141561474651099,-1.0
2018-05-03,23.312519073486328,0.0250314397271722,0.0719323540106415,0.9030362367630004,4.0,-0.8780047970358282,1.0
2018-05-04,23.615617752075195,0.1897528660483658,0.4392575360834598,0.3709895499050617,4.0,-0.1812366838566959,1.0
2018-05-07,23.7714958190918,0.2166723229456692,0.7190705351531506,0.0642571279313414,8.0,0.1524151950143277,1.0
2018-05-08,23.93603515625,0.0940974553426106,0.3492210960636536,0.5566814454893271,3.0,-0.4625839901467164,1.0
2018-05-09,24.291091918945312,0.2471050818761189,0.4808979034423828,0.2719970059891541,3.0,-0.0248919241130352,1.0
2018-05-10,24.490270614624023,0.2635957822203636,0.6057433843612671,0.1306608032435178,5.0,0.1329349789768457,-1.0
2018-05-11,24.47294807434082,0.1172583757766655,0.7192503213882446,0.1634912818138088,7.0,-0.0462329060371432,-1.0
2018-05-14,24.45562744140625,0.2239772307686507,0.4994235528632998,0.2765992221422493,10.0,-0.0526219913735985,-1.0
2018-05-15,24.412328720092773,0.032131066545844,0.4699537139385938,0.4979152232408523,2.0,-0.4657841566950083,1.0
2018-05-16,24.45562744140625,0.2205186790476242,0.3442764166328642,0.4352049146675401,9.0,-0.2146862356199159,-1.0
2018-05-17,24.40367317199707,0.0240255935350432,0.4376549646258354,0.5383194414898753,8.0,-0.514293847954832,-1.0
2018-05-18,24.204490661621094,0.137467061751522,0.402982500847429,0.459550424828194,8.0,-0.3220833630766719,1.0
2018-05-21,24.37769317626953,0.1889560309549172,0.4787787174185117,0.3322652286539475,3.0,-0.1433091976990302,1.0
2018-05-22,24.54222679138184,0.1943026742498789,0.5540245284459421,0.2516728062182664,7.0,-0.0573701319683874,-1.0
2018-05-23,24.386354446411133,0.2819227880487839,0.3650934975594281,0.3529837019741534,6.0,-0.0710609139253695,-1.0
2018-05-24,24.195837020874023,0.0369783468544482,0.4354900848120451,0.527531560510397,5.0,-0.4905532136559486,-1.0
2018-05-25,24.117889404296875,0.0629540991038083,0.1857381489127874,0.7513077586889267,5.0,-0.6883536595851184,-1.0
2018-05-29,23.312519073486328,0.0802319343201815,0.5843861643224955,0.335381891299039,10.0,-0.2551499569788575,1.0
2018-05-30,23.73685836791992,0.2655850565060972,0.2104057548567652,0.5240092501044273,2.0,-0.2584241935983301,-1.0
2018-05-31,23.537681579589844,0.1535438347075666,0.3788188573505197,0.4676373076758214,7.0,-0.3140934729682548,1.0
2018-06-01,23.797473907470703,0.1194111665245145,0.3893262902274728,0.4912625470509131,12.0,-0.3718513805263986,1.0
2018-06-04,23.87541580200196,0.2327503342181443,0.3102384783327579,0.4570111878216266,5.0,-0.2242608536034822,-1.0
2018-06-05,23.7714958190918,0.2044547617435455,0.2316106438636779,0.563934588432312,5.0,-0.3594798266887665,1.0
2018-06-06,24.204490661621094,0.0808163195615634,0.1834342665970325,0.7357494328171015,4.0,-0.654933113255538,1.0
2018-06-07,24.28243064880371,0.0936272661719057,0.7359800653325187,0.1703926506969663,9.0,-0.0767653845250606,1.0
2018-06-08,24.31707191467285,0.0720357652753591,0.7723584175109863,0.155605821404606,2.0,-0.0835700561292469,-1.0
2018-06-11,24.265113830566406,0.1445349894929677,0.3515322669409215,0.503932747989893,4.0,-0.3593977584969252,-1.0
2018-06-12,24.204490661621094,0.2601040760055184,0.3633622262212965,0.3765336894947622,9.0,-0.1164296134892438,-1.0
2018-06-13,24.117889404296875,0.2459492531859061,0.2231212462383237,0.5309294660321691,11.0,-0.2849802128462629,-1.0
2018-06-14,23.89273262023925,0.085277453996241,0.6726778391748667,0.2420447468757628,4.0,-0.1567672928795218,-1.0
2018-06-15,23.89186668395996,0.235048896074295,0.4054986534640193,0.3594524353742599,10.0,-0.1244035392999649,-1.0
2018-06-18,23.8483829498291,0.254093737155199,0.5421072408556938,0.2037990558892488,5.0,0.0502946812659502,-1.0
2018-06-19,23.787498474121094,0.2453261651098727,0.6002032846212387,0.1544705521315335,5.0,0.0908556129783391,-1.0
2018-06-20,23.72661781311035,0.2041932263722022,0.3615656110147635,0.4342411424343784,6.0,-0.2300479160621762,-1.0
2018-06-21,23.65703773498535,0.1803264301270246,0.6857887804508209,0.1338847558945416,4.0,0.0464416742324829,-1.0
2018-06-22,23.54397201538086,0.3831308061877886,0.3516133576631545,0.2652558234209815,3.0,0.1178749827668071,-1.0
2018-06-25,23.29174423217773,0.2099064394003814,0.2666430965893798,0.523450460181468,9.0,-0.3135440207810865,-1.0
2018-06-26,23.21346664428711,0.0300811119377612,0.1250755060464143,0.8448433876037598,2.0,-0.8147622756659986,-1.0
2018-06-27,22.92645072937012,0.0461138172540813,0.2493007839657366,0.7045854213647544,8.0,-0.6584716041106731,1.0
2018-06-28,23.126489639282227,0.2184639420360326,0.2158415466547011,0.5656945314258337,5.0,-0.347230589389801,0.0
2018-06-29,23.126489639282227,0.1825631769712675,0.2943871082230047,0.5230497035451911,11.0,-0.3404865265739235,1.0
2018-07-02,23.239559173583984,0.4851806368678809,0.0239484654739498,0.4908708706498145,2.0,-0.0056902337819336,-1.0
2018-07-03,23.030824661254883,,,,,,1.0
2018-07-05,23.0830020904541,0.0839844893664121,0.5468626722693444,0.3691528618335723,5.0,-0.2851683724671602,1.0
2018-07-06,23.19606590270996,0.0891612190753221,0.8419225931167602,0.0689161982387303,5.0,0.0202450208365917,1.0
2018-07-09,23.72661781311035,0.6205838216202599,0.3020847343972751,0.0773314427850501,7.0,0.5432523788352098,-1.0
2018-07-10,23.639636993408203,0.2239335559308528,0.4863568633794785,0.2897095791995525,5.0,-0.0657760232686996,-1.0
2018-07-11,23.52657127380371,0.0473707289202138,0.2472280976362526,0.7054012067383155,4.0,-0.6580304778181016,1.0
2018-07-12,23.57005882263184,0.1613918244838714,0.6423345804214478,0.1962736056496699,6.0,-0.0348817811657985,-1.0
2018-07-13,23.465694427490234,0.2860019567422568,0.279392178542912,0.4346058636903763,10.0,-0.1486039069481194,1.0
2018-07-16,23.88316345214844,0.1547358409501611,0.3152603028342127,0.5300038578920067,10.0,-0.3752680169418455,1.0
2018-07-17,23.90926170349121,0.2311911545693874,0.7423439264297486,0.0264648830518126,5.0,0.2047262715175748,1.0
2018-07-18,24.29195022583008,0.1452974374406039,0.4401767742820083,0.4145257853670046,8.0,-0.2692283479264006,-1.0
2018-07-19,23.92665672302246,0.103150633030704,0.6329892916338784,0.2638600855799657,7.0,-0.1607094525492617,1.0
2018-07-20,23.970144271850582,0.0313283666037022,0.0521599687635898,0.916511595249176,2.0,-0.8851832286454737,1.0
2018-07-23,24.300647735595703,0.222229204326868,0.55618503279984,0.2215857673436403,5.0,0.0006434369832277,1.0
2018-07-24,24.37022590637207,0.2749626351786511,0.4317429079008953,0.2932944609118358,7.0,-0.0183318257331847,1.0
2018-07-25,24.422407150268555,0.2853960178792476,0.5024242755025625,0.2121797209605574,5.0,0.0732162969186902,-1.0
2018-07-26,24.41371154785156,0.0499419691041111,0.3901007655076682,0.5599573065992445,4.0,-0.5100153374951333,1.0
2018-07-27,24.46589469909668,0.4873217046260834,0.0310238720849156,0.4816543944180012,2.0,0.0056673102080821,1.0
2018-07-30,24.483295440673828,0.1942800631125768,0.7246349056561788,0.0810850529621044,3.0,0.1131950101504723,-1.0
2018-07-31,24.309341430664062,0.1392647733704911,0.4656151793897152,0.3951200631757577,9.0,-0.2558552898052666,0.0
2018-08-01,24.309341430664062,0.1405058681964874,0.5622634913772344,0.2972306264564395,5.0,-0.1567247582599521,1.0
2018-08-02,24.31803703308105,0.2309450511155383,0.4014367498457432,0.3676182023648704,7.0,-0.1366731512493321,1.0
2018-08-03,24.45720100402832,0.0169088961556553,0.1537262080237269,0.8293648660182953,2.0,-0.8124559698626399,1.0
2018-08-06,24.587661743164062,0.3696809488215616,0.3484775221773556,0.2818415076471864,7.0,0.0878394411743752,1.0
2018-08-07,24.700729370117188,0.2385782978187004,0.5585338274637858,0.2028878480195999,3.0,0.0356904497991005,1.0
2018-08-08,24.761608123779297,0.0280435029417276,0.1342591941356659,0.8376972675323486,1.0,-0.809653764590621,-1.0
2018-08-09,24.613750457763672,0.1371060195378958,0.4017920307815075,0.461101911496371,2.0,-0.3239958919584751,-1.0
2018-08-10,24.326738357543945,0.1503052532983322,0.4249244115004937,0.4247703235596418,6.0,-0.2744650702613095,-1.0
2018-08-13,24.091907501220703,0.0383818658301606,0.4892858522944152,0.4723323036450892,8.0,-0.4339504378149286,1.0
2018-08-14,24.31803703308105,0.065948214692374,0.3839722350239754,0.5500795543193816,3.0,-0.4841313396270075,-1.0
2018-08-15,24.126697540283203,0.0506310326357682,0.8225910663604736,0.1267779034872849,3.0,-0.0761468708515167,1.0
2018-08-16,24.44850349426269,0.0633494878808656,0.6044738050550221,0.3321767247592409,3.0,-0.2688272368783753,1.0
2018-08-17,24.50067901611328,0.0766052454710006,0.4407470375299454,0.482647705823183,2.0,-0.4060424603521824,1.0
2018-08-20,24.578956604003903,0.2000896725803613,0.2489529413481552,0.5509573672898114,6.0,-0.35086769470945,1.0
2018-08-21,24.67464065551757,0.0313621889799832,0.2706564739346504,0.6979812979698181,3.0,-0.6666191089898349,-1.0
2018-08-22,24.587661743164062,0.2266250355169176,0.2478451646864413,0.5255298303440213,5.0,-0.2989047948271037,-1.0
2018-08-23,24.474594116210938,0.1487987767904996,0.1381469760090112,0.7130542664478222,6.0,-0.5642554896573226,1.0
2018-08-24,24.561573028564453,0.1853454236872493,0.3030935386195779,0.5115610357373953,10.0,-0.3262156120501459,1.0
2018-08-27,24.892066955566406,0.0104090021923184,0.0511582233011722,0.93843275308609,1.0,-0.9280237508937716,-1.0
2018-08-28,24.86598014831543,0.046838992089033,0.2537179037928581,0.699443108215928,5.0,-0.652604116126895,-1.0
2018-08-29,24.85728454589844,0.1870931657031178,0.5859206449240446,0.2269862010143697,4.0,-0.0398930353112519,-1.0
2018-08-30,24.66593742370605,0.1449686668014951,0.4334388652018138,0.4215924537607601,7.0,-0.276623786959265,-1.0
2018-08-31,24.63984489440918,0.2419803688923517,0.2021138289322455,0.5559058083842198,6.0,-0.313925439491868,1.0
2018-09-04,24.761608123779297,0.0241753656417131,0.6645423423498868,0.3112822934985161,5.0,-0.287106927856803,1.0
2018-09-05,24.779008865356445,0.2819915525615215,0.5346226756061826,0.1833857767550008,7.0,0.0986057758065206,-1.0
2018-09-06,24.66593742370605,0.2075168108567595,0.5369573570787907,0.255525842308998,4.0,-0.0480090314522385,-1.0
2018-09-07,24.63984489440918,0.1976921520092421,0.6122662702368366,0.1900415610935952,9.0,0.0076505909156468,-1.0
2018-09-10,24.613750457763672,0.4604501775465905,0.5065218172967434,0.033027997938916,4.0,0.4274221796076745,1.0
2018-09-11,24.63984489440918,0.140167969589432,0.5611118715670373,0.2987201381474733,9.0,-0.1585521685580413,-1.0
2018-09-12,24.41371154785156,0.3169378081469663,0.4653166141360998,0.2177455936159406,7.0,0.0991922145310257,-1.0
2018-09-13,24.378925323486328,0.142036281441423,0.3511123017153956,0.5068514282730493,11.0,-0.3648151468316263,1.0
2018-09-14,24.55287170410156,0.1622303591109812,0.3540839413180947,0.4836857143789529,10.0,-0.3214553552679717,-1.0
2018-09-17,24.44850349426269,0.0456085794915755,0.6320847471555072,0.3223066721111535,3.0,-0.276698092619578,1.0
2018-09-18,24.570262908935547,0.3269240300481518,0.4954997723301251,0.1775762373581528,6.0,0.1493477926899989,1.0
2018-09-19,24.987735748291016,0.1864510128895441,0.6185627492765585,0.1949862217944529,9.0,-0.0085352089049087,1.0
2018-09-20,25.20517921447754,0.1652621600466469,0.0877949021135766,0.7469429424963892,6.0,-0.5816807824497422,-1.0
2018-09-21,25.107336044311523,0.0397006034851073,0.4735109746456146,0.4867884263396263,5.0,-0.447087822854519,-1.0
2018-09-24,24.82777976989746,0.0470735612325369,0.5403926204890012,0.4125338271260261,4.0,-0.3654602658934892,-1.0
2018-09-25,24.731687545776367,0.3259608040874203,0.0688258955876032,0.6052133198827505,3.0,-0.2792525157953302,-1.0
2018-09-26,24.43466186523437,0.2788038971749219,0.448318287730217,0.2728778100995854,11.0,0.0059260870753364,-1.0
2018-09-27,24.34730339050293,0.3249135782631735,0.4952248129993677,0.1798616253460446,12.0,0.1450519529171288,-1.0
2018-09-28,24.093957901000977,0.0546678908701453,0.497741375118494,0.447590721771121,7.0,-0.3929228309009757,1.0
2018-10-01,24.19005012512207,0.3414649886544794,0.0805690162815153,0.5779660064727068,4.0,-0.2365010178182274,0.0
2018-10-02,24.19005012512207,0.2622457702333728,0.5263511675099531,0.2114030742086469,6.0,0.0508426960247258,1.0
2018-10-03,24.417186737060547,0.4194349627941847,0.3795716054737568,0.200993419997394,10.0,0.2184415427967906,1.0
2018-10-04,24.583171844482425,0.1901778167812153,0.4354568037670105,0.3743653844576328,8.0,-0.1841875676764175,-1.0
2018-10-05,24.460866928100582,0.083027304150164,0.4616954065859318,0.4552772694732994,8.0,-0.3722499653231353,1.0
2018-10-08,24.62685203552246,0.1827654385318358,0.5994046169022719,0.217829940530161,6.0,-0.0350645019983252,-1.0
2018-10-09,24.53075790405273,0.0936096122022717,0.4308875575661659,0.4755028141662478,4.0,-0.381893201963976,-1.0
2018-10-10,23.770723342895508,0.1096287529087728,0.4227236484487851,0.46764760153989,9.0,-0.3580188486311171,-1.0
2018-10-11,23.06310272216797,0.2199755327569113,0.4513982207410865,0.3286262409140666,9.0,-0.1086507081571552,1.0
2018-10-12,23.08931350708008,0.5265912930998538,0.2443784133841594,0.2290302982760799,9.0,0.2975609948237737,-1.0
2018-10-15,22.98448371887207,0.0682549430057406,0.4259458146989345,0.5057992304985721,6.0,-0.4375442874928315,1.0
2018-10-16,23.36886405944824,0.2618765001495678,0.4294414166361093,0.3086820745219786,15.0,-0.0468055743724107,1.0
2018-10-17,23.604734420776367,0.1181609127153124,0.2875965492178995,0.5942425636781586,9.0,-0.4760816509628461,-1.0
2018-10-18,23.21161842346192,0.1581206509015625,0.425042608131965,0.4168367423117161,9.0,-0.2587160914101535,1.0
2018-10-19,23.298974990844727,0.0602683637601633,0.5893526195238034,0.3503790204413235,6.0,-0.2901106566811601,-1.0
2018-10-22,22.801023483276367,0.0517529289548595,0.2524291151203214,0.6958179529756308,6.0,-0.6440650240207713,-1.0
2018-10-23,22.617572784423828,0.2850652681663632,0.3650135202333331,0.3499211994931101,4.0,-0.0648559313267468,-1.0
2018-10-24,22.049728393554688,0.1114693347364663,0.5344146861694753,0.3541159866377711,10.0,-0.2426466519013047,1.0
2018-10-25,22.390430450439453,0.3201069038671751,0.3553292447080214,0.3245638598067065,6.0,-0.0044569559395313,-1.0
2018-10-26,22.067201614379883,0.055303428787738,0.390083311125636,0.554613261949271,4.0,-0.4993098331615329,1.0
2018-10-29,22.259387969970703,0.279837304353714,0.5941798061132431,0.1259828953072428,5.0,0.1538544090464711,1.0
2018-10-30,22.64377784729004,0.6333696084717909,0.3422029862801234,0.0244273878633975,3.0,0.6089422206083934,1.0
2018-10-31,22.95827293395996,0.1679156121487418,0.1808114927262067,0.6512729202707608,3.0,-0.4833573081220189,1.0
2018-11-01,23.06310272216797,0.2012880396630082,0.6200439046536174,0.1786680515589458,7.0,0.0226199881040624,-1.0
2018-11-02,23.04563331604004,0.504935533222225,0.1438357906623018,0.3512286763224336,9.0,0.1537068568997913,1.0
2018-11-05,23.412540435791016,0.0848157325420866,0.6254000040617856,0.2897842733866789,11.0,-0.2049685408445922,1.0
2018-11-06,23.534852981567383,0.0249659963883459,0.4664719756692648,0.5085620482762655,6.0,-0.4835960518879196,1.0
2018-11-07,23.84061050415039,0.0291607506573199,0.2814465351402759,0.6893927022814751,5.0,-0.6602319516241552,1.0
2018-11-08,23.91050148010254,0.1873072797898202,0.3035513688810169,0.5091413225745782,8.0,-0.3218340427847579,-1.0
2018-11-09,23.69210433959961,0.2764243964105844,0.57789506316185,0.1456805318593978,5.0,0.1307438645511865,-1.0
2018-11-12,23.22035217285156,0.0668569114059209,0.7222519119580587,0.2108911921580632,3.0,-0.1440342807521423,1.0
2018-11-13,23.351396560668945,0.1751163825392722,0.6824049293994904,0.1424786932766437,5.0,0.0326376892626285,-1.0
2018-11-14,23.036901473999023,0.045574219431728,0.7132850736379623,0.2411406976170837,4.0,-0.1955664781853557,1.0
2018-11-15,23.37760353088379,0.0567268863586442,0.2860652689955064,0.6572078317403793,7.0,-0.6004809453817351,1.0
2018-11-16,23.403806686401367,0.029605669590334,0.3162583863983552,0.654135932524999,3.0,-0.624530262934665,-1.0
2018-11-19,23.395078659057617,0.0580531727522611,0.7241570234298706,0.2177897864952683,10.0,-0.1597366137430071,-1.0
2018-11-20,22.8796443939209,0.3650255032948085,0.2018122712948492,0.433162212105734,7.0,-0.0681367088109255,1.0
2018-11-21,22.897123336791992,0.0192779960731664,0.3658455287416776,0.6148764789104462,3.0,-0.5955984828372797,-1.0
2018-11-23,22.713659286499023,0.1458115942244018,0.4699012647782052,0.3842871556324618,7.0,-0.2384755614080599,1.0
2018-11-26,23.17667007446289,0.1596322655677795,0.8228718042373657,0.0174959171563386,1.0,0.1421363484114409,1.0
2018-11-27,23.19414520263672,0.3720956221222877,0.4600506201386451,0.1678537404164671,5.0,0.2042418817058206,1.0
2018-11-28,23.63968086242676,0.1792851140383969,0.2201745232397859,0.6005403413013979,11.0,-0.4212552272630009,-1.0
2018-11-29,23.43875503540039,0.0502369041953767,0.3820172199713331,0.5677458915327277,7.0,-0.517508987337351,1.0
2018-11-30,23.56105613708496,0.0661372346803545,0.425261836964637,0.508600914850831,4.0,-0.4424636801704765,1.0
2018-12-03,23.70956802368164,0.2085338346660137,0.4589827960977952,0.3324834002802769,6.0,-0.1239495656142632,-1.0
2018-12-04,22.6787223815918,0.224474596325308,0.4449634842574596,0.3305619047954678,10.0,-0.1060873084701597,-1.0
2018-12-06,22.36422348022461,0.062248819338327,0.5378743383017454,0.3998768449845639,11.0,-0.3376280256462369,-1.0
2018-12-07,21.936159133911133,0.1404395017307251,0.6748862434178591,0.1846742423949763,8.0,-0.0442347406642511,-1.0
2018-12-10,21.63039779663086,0.0391255319118499,0.2969465292990207,0.663927951361984,4.0,-0.6248024194501341,-1.0
2018-12-11,21.420732498168945,0.2486620005220174,0.4253743141889572,0.3259636797010898,3.0,-0.0773016791790723,1.0
2018-12-12,21.54303741455078,0.2405113452114164,0.6291159391403198,0.1303727233316748,4.0,0.1101386218797416,-1.0
2018-12-13,21.385791778564453,0.0386860184371471,0.812749981880188,0.1485639810562133,1.0,-0.1098779626190662,-1.0
2018-12-14,21.176124572753903,0.2203182265162467,0.5278957553207875,0.2517860267311334,5.0,-0.0314678002148866,-1.0
2018-12-17,20.966455459594727,0.2029446318745612,0.3278200544416904,0.4692352883517742,5.0,-0.2662906564772129,-1.0
2018-12-18,20.88783264160156,0.1314223230971644,0.4173084149758021,0.4512692455512782,12.0,-0.3198469224541138,-1.0
2018-12-19,20.6257553100586,0.2333957124501466,0.3789722194725817,0.3876320587640458,11.0,-0.1542363463138991,-1.0
2018-12-20,20.442296981811523,0.1437475662678479,0.3157112039625644,0.5405412399106555,9.0,-0.3967936736428075,-1.0
2018-12-21,20.033540725708008,0.2819160133866327,0.3035921300096171,0.4144918611273169,7.0,-0.1325758477406842,-1.0
2018-12-24,19.61159324645996,0.2603284424791732,0.6717025637626648,0.0679690111428499,3.0,0.1923594313363233,1.0
2018-12-26,20.49943923950196,0.0856890324503183,0.084245520333449,0.8300654490788778,3.0,-0.7443764166285595,1.0
2018-12-27,20.74557113647461,0.2734850198030471,0.5264777019619942,0.2000373192131519,2.0,0.0734477005898952,-1.0
2018-12-28,20.736780166625977,0.2942783427424728,0.1519699376076459,0.5537517070770264,2.0,-0.2594733643345535,1.0
2018-12-31,20.9389591217041,,,,,,1.0
2019-01-02,21.11477279663086,0.2447110664099455,0.3530365761369466,0.4022523551248014,5.0,-0.1575412887148559,-1.0
2019-01-03,20.64008522033692,0.2326979167759418,0.3313930444419384,0.4359090268611908,5.0,-0.203211110085249,1.0
2019-01-04,21.325742721557617,0.026497311114023,0.296894973454376,0.6766077193121115,6.0,-0.6501104081980884,1.0
2019-01-07,21.352113723754883,0.0303915057331323,0.4409093953669071,0.5286991000175476,5.0,-0.4983075942844153,1.0
2019-01-08,21.36969566345215,0.091951413390537,0.3828833835820357,0.525165205510954,6.0,-0.4332137921204169,1.0
2019-01-09,21.47517776489257,0.0932263392955064,0.3699673503637314,0.5368063323199749,5.0,-0.4435799930244685,1.0
2019-01-10,21.48397445678711,0.1838884035435815,0.533797454709808,0.2823141391078631,6.0,-0.0984257355642816,1.0
2019-01-11,21.536714553833008,0.2713529957458376,0.4626939315348863,0.2659530607052147,10.0,0.0053999350406229,1.0
2019-01-14,21.686155319213867,0.1909869443625211,0.3290289447177201,0.4799841318745165,8.0,-0.2889971875119954,1.0
2019-01-15,21.879539489746094,0.0606456580571829,0.5964900474064052,0.3428643033839761,4.0,-0.2822186453267932,1.0
2019-01-16,22.345441818237305,0.158821529864023,0.2616738242407639,0.5795046274239818,6.0,-0.4206830975599587,1.0
2019-01-17,22.46850204467773,0.0846723658456043,0.5177792757749557,0.3975483571094545,11.0,-0.3128759912638502,1.0
2019-01-18,22.855283737182617,0.1393265901133417,0.5803260024636984,0.2803473912179469,5.0,-0.1410208011046052,-1.0
2019-01-22,22.5915756225586,0.188490076655788,0.4972182299409594,0.3142917212098837,7.0,-0.1258016445540956,1.0
2019-01-23,22.6179428100586,0.1500748576596378,0.4563111923635006,0.3936139145866036,5.0,-0.2435390569269658,1.0
2019-01-24,22.67068862915039,0.0980201829224824,0.6239678884545962,0.278011921638002,6.0,-0.1799917387155195,1.0
2019-01-25,22.855283737182617,0.1965369600802659,0.5919025256298482,0.2115605103317648,8.0,-0.0150235502514988,-1.0
2019-01-28,22.78496551513672,0.2466050665825605,0.7315269336104393,0.0218679928220808,4.0,0.2247370737604797,-1.0
2019-01-29,22.70585060119629,0.3355074108112603,0.360070014372468,0.3044225717894733,4.0,0.031084839021787,1.0
2019-01-30,22.83771133422852,0.1128451478434726,0.274273962713778,0.6128808935172856,8.0,-0.5000357456738129,-1.0
2019-01-31,22.802547454833984,0.2318606753410263,0.3746635866436091,0.3934757480059158,11.0,-0.1616150726648894,1.0
2019-02-01,22.89924049377441,0.0590270869433879,0.2990661673247813,0.6419067680835724,3.0,-0.5828796811401844,1.0
2019-02-04,22.99593162536621,0.1773488964885473,0.6594892170280218,0.1631618911400437,10.0,0.0141870053485035,-1.0
2019-02-05,22.93440055847168,0.0656520730948873,0.5011215662317616,0.4332263512270791,7.0,-0.3675742781321918,-1.0
2019-02-06,22.90802764892578,0.1555141579093677,0.4564465390784399,0.38803929290069,7.0,-0.2325251349913222,-1.0
2019-02-07,22.679479598999023,0.1657013667281716,0.4185748531017452,0.4157237798790447,8.0,-0.250022413150873,-1.0
2019-02-08,22.565200805664062,0.1191509527464707,0.49961082264781,0.3812382146716118,6.0,-0.262087261925141,1.0
2019-02-11,22.63552474975586,0.2221662136726081,0.401568179950118,0.3762655888373653,6.0,-0.1540993751647572,1.0
2019-02-12,22.969566345214844,0.1952658621594309,0.4937070980668068,0.3110270472243427,13.0,-0.1157611850649118,1.0
2019-02-13,23.031099319458008,0.2595394500531256,0.321992129087448,0.4184684487991035,4.0,-0.1589289987459778,-1.0
2019-02-14,22.749799728393555,0.1393547775223851,0.5953974304720759,0.2652477641822769,8.0,-0.1258929866598918,1.0
2019-02-15,23.233278274536133,0.2090495372457163,0.6028377839497158,0.1881126849246876,7.0,0.0209368523210286,1.0
2019-02-19,23.2684383392334,0.2897205781191587,0.3890515243013699,0.3212279118597507,3.0,-0.031507333740592,1.0
2019-02-20,23.417882919311523,0.2574596614576875,0.3371704178862273,0.4053699094802141,4.0,-0.1479102480225265,-1.0
2019-02-21,23.294811248779297,0.3137779237392047,0.351213821520408,0.3350082564478119,6.0,-0.0212303327086071,-1.0
2019-02-22,23.259653091430664,0.2409397563897073,0.5167096275836229,0.2423506185101966,6.0,-0.0014108621204892,1.0
2019-02-25,23.356346130371094,0.0349786411970853,0.5631902098655701,0.4018311277031898,5.0,-0.3668524865061045,-1.0
2019-02-26,23.28602409362793,0.4458277188241482,0.2746180535427161,0.2795542107362832,7.0,0.1662735080878649,1.0
2019-02-27,23.37392234802246,0.0739852691601429,0.693977156121816,0.232037571524935,7.0,-0.1580523023647921,-1.0
2019-02-28,23.312397003173828,0.2667628955096006,0.4819861687719822,0.2512509305961429,4.0,0.0155119649134576,1.0
2019-03-01,23.461833953857425,0.0376629126258193,0.3155786171555519,0.6467584852750102,6.0,-0.6090955726491908,-1.0
2019-03-04,23.312397003173828,0.1100742299109696,0.5205185398459434,0.3694072060286998,5.0,-0.2593329761177302,-1.0
2019-03-05,23.2244873046875,0.2012284915628177,0.4364220390894582,0.3623494572405303,7.0,-0.1611209656777126,-1.0
2019-03-06,23.075050354003903,0.2107204165575759,0.3926741427608898,0.3966054594410317,7.0,-0.1858850428834557,-1.0
2019-03-07,22.83771133422852,0.2469472827700276,0.4517213193078835,0.3013313875223199,6.0,-0.0543841047522922,-1.0
2019-03-08,22.82891082763672,0.2432161561612571,0.4853361552315099,0.2714477067015,7.0,-0.0282315505402428,1.0
2019-03-11,23.066261291503903,0.1867710066338379,0.7040699074665705,0.1091590995589891,6.0,0.0776119070748488,1.0
2019-03-12,23.11900329589844,0.215695397555828,0.2859772443771362,0.4983273407444358,5.0,-0.2826319431886077,1.0
2019-03-13,23.277233123779297,0.1557889453445871,0.646750312919418,0.1974607114680111,6.0,-0.0416717661234239,1.0
2019-03-14,23.365137100219727,0.1997126840287819,0.3611109275370835,0.4391764135798439,8.0,-0.239463729551062,1.0
2019-03-15,23.528589248657227,0.0514118345454334,0.424232031404972,0.5243561342358589,5.0,-0.4729442996904254,1.0
2019-03-18,23.767147064208984,0.1623002900318665,0.7605361254377798,0.0771635746244679,11.0,0.0851367154073986,-1.0
2019-03-19,23.581605911254883,0.0806837152689694,0.4096271250396966,0.5096891589462758,10.0,-0.4290054436773062,-1.0
2019-03-20,23.09566307067871,0.3229899903138478,0.1543698807557423,0.5226401885350546,3.0,-0.1996501982212067,-1.0
2019-03-21,23.02497291564941,0.2556450726198299,0.6002153498785836,0.1441395850852131,7.0,0.1115054875346167,-1.0
2019-03-22,22.388824462890625,0.158306177239865,0.4476324698577325,0.3940613831703861,12.0,-0.2357552059305211,-1.0
2019-03-25,22.291637420654297,0.2543701409096164,0.3696674651333264,0.3759624027380985,14.0,-0.1215922618284821,1.0
2019-03-26,22.556703567504883,0.7319205602010092,0.2590201770265897,0.0090592264508207,3.0,0.7228613337501885,-1.0
2019-03-27,22.45951461791992,0.0443171868100761,0.3298081819500241,0.6258746571838856,7.0,-0.5815574703738093,1.0
2019-03-28,22.653892517089844,0.2516789667618771,0.5315187211769322,0.2168022932407135,12.0,0.0348766735211635,1.0
2019-03-29,22.71573638916016,0.1493293853476643,0.5928554333746433,0.2578151581808924,5.0,-0.108485772833228,1.0
2019-04-01,23.27236557006836,0.0703393691219389,0.8751799166202545,0.0544807293917983,4.0,0.0158586397301406,-1.0
2019-04-02,23.254695892333984,0.0390617623925209,0.080212190747261,0.8807260394096375,1.0,-0.8416642770171165,1.0
2019-04-03,23.32537651062012,0.0621003887305656,0.2618663677324851,0.6760332584381104,3.0,-0.6139328697075447,1.0
2019-04-04,23.46674156188965,0.3212448433041572,0.4705236798152327,0.2082314675673842,10.0,0.113013375736773,1.0
2019-04-05,23.502084732055664,0.2564351470874888,0.5030489731580018,0.2405158633898411,7.0,0.0159192836976476,1.0
2019-04-08,23.528589248657227,0.2347211438334649,0.4240720959173308,0.3412067449341217,9.0,-0.1064856011006567,-1.0
2019-04-09,23.334217071533203,0.1780245702248066,0.467141202185303,0.3548342454014345,8.0,-0.1768096751766279,1.0
2019-04-10,23.404897689819336,0.1351694942762454,0.40419269601504,0.4606378055177629,6.0,-0.3254683112415175,1.0
2019-04-11,23.5462703704834,0.2503489656373858,0.3896087917964905,0.3600422590970992,8.0,-0.1096932934597134,1.0
2019-04-12,23.97919273376465,0.3600557288154959,0.342076315329625,0.2978679546369956,13.0,0.0621877741785003,-1.0
2019-04-15,23.828990936279297,0.0648289132355288,0.3142355897209861,0.6209354643625292,11.0,-0.5561065511270004,1.0
2019-04-16,24.16474151611328,0.5443382017314434,0.0366676162928342,0.4189941290766,5.0,0.1253440726548433,1.0
2019-04-17,24.22659111022949,0.2925102296950561,0.3492774122527667,0.3582123621766056,14.0,-0.0657021324815495,-1.0
2019-04-18,24.155902862548828,0.2875147665747337,0.4189823700322044,0.2935028677392337,9.0,-0.0059881011644999,-1.0
2019-04-22,24.08521842956543,0.2477339543402194,0.4383717328310013,0.3138943156227469,2.0,-0.0661603612825274,1.0
2019-04-23,24.23542022705078,0.0305336920234063,0.4373918163279692,0.5320744855950276,6.0,-0.5015407935716212,-1.0
2019-04-24,24.20891571044922,0.2001522329043258,0.5167384283109144,0.2831093265929005,11.0,-0.0829570936885747,1.0
2019-04-25,24.253087997436523,0.2697586791420524,0.4756437631493265,0.2545975522900169,11.0,0.0151611268520355,1.0
2019-04-26,24.47397804260254,0.0937726516276597,0.7196338474750519,0.1865934706293046,4.0,-0.0928208190016448,1.0
2019-04-29,24.72136688232422,0.2747830136213451,0.221616051159799,0.503600942902267,4.0,-0.2288179292809218,1.0
2019-04-30,24.756710052490234,0.2418370281811803,0.1766754519194364,0.581487541901879,8.0,-0.3396505137206987,-1.0
2019-05-01,24.55349540710449,0.1497428959235548,0.2887061342597007,0.5615509569644928,5.0,-0.4118080610409379,1.0
2019-05-02,24.57999992370605,0.1533711222776521,0.4843816409508387,0.3622472331238289,12.0,-0.2088761108461767,1.0
2019-05-03,24.80088424682617,0.1572235487401485,0.8294850885868073,0.0132913626730441,2.0,0.1439321860671043,-1.0
2019-05-06,24.63301086425781,0.0769553063437342,0.2962313145399093,0.6268133552124103,3.0,-0.5498580488686762,-1.0
2019-05-07,24.22659111022949,0.1679376222503681,0.2155151659001906,0.616547234977285,6.0,-0.4486096127269169,-1.0
2019-05-08,24.17357635498047,0.2823377761989831,0.6496128685772419,0.0680493425577878,5.0,0.2142884336411953,-1.0
2019-05-09,24.12056350708008,0.2415761363559534,0.3547488344567163,0.4036750463502747,7.0,-0.1620989099943212,1.0
2019-05-10,24.27959251403809,0.2179481843486427,0.6201373310759664,0.1619144956348463,8.0,0.0560336887137964,-1.0
2019-05-13,23.57276725769043,0.1041529291542246,0.4216964806740482,0.4741505905985832,12.0,-0.3699976614443586,1.0
2019-05-14,23.7583122253418,0.1162253437149855,0.5999978060523669,0.2837768705147836,9.0,-0.167551526799798,-1.0
2019-05-15,23.66995429992676,0.4209058950655162,0.5474516442045569,0.0316424884367733,4.0,0.3892634066287428,1.0
2019-05-16,23.90851211547852,0.0577591857872902,0.4438896318897604,0.498351186979562,8.0,-0.4405920011922717,-1.0
2019-05-17,23.749473571777344,0.1854549827985465,0.5954854264855385,0.2190595925785601,4.0,-0.0336046097800135,1.0
2019-05-20,23.77598190307617,0.0353259705007075,0.5792449386790395,0.385429106419906,8.0,-0.3501031359191984,1.0
2019-05-21,24.02337455749512,0.0226755117997526,0.381861774623394,0.5954627156257629,5.0,-0.5727872038260102,-1.0
2019-05-22,23.88200759887696,0.328474012720916,0.4901974085304472,0.1813285881653427,9.0,0.1471454245555732,-1.0
2019-05-23,23.5462703704834,0.2187526995937029,0.232396174636152,0.5488511205961307,9.0,-0.3300984210024278,1.0
2019-05-24,23.73180389404297,,,,,,-1.0
2019-05-28,23.457908630371094,0.0733108013868331,0.7056308805942535,0.2210583236068487,5.0,-0.1477475222200155,-1.0
2019-05-29,23.41373062133789,0.2172994852066039,0.7298832461237907,0.0528172858059405,5.0,0.1644821994006634,-1.0
2019-05-30,23.334217071533203,0.2224512569606304,0.1928274750709533,0.5847212851047516,5.0,-0.3622700281441212,-1.0
2019-05-31,22.98080444335937,0.1980465687811374,0.6648623943328857,0.1370910359546542,2.0,0.0609555328264831,1.0
2019-06-03,23.131000518798828,0.0500890413920084,0.6380281349023184,0.3118827898676196,3.0,-0.2617937484756112,1.0
2019-06-04,23.7583122253418,0.0668667783029376,0.5243530697189271,0.4087801342830062,4.0,-0.3419133559800685,1.0
2019-06-05,23.90851211547852,0.0860158319895465,0.5803203160564104,0.3336638553688923,6.0,-0.2476480233793458,1.0
2019-06-06,23.996871948242188,0.0837110946368839,0.3536058519449498,0.5626830328255892,9.0,-0.4789719381887052,-1.0
2019-06-07,23.96152877807617,0.0568448333069681,0.6472256109118462,0.2959295669570564,4.0,-0.2390847336500882,1.0
2019-06-10,24.16474151611328,0.4054020401090383,0.3166439607739448,0.2779540787450968,2.0,0.1274479613639415,1.0
2019-06-11,24.17357635498047,0.1099988082423806,0.4205969348549843,0.4694042257033288,2.0,-0.3594054174609482,-1.0
2019-06-12,23.93501281738281,0.3131942925974726,0.3482293657337625,0.3385763422896464,6.0,-0.0253820496921738,1.0
2019-06-13,24.014537811279297,0.9530134201049804,0.027028277516365,0.0199583638459444,1.0,0.933055056259036,1.0
2019-06-14,24.06755828857422,0.0177551954984664,0.3144146502017975,0.6678301095962524,1.0,-0.6500749140977861,-1.0
2019-06-17,23.846664428710938,0.0975297453502813,0.3655010294169187,0.5369691982244451,6.0,-0.4394394528741638,1.0
2019-06-18,24.16474151611328,0.3147744606249034,0.4545591715723276,0.2306663719937205,4.0,0.0841080886311829,-1.0
2019-06-19,24.12056350708008,0.3278466969728469,0.5956409975886345,0.0765123214572667,5.0,0.2513343755155802,1.0
2019-06-20,24.22659111022949,0.0386277828365563,0.4876137465238571,0.4737584590911865,5.0,-0.4351306762546301,-1.0
2019-06-21,24.17241096496582,0.2172089668456464,0.4668880559038371,0.3159029615344479,8.0,-0.0986939946888014,-1.0
2019-06-24,24.074731826782227,0.0602559645970661,0.405673270424207,0.534070760011673,6.0,-0.4738147954146068,-1.0
2019-06-25,23.99480628967285,0.3458325993269682,0.4022946357727051,0.251872781664133,3.0,0.0939598176628351,-1.0
2019-06-26,23.95040702819824,0.0959526249207556,0.5413119867444038,0.3627353738993406,4.0,-0.266782748978585,1.0
2019-06-27,24.163536071777344,0.4871041178703308,0.3092308267951011,0.2036650893278419,2.0,0.2834390285424888,1.0
2019-06-28,24.50987434387207,0.2134365923702716,0.4290158554911613,0.357547534443438,5.0,-0.1441109420731663,1.0
2019-07-01,24.80292701721192,0.2077350296700993,0.3668573821584384,0.425407544709742,6.0,-0.2176725150396427,-1.0
2019-07-02,24.740758895874023,0.1228196519826139,0.7415686845779419,0.1356116944391812,7.0,-0.0127920424565672,1.0
2019-07-03,24.936134338378903,0.057852167636156,0.4885702282190322,0.4535775631666183,2.0,-0.3957253955304622,1.0
2019-07-05,25.00717735290528,0.1995150819420814,0.3924949549138546,0.4079899579286575,5.0,-0.2084748759865761,-1.0
2019-07-08,24.88284492492676,0.06335834035029,0.4677248191088438,0.4689168320347865,15.0,-0.4055584916844965,1.0
2019-07-09,24.92724800109864,0.1064568900370171,0.3776774172272001,0.5158657206754599,7.0,-0.4094088306384427,-1.0
2019-07-10,24.83844566345215,0.2797420885413885,0.4750163860619068,0.24524153387174,5.0,0.0345005546696484,1.0
2019-07-11,24.98052978515625,0.1288675414398312,0.3300933808088302,0.5410390574485063,10.0,-0.4121715160086751,1.0
2019-07-12,25.14925575256348,0.2955480944365263,0.4159243251197039,0.288527563214302,4.0,0.0070205312222242,-1.0
2019-07-15,25.00717735290528,0.1916236246802976,0.5637525357306002,0.2446238474388207,7.0,-0.053000222758523,-1.0
2019-07-16,24.94500732421875,0.3668883681918184,0.0507873743772506,0.5823242751260599,6.0,-0.2154359069342414,-1.0
2019-07-17,24.73188018798828,0.0828369393323858,0.4546830141916871,0.4624800582726796,6.0,-0.3796431189402938,1.0
2019-07-18,24.91836929321289,0.0394338347638646,0.3866896880790591,0.5738764740526675,6.0,-0.5344426392888029,-1.0
2019-07-19,24.811803817749023,0.1994501783379486,0.5644506849348545,0.2360991401863949,7.0,-0.0366489618484462,1.0
2019-07-22,24.86508750915528,0.0463822238147258,0.3837086454033852,0.5699091333895921,5.0,-0.5235269095748663,1.0
2019-07-23,25.122617721557617,0.2079024508129805,0.3598249093629419,0.4322726269019767,8.0,-0.2243701760889962,1.0
2019-07-24,25.3801498413086,0.0247895633801817,0.2514121462590992,0.7237982759252191,4.0,-0.6990087125450373,-1.0
2019-07-25,25.202539443969727,0.1947074296573797,0.4595847487863567,0.3457078221771452,9.0,-0.1510003925197654,1.0
2019-07-26,25.47783470153809,0.1162536442279815,0.3777850568294525,0.5059612393379211,1.0,-0.3897075951099396,-1.0
2019-07-29,25.28246307373047,0.1493867164891626,0.4646614115271303,0.3859518641192052,9.0,-0.2365651476300425,-1.0
2019-07-30,25.21142196655273,0.1506019296745458,0.7398866017659506,0.1095114375154177,3.0,0.0410904921591281,-1.0
2019-07-31,25.08709526062012,0.2023443570360541,0.3313657675559321,0.4662898761065056,12.0,-0.2639455190704515,-1.0
2019-08-01,24.51875305175781,0.2613931670784949,0.3651851618831808,0.3734216839921744,11.0,-0.1120285169136794,-1.0
2019-08-02,24.50987434387207,0.2731438260525464,0.6401118511954943,0.0867443432410557,3.0,0.1863994828114907,-1.0
2019-08-05,23.69287300109864,0.1696174168027937,0.3549949256703257,0.4753876447211951,4.0,-0.3057702279184013,1.0
2019-08-06,24.074731826782227,0.1486913223883934,0.7060926897185189,0.1452159976054514,7.0,0.0034753247829419,-1.0
2019-08-07,23.75503921508789,0.161746953241527,0.3266876634210348,0.511565363034606,5.0,-0.3498184097930789,1.0
2019-08-08,24.20793914794922,,,,,,-1.0
2019-08-09,24.128013610839844,0.0137131959199905,0.0954299916823704,0.8908567825953165,3.0,-0.877143586675326,-1.0
2019-08-12,23.666234970092773,0.2398854058701544,0.6006642337888479,0.1594503812957554,8.0,0.080435024574399,1.0
2019-08-13,23.959285736083984,0.0667980060291786,0.4491947429875533,0.4840072697649399,6.0,-0.4172092637357613,-1.0
2019-08-14,23.071250915527344,0.1290550430615742,0.7395699471235275,0.1313750150923927,6.0,-0.0023199720308184,1.0
2019-08-15,23.186697006225582,0.0353637030348181,0.4542883879815538,0.510347917675972,3.0,-0.4749842146411538,1.0
2019-08-16,23.595191955566406,0.4098133835941553,0.4721946809440851,0.1179919242858886,2.0,0.2918214593082667,1.0
2019-08-19,23.8349552154541,0.3912484440952539,0.3657044041901826,0.2430471580009907,4.0,0.1482012860942632,-1.0
2019-08-20,23.515268325805664,0.0623882543295621,0.3214920060709119,0.6161197514738888,8.0,-0.5537314971443266,1.0
2019-08-21,23.62183380126953,0.4190580581004421,0.1879615339760978,0.3929804085443417,6.0,0.0260776495561003,1.0
2019-08-22,23.781679153442383,0.0598709490150212,0.321786917746067,0.618342121442159,3.0,-0.5584711724271377,-1.0
2019-08-23,23.177810668945312,0.1082956952353318,0.5972136279775037,0.2944906794776519,9.0,-0.18619498424232,1.0
2019-08-26,23.399822235107425,0.0333092198707162,0.5834717666730285,0.3832190388347953,4.0,-0.349909818964079,-1.0
2019-08-27,23.25773811340332,0.262091987101095,0.4817101167781012,0.2561979009104626,7.0,0.0058940861906324,1.0
2019-08-28,23.47086524963379,0.1248452067375182,0.7405353918671608,0.1346194077283143,5.0,-0.009774200990796,1.0
2019-08-29,23.82608413696289,0.0574988561815448,0.6380235217511654,0.3044776151488934,7.0,-0.2469787589673485,1.0
2019-08-30,23.906003952026367,0.0259894039481877,0.3362999459107716,0.6377106482783953,3.0,-0.6117212443302076,-1.0
2019-09-03,23.65735244750977,0.1683975360356271,0.2493052817881107,0.5822971875313668,4.0,-0.4138996514957397,1.0
2019-09-04,23.88824462890625,0.205753743648529,0.0879774270579218,0.7062688060104847,4.0,-0.5005150623619556,1.0
2019-09-05,24.37666320800781,0.1632755752652883,0.5499217797602926,0.286802656283336,7.0,-0.1235270810180476,-1.0
2019-09-06,24.36778450012207,0.030104137957096,0.3454258739948272,0.624469980597496,3.0,-0.5943658426403999,1.0
2019-09-09,24.740758895874023,0.2640865403892738,0.5081479764942612,0.2277655143822942,7.0,0.0363210260069795,1.0
2019-09-10,24.82956314086914,0.1729814554564654,0.4148239539936185,0.4121945876007278,6.0,-0.2392131321442624,1.0
2019-09-11,24.97165298461914,0.1445175919216126,0.4269920554943383,0.4284903591033071,8.0,-0.2839727671816945,1.0
2019-09-12,25.10486602783203,0.1890938753883043,0.4898922484782007,0.3210138598870899,9.0,-0.1319199844987856,1.0
2019-09-13,25.300228118896484,0.3088384699076414,0.2297385046258568,0.4614230575971305,4.0,-0.1525845876894891,-1.0
2019-09-16,25.21142196655273,0.4399864797790845,0.241351851572593,0.3186617169218759,3.0,0.1213247628572086,1.0
2019-09-17,25.23805809020996,0.2453256496228277,0.290935224853456,0.4637391678988933,4.0,-0.2184135182760656,1.0
2019-09-18,25.32686996459961,0.213178836274892,0.2993869394995272,0.4874342083930969,8.0,-0.2742553721182049,-1.0
2019-09-19,25.21142196655273,0.2079882568679749,0.374376542493701,0.4176351864822208,10.0,-0.2096469296142459,-1.0
2019-09-20,25.063257217407227,0.2402653135359287,0.6340351849794388,0.1256995098665356,2.0,0.114565803669393,1.0
2019-09-23,25.10788345336914,0.2133396372664719,0.5178252253681421,0.268835133058019,8.0,-0.055495495791547,-1.0
2019-09-24,24.86689186096192,0.0387433276046066,0.4661914227763191,0.4950652606785297,8.0,-0.456321933073923,1.0
2019-09-25,25.072179794311523,0.2254151898669078,0.2693343521095812,0.5052504353225231,8.0,-0.2798352454556152,-1.0
2019-09-26,24.95615005493164,0.0740678329020738,0.7462417408823967,0.1796904662624001,4.0,-0.1056226333603263,1.0
2019-09-27,25.054330825805664,0.299151361402538,0.4182370491325855,0.2826115816003746,9.0,0.0165397798021634,-1.0
2019-09-30,24.991849899291992,0.5309021919965744,0.4525380581617355,0.0165597321465611,2.0,0.5143424598500133,-1.0
2019-10-01,24.465238571166992,0.0531752209903465,0.3928333365668853,0.5539914346817467,9.0,-0.5008162136914002,-1.0
2019-10-02,23.96539878845215,0.1645284411497413,0.357980596832931,0.477490961086005,4.0,-0.3129625199362635,1.0
2019-10-03,24.063581466674805,0.3450457149495681,0.422333113849163,0.232621172753473,6.0,0.112424542196095,1.0
2019-10-04,24.50986862182617,0.0991240920266136,0.350085298763588,0.5507906066486612,8.0,-0.4516665146220476,-1.0
2019-10-07,24.384910583496094,0.1722468294735465,0.3940900526940822,0.4336631267464587,7.0,-0.2614162972729121,-1.0
2019-10-08,23.90292739868164,0.1003706268966197,0.6508098971098661,0.2488195002079009,4.0,-0.1484488733112812,1.0
2019-10-09,24.126066207885746,,,,,,1.0
2019-10-10,24.3759822845459,0.4263366023078561,0.531836342997849,0.0418270354275591,8.0,0.3845095668802969,1.0
2019-10-11,24.67945098876953,0.0282952977965274,0.5512550820906957,0.4204496284946799,3.0,-0.3921543306981524,1.0
2019-10-14,24.71515464782715,0.0401280559599399,0.1694552153348922,0.7904167175292969,1.0,-0.7502886615693569,1.0
2019-10-15,25.072179794311523,0.2527840946568175,0.3284484953619539,0.4187674060813151,16.0,-0.1659833114244975,-1.0
2019-10-16,25.009706497192383,0.2095048181446535,0.4360824110252516,0.3544127716283713,7.0,-0.1449079534837178,1.0
2019-10-17,25.02755546569824,0.0706878796752009,0.5264869247164045,0.402825206119035,7.0,-0.332137326443834,1.0
2019-10-18,25.090028762817383,0.1669154989843567,0.3979229720102416,0.4351615232105056,9.0,-0.2682460242261489,1.0
2019-10-21,25.438135147094727,0.0407627704553305,0.2859657290391623,0.6732714902609587,4.0,-0.6325087198056282,-1.0
2019-10-22,25.36672782897949,0.0709790994102755,0.4733523996546864,0.4556685007022072,6.0,-0.3846894012919317,1.0
2019-10-23,25.47383689880371,0.0217513550305738,0.0941087044775485,0.8841399252414703,4.0,-0.8623885702108964,-1.0
2019-10-24,25.438135147094727,0.2592474436387419,0.2920322483405471,0.4487203080207109,4.0,-0.189472864381969,1.0
2019-10-25,25.56309700012207,0.0496162367053329,0.4841324361041189,0.466251325327903,4.0,-0.4166350886225701,1.0
2019-10-28,25.69697380065918,0.1597095804495943,0.4572551101446152,0.3830353077501058,9.0,-0.2233257273005115,1.0
2019-10-29,25.759462356567383,0.514738627616316,0.260720907896757,0.224540482647717,5.0,0.2901981449685989,-1.0
2019-10-30,25.74160957336425,0.1822185904851981,0.4271932505071163,0.3905881618016532,7.0,-0.2083695713164551,-1.0
2019-10-31,25.61664772033692,0.0376526245381682,0.2335869814269244,0.7287603877484798,8.0,-0.6911077632103115,1.0
2019-11-01,25.991527557373047,0.3565384695927302,0.3346141545722881,0.3088473879421751,6.0,0.0476910816505551,1.0
2019-11-04,26.21467018127441,0.3116862922906875,0.5629754215478897,0.1253382858509818,3.0,0.1863480064397056,1.0
2019-11-05,26.312849044799805,0.1790102366358041,0.6434307433664799,0.1775590073583381,7.0,0.001451229277466,1.0
2019-11-06,26.44673156738281,0.2451477576047181,0.6043181665241718,0.1505340733565389,10.0,0.0946136842481791,1.0
2019-11-07,26.64309883117676,0.4526328692833583,0.3500301912426948,0.1973369525124629,3.0,0.2552959167708953,-1.0
2019-11-08,26.634174346923828,0.0283771598090727,0.0734796610971291,0.8981431722640991,3.0,-0.8697660124550264,-1.0
2019-11-11,26.562768936157227,0.1777565497905015,0.5283714551478624,0.2938719889415161,7.0,-0.1161154391510145,1.0
2019-11-12,26.59846878051757,0.2141686659306287,0.2989568427205086,0.4868744660168886,5.0,-0.2727058000862599,-1.0
2019-11-13,26.42888069152832,0.187714735046029,0.3817224308848381,0.4305628327652811,5.0,-0.242848097719252,1.0
2019-11-14,26.48243522644043,0.1061312028517325,0.4520844233532746,0.4417843762785196,6.0,-0.3356531734267871,1.0
2019-11-15,26.55384063720703,0.3242679758695885,0.3490375687833875,0.3266944404458627,8.0,-0.0024264645762741,1.0
2019-11-18,26.60739517211914,0.2561253570020198,0.1765145199994245,0.5673601565261682,6.0,-0.3112347995241484,1.0
2019-11-19,26.66095352172852,0.2462427631641427,0.3543352987617254,0.3994219393158952,6.0,-0.1531791761517525,-1.0
2019-11-20,26.53598976135254,0.0494031731504946,0.4094187766313553,0.5411780537106097,8.0,-0.491774880560115,-1.0
2019-11-21,26.509218215942383,0.2561846117355993,0.5149445863706725,0.2288708029580967,7.0,0.0273138087775026,1.0
2019-11-22,26.70557975769043,0.0735844558415313,0.2981539694592356,0.6282615636785825,6.0,-0.5546771078370513,1.0
2019-11-25,26.875167846679688,0.4171101361513137,0.5624077603220939,0.0204820953309535,5.0,0.3966280408203602,-1.0
2019-11-26,26.84839057922364,0.4487592419609427,0.0676255272701382,0.4836152791976928,2.0,-0.0348560372367501,1.0
2019-11-27,26.95549774169922,0.0203354936093091,0.4769943300634623,0.5026701502501965,2.0,-0.4823346566408873,-1.0
2019-11-29,26.910865783691406,0.0480592930689453,0.7069871677085757,0.2449535240884869,4.0,-0.1968942310195416,-1.0
2019-12-02,26.74127578735352,0.1337343929335474,0.5007429271936417,0.3655227079987526,5.0,-0.2317883150652051,-1.0
2019-12-03,26.36640739440918,0.0866317745919028,0.5545305373768011,0.3588376850821078,6.0,-0.2722059104902049,1.0
2019-12-04,26.616323471069336,0.0426881897728889,0.3850141726434231,0.5722976438701153,4.0,-0.5296094540972263,1.0
2019-12-05,26.74127578735352,0.2742194127291441,0.3069732338190078,0.4188073523342609,5.0,-0.1445879396051168,1.0
2019-12-06,27.09830665588379,0.0354615754137436,0.4245029116670291,0.5400355160236359,3.0,-0.5045739406098922,-1.0
2019-12-09,27.035829544067383,0.2963196947239339,0.2205100087448954,0.4831703007221221,4.0,-0.1868506059981882,1.0
2019-12-10,27.044755935668945,0.1577052068896591,0.0793133067588011,0.7629814793666204,6.0,-0.6052762724769614,-1.0
2019-12-11,26.98227500915528,0.1992974343399206,0.6209052316844463,0.1797973212475577,6.0,0.0195001130923628,1.0
2019-12-12,27.50888442993164,0.1955975854769348,0.2660829503089189,0.5383194521069526,5.0,-0.3427218666300178,-1.0
2019-12-13,27.41070556640625,0.1854678845653931,0.479102998971939,0.3354291928311189,3.0,-0.1499613082657258,1.0
2019-12-16,27.50888442993164,0.405696611230572,0.3710754215717315,0.2232279884628951,6.0,0.1824686227676768,1.0
2019-12-17,27.61599540710449,0.2540671254197756,0.390143630405267,0.355789265440156,6.0,-0.1017221400203803,-1.0
2019-12-18,27.499963760375977,0.3472543060779571,0.3460712817807992,0.3066744099681576,3.0,0.0405798961097995,-1.0
2019-12-19,27.49103355407715,0.2728288133318226,0.416735100870331,0.3104361003885666,6.0,-0.037607287056744,1.0
2019-12-20,27.52333068847656,0.1454400017391889,0.564791664481163,0.2897683376213535,8.0,-0.1443283358821645,-1.0
2019-12-23,27.46053504943848,0.1004924921851072,0.7619188789810453,0.1375886408079947,14.0,-0.0370961486228874,1.0
2019-12-24,27.52333068847656,0.0206127017736434,0.026246964931488,0.9531403183937072,1.0,-0.9325276166200638,1.0
2019-12-26,27.675840377807617,0.3229440078139304,0.4047553092241286,0.272300680167973,3.0,0.0506433276459574,-1.0
2019-12-27,27.60407447814941,,,,,,-1.0
2019-12-30,27.52333068847656,0.0649313131968179,0.8970014452934265,0.0380672278503576,3.0,0.0268640853464602,1.0
2019-12-31,27.613046646118164,0.5226382116476694,0.4494917734215657,0.0278700590133666,3.0,0.4947681526343028,1.0
2020-01-02,27.882173538208008,0.2538514956831931,0.3674842168887456,0.3786642688016097,3.0,-0.1248127731184165,-1.0
2020-01-03,27.58612823486328,0.3978930413722991,0.5704834014177322,0.0316235749050974,2.0,0.3662694664672017,-1.0
2020-01-06,27.568187713623047,0.3824690226465463,0.3058363820115725,0.3116946391140421,3.0,0.0707743835325042,-1.0
2020-01-07,27.388771057128903,0.0919373144085208,0.2517761941999196,0.6562865177790324,3.0,-0.5643492033705115,1.0
2020-01-08,27.568187713623047,0.0627621065825223,0.3165068633854389,0.6207310499623417,5.0,-0.5579689433798194,1.0
2020-01-09,27.73863410949707,0.1350586068713002,0.2252179189688629,0.6397234816104174,9.0,-0.5046648747391171,-1.0
2020-01-10,27.532304763793945,0.1148517102003097,0.8423988580703735,0.0427494253963231,5.0,0.0721022848039865,1.0
2020-01-13,27.72069931030273,0.3718122197315097,0.4456059031188488,0.1825818832032382,10.0,0.1892303365282714,-1.0
2020-01-14,27.666868209838867,0.2078269987653654,0.445045590114135,0.3471274294245701,13.0,-0.1393004306592047,-1.0
2020-01-15,27.51436233520508,0.4457874581631686,0.3171209678467777,0.2370915542253189,9.0,0.2086959039378497,1.0
2020-01-16,27.75658226013184,0.3046687553740209,0.4538355411754714,0.2414956878249843,9.0,0.0631730675490366,1.0
2020-01-17,27.837322235107425,0.0693208454176783,0.4722701273858547,0.4584090020507574,4.0,-0.3890881566330791,-1.0
2020-01-21,27.60407447814941,0.2067130779226621,0.3735410695274671,0.4197458522394299,3.0,-0.2130327743167678,1.0
2020-01-22,27.684814453125,0.1550710743123834,0.6370910832827742,0.2078378253023732,11.0,-0.0527667509899898,-1.0
2020-01-23,27.613046646118164,0.2252174157442317,0.360531549486849,0.4142510299053457,9.0,-0.1890336141611139,-1.0
2020-01-24,27.263172149658203,0.1089278233703225,0.473288033157587,0.4177841349737718,8.0,-0.3088563116034493,-1.0
2020-01-27,26.84153175354004,0.1322793464642017,0.5447187419049442,0.3230018895119428,4.0,-0.190722543047741,1.0
2020-01-28,27.155515670776367,0.1884631254813737,0.4652344216075208,0.3463024620173706,9.0,-0.1578393365359968,-1.0
2020-01-29,27.11066055297852,0.1363316224887966,0.6649315782230009,0.1987368149513547,11.0,-0.062405192462558,1.0
2020-01-30,27.451562881469727,0.2268101280047134,0.4139525108039379,0.3592373647473075,11.0,-0.132427236742594,-1.0
2020-01-31,26.87740898132324,0.0218923003412782,0.225397378206253,0.7527103498578072,4.0,-0.730818049516529,1.0
2020-02-03,27.065805435180664,0.2503642754342693,0.5706113317551521,0.1790243986134345,13.0,0.0713398768208347,1.0
2020-02-04,27.32596778869629,0.1596926307039601,0.5778965098517281,0.2624108724828277,7.0,-0.1027182417788675,1.0
2020-02-05,27.87320327758789,0.2310751421377062,0.2805827461183071,0.4883421491831541,5.0,-0.2572670070454478,-1.0
2020-02-06,27.837322235107425,0.1697300983360036,0.6010048757307231,0.2292650348972529,8.0,-0.0595349365612492,-1.0
2020-02-07,27.73863410949707,0.0828737227711826,0.4188038171268999,0.4983224262250587,8.0,-0.4154487034538761,1.0
2020-02-10,27.819379806518555,0.1768095452571287,0.5044603256974369,0.3187301389407366,8.0,-0.1419205936836079,1.0
2020-02-11,27.91806030273437,0.2651655680965632,0.4867219505831599,0.2481124489568173,4.0,0.0170531191397459,1.0
2020-02-12,27.935998916625977,0.0798774762795521,0.4538159017952589,0.4663066214953477,13.0,-0.3864291452157956,-1.0
2020-02-13,27.92703437805176,0.195157289194564,0.5553159539898237,0.2495267763733863,6.0,-0.0543694871788223,1.0
2020-02-14,27.962915420532227,0.0338645931333303,0.6057015582919121,0.3604338417450587,3.0,-0.3265692486117284,-1.0
2020-02-18,27.72069931030273,0.0590847313093641,0.538126663925747,0.4027886101976037,6.0,-0.3437038788882395,1.0
2020-02-19,27.92703437805176,0.2152411203831434,0.4494633000344038,0.335295586194843,10.0,-0.1200544658116996,-1.0
2020-02-20,27.87320327758789,0.177897808374837,0.456728674005717,0.3653735229745507,8.0,-0.1874757145997137,-1.0
2020-02-21,27.60407447814941,0.0364521893206983,0.3831996824592352,0.5803481223993003,4.0,-0.543895933078602,-1.0
2020-02-24,26.70696449279785,0.0363240204751491,0.5269180546913828,0.4367579067392008,7.0,-0.4004338862640517,-1.0
2020-02-25,25.800880432128903,0.2734333159815934,0.4528973851766851,0.2736693056714203,18.0,-0.0002359896898269,-1.0
2020-02-26,25.61248588562012,0.0608156877569853,0.4393293611705303,0.4998549439013004,10.0,-0.439039256144315,-1.0
2020-02-27,24.518016815185547,0.0599448750726878,0.3157847430557012,0.6242703660391271,8.0,-0.5643254909664392,-1.0
2020-02-28,23.854150772094727,0.0601322234608232,0.5418762784451246,0.3979915054515003,10.0,-0.3378592819906771,1.0
2020-03-02,25.074222564697266,0.2837337490171193,0.3938493754714727,0.3224168525077402,10.0,-0.0386831034906209,-1.0
2020-03-03,24.13225746154785,0.1710832472114513,0.3663563154016931,0.4625603966414928,12.0,-0.2914771494300415,1.0
2020-03-04,24.930688858032227,0.1910003190860151,0.5639866009354592,0.2450130788609385,5.0,-0.0540127597749233,-1.0
2020-03-05,23.72855758666992,0.2183144438183969,0.4845904165671931,0.2970951277141769,9.0,-0.07878068389578,-1.0
2020-03-06,22.921157836914062,0.1439584564068354,0.4838962770299986,0.3721452666795812,16.0,-0.2281868102727458,-1.0
2020-03-09,20.46307182312012,0.0575250981089013,0.3207426071166991,0.6217322909058287,13.0,-0.5642071927969273,1.0
2020-03-10,21.66520881652832,0.2142240851082735,0.3674964452576306,0.4182794639944202,18.0,-0.2040553788861467,-1.0
2020-03-11,20.489990234375,0.0861258645955886,0.4953305274248123,0.4185436253125468,18.0,-0.3324177607169581,-1.0
2020-03-12,18.27412796020508,0.1699365202337503,0.490236059948802,0.3398274231702089,10.0,-0.1698909029364586,1.0
2020-03-13,20.67838287353516,0.1831840723752975,0.2175367060117423,0.5992792318575084,8.0,-0.4160951594822109,-1.0
2020-03-16,17.84351348876953,0.1204622606746851,0.3096371702849864,0.5699005557431115,18.0,-0.4494382950684263,1.0
2020-03-17,18.81239318847656,0.2877060804597061,0.3705250974339635,0.3417688232198681,23.0,-0.0540627427601619,-1.0
2020-03-18,17.215539932250977,0.2138116244226693,0.6955688327550889,0.0906195448711514,10.0,0.1231920795515179,1.0
2020-03-19,17.59232521057129,0.2788418104173615,0.265490237933894,0.4556679553740347,24.0,-0.1768261449566732,-1.0
2020-03-20,16.96434783935547,0.1842508273885438,0.3254865547151941,0.4902626266948094,19.0,-0.3060117993062656,-1.0
2020-03-23,15.977301597595217,0.4246132469807679,0.2810165551849282,0.2943701919598074,13.0,0.1302430550209605,1.0
2020-03-24,17.958637237548828,0.262443267474217,0.3497458355767385,0.3878109130476202,7.0,-0.1253676455734031,1.0
2020-03-25,18.447179794311523,0.0884455682502852,0.4127832994692855,0.4987711096182465,9.0,-0.4103255413679613,1.0
2020-03-26,19.60521697998047,0.2163049910616661,0.4988532981702259,0.2848417140942599,14.0,-0.0685367230325937,-1.0
2020-03-27,19.00810432434082,0.2315657689021183,0.3995032155743012,0.3689310246935257,13.0,-0.1373652557914073,1.0
2020-03-30,19.3699893951416,0.0765287820249795,0.4174089014995842,0.506062327651307,8.0,-0.4295335456263274,-1.0
2020-03-31,18.83620834350586,0.0840253653004765,0.5141794076189399,0.4017952383728698,8.0,-0.3177698730723933,-1.0
2020-04-01,17.687217712402344,0.0720088791779496,0.3859331052411686,0.5420579987324097,11.0,-0.47004911955446,1.0
2020-04-02,18.13053131103516,0.1045465881211889,0.3362680992318524,0.5591853091286288,9.0,-0.4546387210074398,-1.0
2020-04-03,17.768640518188477,0.2357243752869015,0.4656027109277519,0.2986728990535167,22.0,-0.0629485237666152,1.0
2020-04-06,19.04429244995117,0.2231755405664443,0.4569597396999597,0.3198647375218569,10.0,-0.0966891969554126,1.0
2020-04-07,19.234289169311523,0.4054338165248434,0.4172086003753874,0.1773575924129949,9.0,0.2280762241118484,1.0
2020-04-08,20.075668334960938,0.3210921400011731,0.3900453628828892,0.2888624990502229,13.0,0.0322296409509502,1.0
2020-04-09,21.152286529541016,0.1490277195763256,0.5705116285632054,0.2804606620015369,18.0,-0.1314329424252113,-1.0
2020-04-13,20.38327407836914,0.2022633264557673,0.5666135155524199,0.2311231565590088,13.0,-0.0288598301032415,1.0
2020-04-14,20.473745346069336,0.4322918760590255,0.2614719096039022,0.3062362076847681,14.0,0.1260556683742574,-1.0
2020-04-15,19.587121963500977,0.1870453250077035,0.4780320082273748,0.3349226572447352,18.0,-0.1478773322370317,-1.0
2020-04-16,19.24333381652832,0.2770258475405474,0.3033843484396735,0.4195898141091068,12.0,-0.1425639665685594,1.0
2020-04-17,20.256610870361328,0.2176596799067088,0.5829121055347579,0.1994282167537935,14.0,0.0182314631529152,-1.0
2020-04-20,19.90377616882324,0.2452342035248875,0.5623443585354835,0.1924214379396289,8.0,0.0528127655852586,-1.0
2020-04-21,19.26142692565918,0.2356224591947264,0.2726530294037527,0.4917245051927036,9.0,-0.2561020459979772,1.0
2020-04-22,19.469512939453125,0.1563051490645323,0.2981063348374196,0.5455885286043797,14.0,-0.3892833795398474,-1.0
2020-04-23,19.38808822631836,0.1690802915021776,0.2859921162948012,0.5449276002123952,10.0,-0.3758473087102175,1.0
2020-04-24,19.66855239868164,0.3179887764983706,0.4591672983434465,0.2228439316774407,9.0,0.0951448448209298,1.0
2020-04-27,20.338041305541992,0.1937437021406367,0.3864491223357618,0.4198071905411779,8.0,-0.2260634884005412,1.0
2020-04-28,20.5551700592041,0.3271756425965577,0.1973278932273387,0.4754964426392689,8.0,-0.1483208000427112,1.0
2020-04-29,21.152286529541016,0.107942240871489,0.5704023789614439,0.3216553872451186,5.0,-0.2137131463736296,-1.0
2020-04-30,20.61850547790528,0.1654478201332191,0.4731855032344659,0.3613666876529653,12.0,-0.1959188675197462,-1.0
2020-05-01,19.95806121826172,0.2478086473420262,0.29686293983832,0.4553284484427422,4.0,-0.2075198011007159,-1.0
2020-05-04,19.77711677551269,0.2263229605741798,0.4455891953160365,0.3280878490768372,6.0,-0.1017648885026573,-1.0
2020-05-05,19.713781356811523,0.2121372412890195,0.3536754846572876,0.4341872800141573,5.0,-0.2220500387251377,-1.0
2020-05-06,19.28856468200684,0.1957890966907143,0.3250165419653057,0.4791943612508476,10.0,-0.2834052645601332,1.0
2020-05-07,19.740928649902344,0.2917937271995469,0.3968332801014184,0.3113729804754257,8.0,-0.0195792532758787,1.0
2020-05-08,20.16614151000977,0.2333806481744561,0.3008505318846021,0.4657688365717019,7.0,-0.2323881883972457,-1.0
2020-05-11,19.77711677551269,0.0954034963312247,0.1799447458858291,0.7246517655439675,6.0,-0.6292482692127427,-1.0
2020-05-12,19.26142692565918,0.077396673336625,0.4172542490065097,0.5053490698337555,5.0,-0.4279523964971304,-1.0
2020-05-13,18.69144821166992,0.2579450688014427,0.5379063691943884,0.2041485492760936,6.0,0.0537965195253491,1.0
2020-05-14,19.17095947265625,0.1032082779953876,0.6938870685795943,0.2029046503206093,6.0,-0.0996963723252216,-1.0
2020-05-15,19.04429244995117,0.0938352172573407,0.8854317665100098,0.0207329873616496,3.0,0.0731022298956911,1.0
2020-05-18,20.021390914916992,0.2945247195893898,0.330647918395698,0.3748273783130571,4.0,-0.0803026587236673,-1.0
2020-05-19,19.53284072875977,0.2470591936260461,0.5589498547837138,0.1939909353852271,10.0,0.0530682582408189,1.0
2020-05-20,19.96710205078125,0.0997873128137804,0.6012336923317476,0.2989790095863017,11.0,-0.1991916967725212,-1.0
2020-05-21,19.90377616882324,0.0494516290491446,0.4102147980593145,0.5403335674200207,8.0,-0.490881938370876,-1.0
2020-05-22,19.83139991760254,0.0290678690653293,0.4927132306620478,0.4782189275138079,4.0,-0.4491510584484786,1.0
2020-05-26,20.862773895263672,0.3617883302271366,0.4056003939360379,0.2326112456619739,5.0,0.1291770845651626,1.0
2020-05-27,21.767492294311523,0.4145645398646593,0.368354832753539,0.217080617789179,10.0,0.1974839220754802,-1.0
2020-05-28,21.423702239990234,0.250200312727919,0.3889039173149146,0.3608957504710325,13.0,-0.1106954377431135,-1.0
2020-05-29,21.17942237854004,0.0829716052860021,0.7128228485584259,0.2042055457830428,5.0,-0.1212339404970407,1.0
2020-06-01,21.423702239990234,0.3159156547238429,0.5718807677427927,0.1122035402804612,3.0,0.2037121144433816,1.0
2020-06-02,21.59559631347656,0.2709574293345212,0.5110688205808401,0.2179737651720642,5.0,0.052983664162457,1.0
2020-06-03,22.400793075561523,0.2364990164836247,0.2990733080854018,0.4644276658073067,6.0,-0.227928649323682,1.0
2020-06-04,22.88934135437012,0.240959003008902,0.528733579814434,0.230307422671467,10.0,0.010651580337435,1.0
2020-06-05,23.73977470397949,0.3454750155409177,0.5947248302400112,0.0598001657053827,6.0,0.2856748498355349,1.0
2020-06-08,24.192138671875,0.1867231463082134,0.1999250365421175,0.6133518110029399,10.0,-0.4266286646947264,-1.0
2020-06-09,23.67644119262696,0.5388955692760646,0.2926212495658546,0.168483176967129,8.0,0.3704123923089356,-1.0
2020-06-10,22.78982353210449,0.2840394318963473,0.4739511273801327,0.2420094466696564,13.0,0.0420299852266908,-1.0
2020-06-11,20.92610740661621,0.0650060519576072,0.2855575673282146,0.6494363557547331,5.0,-0.5844303037971259,1.0
2020-06-12,21.559402465820312,0.0464362303415933,0.6065195997556051,0.3470441413422425,3.0,-0.3006079110006491,1.0
2020-06-15,21.857967376708984,0.3977765174848692,0.5356065481901169,0.0666168986686638,7.0,0.3311596188162055,1.0
2020-06-16,22.20175743103028,0.0147018330171704,0.0149026922881603,0.9703955054283142,1.0,-0.9556936724111438,-1.0
2020-06-17,21.86701011657715,0.0317970251974959,0.3153249938040972,0.6528779671837887,6.0,-0.6210809419862927,-1.0
2020-06-18,21.83987045288086,0.2909591487712329,0.5760435590313541,0.1329972971644666,9.0,0.1579618516067663,-1.0
2020-06-19,21.695114135742188,0.1733568925410508,0.4055495827148358,0.4210935368513067,6.0,-0.2477366443102558,-1.0
2020-06-22,21.58767509460449,0.2263919552788137,0.3799053262919187,0.3937026904895901,8.0,-0.1673107352107763,1.0
2020-06-23,21.687833786010746,0.4938857737928629,0.2439784869551658,0.2621357426047325,5.0,0.2317500311881304,-1.0
2020-06-24,20.92302131652832,0.2464573348406702,0.3087341720238327,0.4448084770701825,4.0,-0.1983511422295123,1.0
2020-06-25,21.47842025756836,0.4380962206050753,0.3884703293442725,0.1734334208304062,4.0,0.2646627997746691,-1.0
2020-06-26,20.55882835388184,0.0307357238605618,0.3972781233489513,0.5719861570745707,5.0,-0.5412504332140089,1.0
2020-06-29,20.786449432373047,0.299849729402922,0.3110685383435338,0.3890817142091691,8.0,-0.0892319848062471,1.0
2020-06-30,21.068696975708008,0.3655787107667752,0.3789431165371622,0.2554781893268227,7.0,0.1101005214399525,-1.0
2020-07-01,20.8866024017334,0.3002772632365425,0.4530506564511193,0.2466720998701121,9.0,0.0536051633664303,1.0
2020-07-02,20.91391372680664,0.2520404960243747,0.4215632515171399,0.3263962505958401,13.0,-0.0743557545714653,1.0
2020-07-06,21.31452751159668,0.3024030610918998,0.4118422329425811,0.285754726268351,10.0,0.0166483348235488,-1.0
2020-07-07,20.877498626708984,0.3419811456697061,0.2763768988661468,0.3816419444046914,8.0,-0.0396607987349852,1.0
2020-07-08,21.09601593017578,0.2917811271424095,0.372911137011316,0.3353077420550915,9.0,-0.043526614912682,-1.0
2020-07-09,20.649873733520508,0.3424859472240011,0.5074048023670912,0.1501092463731765,6.0,0.1923767008508246,1.0
2020-07-10,21.36005401611328,0.1917119499295949,0.5963142096996308,0.2119738388806581,5.0,-0.0202618889510631,1.0
2020-07-13,21.45110321044922,0.2715714889179382,0.4143588106547083,0.3140697141310998,7.0,-0.0424982252131615,1.0
2020-07-14,21.56036376953125,0.2778775513704333,0.3056956318074038,0.4164268107685659,14.0,-0.1385492593981326,1.0
2020-07-15,21.98829460144043,0.244387968443334,0.4139815707587533,0.34163048521926,9.0,-0.0972425167759259,0.0
2020-07-16,21.98829460144043,0.2074217817280441,0.4453786221565678,0.3471995966392569,16.0,-0.1397778149112128,-1.0
2020-07-17,21.80619430541992,0.3496397262206301,0.4849934331141412,0.1653668307699262,8.0,0.1842728954507038,
