Date,Price,Return,Sign,avg_positive_XLV,avg_neutral_XLV,avg_negative_XLV,n_XLV,sent_index_XLV
2018-03-20,74.04859924316406,,,0.7747353911399841,0.0864619463682174,0.1388026177883148,1.0,0.6359327733516693
2018-03-21,73.73171997070312,-0.004279341887621,-1.0,0.0656964406371116,0.9240380525588988,0.0102654788643121,1.0,0.05543096177279949
2018-03-22,71.61053466796875,-0.0287689654273251,-1.0,0.11136557720601556,0.7249906063079834,0.16364379599690435,2.0,-0.052278218790888786
2018-03-23,70.12303924560547,-0.0207720194976931,-1.0,0.0438816025853157,0.1496642976999282,0.8064541816711426,1.0,-0.7625725790858269
2018-03-26,71.5753173828125,0.0207104277400247,1.0,,,,,
2018-03-27,70.73033905029297,-0.0118054430412128,-1.0,0.1176301091909408,0.8416244983673096,0.0407454073429107,1.0,0.0768847018480301
2018-03-28,71.10884857177734,0.0053514450314628,1.0,0.5356718450784683,0.3508544862270355,0.11347366683185099,2.0,0.4221981782466173
2018-03-29,71.64573669433594,0.0075502294488238,1.0,0.0176882706582546,0.2010773420333862,0.7812343835830688,1.0,-0.7635461129248142
2018-04-02,70.01741790771484,-0.0227273646939807,-1.0,0.0312811136245727,0.949903130531311,0.0188157726079225,1.0,0.0124653410166502
2018-04-03,71.08243560791016,0.0152107537241523,1.0,0.04797029495239255,0.527828261256218,0.4242014689370989,2.0,-0.3762311739847064
2018-04-04,72.0946273803711,0.014239688944315,1.0,,,,,
2018-04-05,72.04181671142578,-0.0007325187862707,-1.0,,,,,
2018-04-06,70.30787658691406,-0.0240685230281917,-1.0,,,,,
2018-04-09,71.00323486328125,0.0098901902620767,1.0,0.7012217938899994,0.2863232903182506,0.012454933486878851,2.0,0.6887668604031205
2018-04-10,72.20024108886719,0.0168584745172639,1.0,0.7989377379417419,0.0898293554782867,0.1112329810857772,1.0,0.6877047568559648
2018-04-11,71.61053466796875,-0.0081676516865449,-1.0,,,,,
2018-04-12,72.0946273803711,0.0067600767770676,1.0,0.06472949963062995,0.829960972070694,0.10530953854322431,2.0,-0.04058003891259436
2018-04-13,72.05941772460938,-0.0004883811324241,-1.0,0.0837056189775466,0.8970097303390503,0.0192846730351448,1.0,0.0644209459424018
2018-04-16,72.63153839111328,0.0079395682697629,1.0,0.3087582737207412,0.6402015561858813,0.051040164815882805,3.0,0.2577181089048584
2018-04-17,73.19483947753906,0.0077555989987774,1.0,0.453266141936183,0.5014250911772251,0.0453087547793984,2.0,0.4079573871567846
2018-04-18,73.2564468383789,0.0008416899508161,1.0,,,,,
2018-04-19,72.64031982421875,-0.008410550071033,-1.0,0.0802356600761413,0.9036803245544434,0.0160840228199958,1.0,0.0641516372561455
2018-04-20,72.2530517578125,-0.0053313100402557,-1.0,,,,,
2018-04-23,72.53470611572266,0.0038981655592105,1.0,0.12893999740481377,0.8391657173633575,0.03189423773437735,2.0,0.09704575967043641
2018-04-24,71.98900604248047,-0.0075232961221566,-1.0,0.1450876742601394,0.8473220467567444,0.0075902696698904,1.0,0.137497404590249
2018-04-25,72.31466674804688,0.0045237561048452,1.0,,,,,
2018-04-26,73.23002624511719,0.0126580061588272,1.0,,,,,
2018-04-27,73.52928924560547,0.0040866160485397,1.0,,,,,
2018-04-30,72.4026870727539,-0.0153218150809052,-1.0,0.2906658084442218,0.342897333825628,0.3664368589719136,3.0,-0.07577105052769179
2018-05-01,72.36747741699219,-0.0004863031633941,-1.0,0.2902947658052047,0.2717806758979956,0.4379245589176814,3.0,-0.1476297931124767
2018-05-02,71.37288665771484,-0.0137436151538952,-1.0,0.0616917572915554,0.5328642874956131,0.4054439011961221,2.0,-0.3437521439045667
2018-05-03,70.73033905029297,-0.0090026848781297,-1.0,0.9267761707305908,0.0563396289944648,0.0168841984122991,1.0,0.9098919723182917
2018-05-04,71.29366302490234,0.0079643895699244,1.0,0.4872086346149444,0.4655797183513641,0.0472116991877555,1.0,0.4399969354271889
2018-05-07,71.18804168701172,-0.0014814968597381,-1.0,,,,,
2018-05-08,70.651123046875,-0.0075422588880497,-1.0,0.5324172377586365,0.4560072124004364,0.0115755405277013,1.0,0.5208416972309352
2018-05-09,71.05601501464844,0.0057308638605051,1.0,0.3507224917411804,0.5674556493759155,0.0818218365311622,1.0,0.2689006552100182
2018-05-10,72.00662231445312,0.013378280496151,1.0,0.33669832721352577,0.3197848747173945,0.34351679620643455,3.0,-0.006818468992908777
2018-05-11,73.08041381835938,0.0149123992959563,1.0,0.7336266040802002,0.1550340801477432,0.1113393008708953,1.0,0.6222873032093049
2018-05-14,73.56449890136719,0.0066240057727504,1.0,0.7777585387229919,0.2052123099565506,0.017029108479619,1.0,0.7607294302433729
2018-05-15,72.61390686035156,-0.0129218856270624,-1.0,0.0443490147590637,0.1690499186515808,0.7866010665893555,1.0,-0.7422520518302917
2018-05-16,73.01879119873047,0.0055758511817518,1.0,0.0329796336591243,0.9311845898628236,0.0358357317745685,1.0,-0.002856098115444204
2018-05-17,73.04522705078125,0.0003620417650962,1.0,0.0318950675427913,0.1708673387765884,0.7972375750541687,1.0,-0.7653425075113774
2018-05-18,73.23002624511719,0.00252992839912,1.0,,,,,
2018-05-21,73.30044555664062,0.0009616180019891,1.0,,,,,
2018-05-22,73.15963745117188,-0.0019209720268336,-1.0,0.5052448585629463,0.35444559901952744,0.14030956756323568,2.0,0.36493529099971067
2018-05-23,73.39726257324219,0.0032480358070241,1.0,0.3322271406650543,0.0541711896657943,0.6136016249656677,1.0,-0.2813744843006134
2018-05-24,73.10679626464844,-0.0039574542484319,-1.0,0.09680818486958741,0.4335795566439628,0.46961224637925625,2.0,-0.3728040615096688
2018-05-25,73.00118255615234,-0.0014446496617601,-1.0,,,,,
2018-05-29,72.2530517578125,-0.0102482010858437,-1.0,0.5000675320625305,0.4711623787879944,0.0287701096385717,1.0,0.47129742242395883
2018-05-30,73.33566284179688,0.014983603566161,1.0,0.0696999281644821,0.9183319807052612,0.0119681200012564,1.0,0.057731808163225706
2018-05-31,72.53470611572266,-0.0109217902318832,-1.0,,,,,
2018-06-01,73.3708724975586,0.0115278109833643,1.0,0.1093574985861778,0.2073280364274978,0.6833144426345825,1.0,-0.5739569440484047
2018-06-04,73.64371490478516,0.0037186746993589,1.0,,,,,
2018-06-05,73.49407958984375,-0.0020318816770021,-1.0,,,,,
2018-06-06,74.32144165039062,0.0112575334661542,1.0,0.19949867948889732,0.7569829821586609,0.043518337421119165,3.0,0.15598034206777817
2018-06-07,74.41826629638672,0.0013027821291675,1.0,0.0280258040875196,0.9417255520820618,0.0302486475557088,1.0,-0.002222843468189198
2018-06-08,74.84956359863281,0.0057955838493786,1.0,,,,,
2018-06-11,74.99036407470703,0.001881112852297,1.0,0.3086230965952078,0.4789077478150527,0.21246915714194373,6.0,0.09615393945326409
2018-06-12,74.94637298583984,-0.0005866232203295,-1.0,,,,,
2018-06-13,74.96397399902344,0.0002348480984786,1.0,,,,,
2018-06-14,75.35126495361328,0.0051663610389023,1.0,,,,,
2018-06-15,75.49787902832031,0.0019457413859911,1.0,0.323689728975296,0.6657976508140564,0.0105126295238733,1.0,0.31317709945142275
2018-06-18,74.77346801757812,-0.0095951173737006,-1.0,0.6138988137245178,0.3645398616790771,0.0215612854808568,1.0,0.592337528243661
2018-06-19,74.96782684326172,0.00259930200961,1.0,0.0762233063578605,0.9115543365478516,0.0122222928330302,1.0,0.0640010135248303
2018-06-20,75.1268539428711,0.0021212713013791,1.0,0.0824969161767512,0.48538288008421654,0.43212022236548364,4.0,-0.34962330618873244
2018-06-21,74.69397735595703,-0.00576194215777,-1.0,0.6433190703392029,0.1202627643942833,0.2364180833101272,1.0,0.4069009870290757
2018-06-22,75.02969360351562,0.0044945557786904,1.0,,,,,
2018-06-25,74.34060668945312,-0.0091841893651317,-1.0,0.13625616331895188,0.8049995501836141,0.05874427532156304,3.0,0.07751188799738884
2018-06-26,74.11090087890625,-0.0030899103568852,-1.0,0.6854342222213745,0.3009271919727325,0.013638587668538,1.0,0.6717956345528365
2018-06-27,73.4836654663086,-0.0084634703553601,-1.0,,,,,
2018-06-28,73.58084869384766,0.0013225146965976,1.0,0.2623680171091109,0.25681358855217695,0.480818384559825,4.0,-0.2184503674507141
2018-06-29,73.7310562133789,0.0020413942241441,1.0,0.0346155427396297,0.8782356381416321,0.0871488079428672,1.0,-0.0525332652032375
2018-07-02,73.96070861816406,0.0031147309774124,1.0,0.0972218960523605,0.8614407777786255,0.0413372665643692,1.0,0.055884629487991305
2018-07-03,74.1374282836914,0.00238937226034,1.0,,,,,
2018-07-05,74.9059829711914,0.0103666218979039,1.0,,,,,
2018-07-06,75.9837875366211,0.0143887647244975,1.0,0.5985630750656128,0.38343022763729095,0.018006709869950947,2.0,0.5805563651956619
2018-07-09,76.54033660888672,0.007324576601257,1.0,,,,,
2018-07-10,76.83185577392578,0.003808699803983,1.0,0.09696627718706924,0.6416512926419576,0.2613824307918548,3.0,-0.16441615360478556
2018-07-11,76.22229766845703,-0.0079336637040545,-1.0,0.047042766585946,0.6544152647256851,0.2985419360920787,2.0,-0.2514991695061327
2018-07-12,77.07040405273438,0.0111267491301081,1.0,0.063844034448266,0.456184484064579,0.4799714572727681,2.0,-0.4161274228245021
2018-07-13,77.21173095703125,0.0018337376848338,1.0,0.0198417603969573,0.046555608510971,0.9336026310920716,1.0,-0.9137608706951144
2018-07-16,76.7435302734375,-0.0060638542588082,-1.0,,,,,
2018-07-17,77.16757202148438,0.0055254396890007,1.0,0.5883018071763217,0.10164742358028885,0.31005078484304244,4.0,0.2782510223332793
2018-07-18,77.22940063476562,0.0008012253290026,1.0,0.9402481317520142,0.0320149362087249,0.027736909687519,1.0,0.9125112220644952
2018-07-19,76.79653930664062,-0.0056048774762877,-1.0,0.12071983516216275,0.42286777682602406,0.4564123898744583,2.0,-0.33569255471229553
2018-07-20,76.64634704589844,-0.0019557165218406,-1.0,,,,,
2018-07-23,76.80537414550781,0.0020748164229424,1.0,,,,,
2018-07-24,77.50325775146484,0.0090863902913211,1.0,0.027194432914256966,0.6100196987390518,0.3627859161545832,3.0,-0.3355914832403263
2018-07-25,78.49272918701172,0.0127668367014956,1.0,,,,,
2018-07-26,78.2718505859375,-0.0028140007789506,-1.0,0.05065289512276645,0.8342746794223785,0.11507247015833849,2.0,-0.06441957503557204
2018-07-27,77.70645904541016,-0.0072234339203028,-1.0,0.3225169740617275,0.20230096112936735,0.4751820955425501,2.0,-0.15266512148082256
2018-07-30,77.7506332397461,0.0005684751934214,1.0,,,,,
2018-07-31,78.56340026855469,0.0104535100865661,1.0,0.15183876547962422,0.7564997971057892,0.09166143881157038,4.0,0.06017732666805384
2018-08-01,78.5810317993164,0.0002244242319127,1.0,0.0496676191687583,0.917993187904358,0.0323392152786254,1.0,0.017328403890132904
2018-08-02,78.8725814819336,0.0037101788553981,1.0,0.0142090814188122,0.0471884235739707,0.9386025071144104,1.0,-0.9243934256955982
2018-08-03,79.34081268310547,0.0059365522514198,1.0,,,,,
2018-08-06,79.48217010498047,0.0017816482727444,1.0,,,,,
2018-08-07,79.49099731445312,0.0001110589892172,1.0,,,,,
2018-08-08,79.61469268798828,0.0015560928622626,1.0,0.10592776971558725,0.3121480736881494,0.5819241205851237,3.0,-0.4759963508695364
2018-08-09,79.52632141113281,-0.0011099870372143,-1.0,0.0329226553440094,0.9494381546974182,0.0176391899585723,1.0,0.015283465385437098
2018-08-10,79.18180084228516,-0.0043321577401596,-1.0,,,,,
2018-08-13,79.20832061767578,0.0003349226098487,1.0,0.0594785138964653,0.2045105248689651,0.7360109686851501,1.0,-0.6765324547886848
2018-08-14,79.57933044433594,0.004683975417822,1.0,,,,,
2018-08-15,79.44682312011719,-0.001665097249234,-1.0,0.0315132793039083,0.9027698338031769,0.0657169111073017,2.0,-0.0342036318033934
2018-08-16,80.2242431640625,0.0097854138581465,1.0,0.0524817481637001,0.1269373595714569,0.8205808997154236,1.0,-0.7680991515517235
2018-08-17,80.47160339355469,0.0030833600883752,1.0,,,,,
2018-08-20,80.73663330078125,0.0032934587612278,1.0,0.0316305644810199,0.9146428108215332,0.0537265948951244,1.0,-0.022096030414104503
2018-08-21,80.73663330078125,0.0,0.0,,,,,
2018-08-22,80.8161392211914,0.0009847564501972,1.0,0.0803912281990051,0.908958613872528,0.010650135576725,1.0,0.0697410926222801
2018-08-23,80.78961944580078,-0.0003281494964519,-1.0,0.62366783618927,0.3516097962856293,0.0247224010527133,1.0,0.5989454351365567
2018-08-24,81.1783447265625,0.0048115745986709,1.0,,,,,
2018-08-27,81.4698715209961,0.0035911891947977,1.0,,,,,
2018-08-28,81.51405334472656,0.0005423087443936,1.0,0.30597543716430664,0.6790255457162857,0.01499898545444005,2.0,0.2909764517098666
2018-08-29,82.04412841796875,0.0065028673154121,1.0,0.1146325916051864,0.0803295746445655,0.805037796497345,1.0,-0.6904052048921585
2018-08-30,81.98225402832031,-0.0007541598751981,-1.0,,,,,
2018-08-31,81.96459197998047,-0.0002154374571567,-1.0,0.013387806713581,0.1886550933122635,0.7979570627212524,1.0,-0.7845692560076715
2018-09-04,81.31086730957031,-0.007975696024569,-1.0,0.0557096060365438,0.9017742276191711,0.0425161458551883,2.0,0.013193460181355497
2018-09-05,81.63773345947266,0.0040199565041889,1.0,0.31058420799672604,0.11410017684102056,0.5753156617283821,2.0,-0.2647314537316561
2018-09-06,81.63773345947266,0.0,0.0,,,,,
2018-09-07,81.76139068603516,0.0015147067577996,1.0,,,,,
2018-09-10,81.54939270019531,-0.0025928862518241,-1.0,0.9266464710235596,0.0371802113950252,0.036173265427351,1.0,0.8904732055962086
2018-09-11,81.47870635986328,-0.0008667917441383,-1.0,,,,,
2018-09-12,81.88509368896484,0.0049876507281141,1.0,,,,,
2018-09-13,82.90103912353516,0.0124069643057296,1.0,0.10333572374656795,0.48336756850282353,0.41329672156522673,6.0,-0.30996099781865877
2018-09-14,82.62718963623047,-0.0033033299726992,-1.0,,,,,
2018-09-17,82.32679748535156,-0.0036355121383335,-1.0,0.47856797929853206,0.4099224377423525,0.1115095606073737,2.0,0.36705841869115835
2018-09-18,82.8038558959961,0.0057946917069064,1.0,0.06525231292471285,0.42205576505512,0.5126919113099575,2.0,-0.44743959838524466
2018-09-19,82.68900299072266,-0.0013870477893891,-1.0,0.2760362327098846,0.7160953879356384,0.0078683588653802,1.0,0.2681678738445044
2018-09-20,83.4929428100586,0.0097224514779328,1.0,0.869170606136322,0.1202679723501205,0.010561347939074,1.0,0.858609258197248
2018-09-21,83.60553741455078,0.0013485523530814,1.0,0.1409822553396225,0.0505115836858749,0.808506190776825,1.0,-0.6675239354372025
2018-09-24,83.77405548095703,0.0020156328350677,1.0,,,,,
2018-09-25,83.51688385009766,-0.0030698242956357,-1.0,,,,,
2018-09-26,83.70310974121094,0.002229799323542,1.0,0.032374794594943496,0.4760564705356956,0.4915687437169254,2.0,-0.45919394912198186
2018-09-27,84.12879943847656,0.0050857094626681,1.0,0.9066274166107178,0.0642809867858886,0.0290916301310062,1.0,0.8775357864797115
2018-09-28,84.38600158691406,0.0030572425870118,1.0,,,,,
2018-10-01,84.8028335571289,0.0049395866894526,1.0,0.18627664633095264,0.7141810655593872,0.0995422825217247,2.0,0.08673436380922794
2018-10-02,84.7052993774414,-0.0011501287822156,-1.0,,,,,
2018-10-03,84.54564666748047,-0.0018848019089046,-1.0,0.0482793487608432,0.9225453734397888,0.0291753038763999,1.0,0.0191040448844433
2018-10-04,83.72083282470703,-0.0097558404871801,-1.0,0.44207283419867355,0.26189159415662283,0.29603555860618747,3.0,0.14603727559248608
2018-10-05,83.62329864501953,-0.0011649929461609,-1.0,0.03330459818243975,0.4874369762837887,0.4792583864182234,2.0,-0.44595378823578363
2018-10-08,83.58782958984375,-0.0004241527869685,-1.0,0.18339494103565807,0.3684076648205519,0.448197390884161,4.0,-0.26480244984850293
2018-10-09,83.729736328125,0.0016976961715309,1.0,0.24779055267572397,0.7395980060100555,0.0126114850863814,2.0,0.23517906758934257
2018-10-10,81.75198364257812,-0.0236206725624494,-1.0,0.4777650199830532,0.5099582374095917,0.01227672584354875,2.0,0.46548829413950443
2018-10-11,79.54367065429688,-0.0270123474671397,-1.0,,,,,
2018-10-12,80.767578125,0.0153866104070343,1.0,0.25342422071844334,0.23801632970571512,0.5085594749543816,4.0,-0.25513525423593825
2018-10-15,80.20883178710938,-0.0069179533528401,-1.0,0.0697044506669044,0.9118283987045288,0.0184671226888895,1.0,0.05123732797801489
2018-10-16,82.40827178955078,0.0274214192307298,1.0,0.05314499388138447,0.7757863402366638,0.17106867146988702,3.0,-0.11792367758850256
2018-10-17,82.84284973144531,0.0052734747672458,1.0,0.04251408794273926,0.5981483304252228,0.35933753103017807,3.0,-0.3168234430874388
2018-10-18,81.90275573730469,-0.0113479195511521,-1.0,,,,,
2018-10-19,81.15778350830078,-0.0090958139600739,-1.0,0.015842018648982,0.8484607934951782,0.1356971859931945,1.0,-0.1198551673442125
2018-10-22,80.49263000488281,-0.0081958066702245,-1.0,,,,,
2018-10-23,80.05805969238281,-0.0053988832576801,-1.0,0.23496994655579323,0.31444032490253443,0.4505897779017687,2.0,-0.21561983134597545
2018-10-24,77.41520690917969,-0.0330117016744858,-1.0,,,,,
2018-10-25,78.41736602783203,0.0129452488556678,1.0,0.44069958850741386,0.29111307486891747,0.2681873254477977,2.0,0.17251226305961614
2018-10-26,77.53047943115234,-0.0113098238515804,-1.0,,,,,
2018-10-29,77.72559356689453,0.0025166120108344,1.0,,,,,
2018-10-30,78.55926513671875,0.0107258308565596,1.0,0.0120440786704421,0.0138682285323739,0.974087655544281,1.0,-0.9620435768738389
2018-10-31,78.66565704345703,0.0013542884668424,1.0,,,,,
2018-11-01,79.65897369384766,0.0126270686310023,1.0,0.04178393756349877,0.7083427608013153,0.2498732774207989,3.0,-0.20808933985730013
2018-11-02,79.1623306274414,-0.0062346154284511,-1.0,0.6666825513044993,0.30059576655427617,0.0327217023198803,3.0,0.633960848984619
2018-11-05,79.86295318603516,0.0088504539095881,1.0,0.0209842696785926,0.0529496259987354,0.9260661602020264,1.0,-0.9050818905234338
2018-11-06,80.27091979980469,0.0051083336828179,1.0,0.03411493264138695,0.1404975391924381,0.8253875076770782,2.0,-0.7912725750356913
2018-11-07,82.62999725341797,0.0293889425896303,1.0,,,,,
2018-11-08,82.67435455322266,0.0005368183623273,1.0,,,,,
2018-11-09,82.43489074707031,-0.0028964702227967,-1.0,,,,,
2018-11-12,81.31741333007812,-0.0135558791534141,-1.0,,,,,
2018-11-13,80.74981689453125,-0.00698001095095,-1.0,0.1295305639505386,0.8112409114837646,0.0592285804450511,1.0,0.0703019835054875
2018-11-14,80.10240936279297,-0.0080174489136473,-1.0,0.0732658430933952,0.16875236481428146,0.7579818367958069,2.0,-0.6847159937024117
2018-11-15,80.81193542480469,0.0088577368353328,1.0,0.10632708342745897,0.400571471080184,0.4931014573667198,4.0,-0.38677437393926084
2018-11-16,81.62784576416016,0.0100964088419175,1.0,0.0254815276712179,0.7868411540985107,0.187677264213562,1.0,-0.16219573654234412
2018-11-19,80.59019470214844,-0.0127119741100323,-1.0,0.1326297968626022,0.8513045907020569,0.0160656627267599,1.0,0.11656413413584231
2018-11-20,79.83631896972656,-0.0093544349310497,-1.0,0.03145154193043703,0.6164090124269327,0.35213941832383466,3.0,-0.32068787639339763
2018-11-21,79.38404083251953,-0.0056650675161831,-1.0,,,,,
2018-11-23,79.49931335449219,0.001452086852266,1.0,0.0107927788048982,0.0243253353983163,0.9648817777633668,1.0,-0.9540889989584687
2018-11-26,80.27091979980469,0.0097058252801738,1.0,,,,,
2018-11-27,81.10456085205078,0.0103853432142697,1.0,0.07895425707101815,0.8838478624820709,0.03719788324087855,2.0,0.0417563738301396
2018-11-28,83.05569458007812,0.0240570161225157,1.0,,,,,
2018-11-29,83.33063507080078,0.003310314748588,1.0,0.0235574003309011,0.1998786479234695,0.7765640020370483,1.0,-0.7530066017061472
2018-11-30,85.02456665039062,0.0203278371531743,1.0,0.0624741204082965,0.2670108079910278,0.6705150008201599,1.0,-0.6080408804118634
2018-12-03,84.61658477783203,-0.0047983999052433,-1.0,0.021914017386734447,0.06372277997434135,0.9143632352352142,2.0,-0.8924492178484797
2018-12-04,82.7275619506836,-0.0223244985850968,-1.0,0.0148382969200611,0.0551055893301963,0.9300561547279358,1.0,-0.9152178578078747
2018-12-06,82.41716766357422,-0.0037520057377541,-1.0,0.80962735414505,0.1821276992559433,0.0082450127229094,1.0,0.8013823414221406
2018-12-07,80.31525421142578,-0.0255033448944571,-1.0,0.6757125854492188,0.3147465288639068,0.0095408633351325,1.0,0.6661717221140863
2018-12-10,80.62564849853516,0.003864699055702,1.0,0.029888774268329102,0.5236437618732452,0.44646740891039366,2.0,-0.41657863464206457
2018-12-11,80.87398529052734,0.0030801214826408,1.0,,,,,
2018-12-12,81.56575012207031,0.0085536137369501,1.0,,,,,
2018-12-13,81.64556884765625,0.0009785813955793,1.0,,,,,
2018-12-14,78.8962631225586,-0.0336736673392236,-1.0,0.6112329810857773,0.2555964738130569,0.133170566521585,2.0,0.4780624145641923
2018-12-17,77.32649230957031,-0.019896643400585,-1.0,0.037265954539179746,0.4557194430381059,0.5070146173238754,2.0,-0.4697486627846957
2018-12-18,76.65247344970703,-0.0087165321965582,-1.0,0.3528649541549384,0.3195000300183892,0.3276349981315434,4.0,0.025229956023395006
2018-12-19,75.65032196044922,-0.01307396153257,-1.0,0.14220220670104022,0.6531623855233193,0.20463538691401478,5.0,-0.06243318021297456
2018-12-20,74.58604431152344,-0.0140683822797501,-1.0,0.27769846376031637,0.6586476098746061,0.06365391239523882,4.0,0.21404455136507755
2018-12-21,73.65953063964844,-0.0124220781572117,-1.0,0.05846212524920695,0.4628169331699609,0.47872095368802553,2.0,-0.42025882843881857
2018-12-24,71.89556884765625,-0.0239475024708167,-1.0,,,,,
2018-12-26,75.03152465820312,0.043618207085778,1.0,,,,,
2018-12-27,75.86006164550781,0.0110425183425098,1.0,0.9186282157897948,0.0685300454497337,0.0128416791558265,1.0,0.9057865366339684
2018-12-28,75.94915771484375,0.0011744792635719,1.0,,,,,
2018-12-31,77.0716781616211,0.0147798932937732,1.0,,,,,
2019-01-02,75.90458679199219,-0.0151429344406058,-1.0,0.0588072687387466,0.0818891823291778,0.8593034744262695,1.0,-0.8004962056875229
2019-01-03,74.36331939697266,-0.0203053262017379,-1.0,0.08527098759077488,0.22004259587265548,0.6946864305064082,4.0,-0.6094154429156333
2019-01-04,76.5816650390625,0.0298311810187987,1.0,0.045884089854856265,0.41447968408465385,0.5396362567941347,3.0,-0.4937521669392785
2019-01-07,76.87567901611328,0.0038392215277744,1.0,0.20342049486935135,0.32430069148540497,0.47227882128208876,5.0,-0.26885832641273744
2019-01-08,77.47257995605469,0.0077644964907079,1.0,0.4785184338688851,0.0329950721934437,0.48848650231957436,2.0,-0.00996806845068926
2019-01-09,77.82001495361328,0.0044846189162111,1.0,0.0457975843455642,0.3558937851339578,0.5983085930347443,2.0,-0.55251100868918
2019-01-10,77.97148895263672,0.0019464658174856,1.0,0.6333090662956238,0.2889293730258941,0.0777616277337074,1.0,0.5555474385619164
2019-01-11,78.22984313964844,0.0033134443176872,1.0,,,,,
2019-01-14,77.36565399169922,-0.011046796379312,-1.0,0.3344263732433319,0.11855233522752917,0.5470212809741497,3.0,-0.2125949077308178
2019-01-15,78.75546264648438,0.0179641557083491,1.0,0.6205936819314957,0.2687484246368209,0.1106578900168339,6.0,0.5099357919146618
2019-01-16,78.6129150390625,-0.00181000279386,-1.0,,,,,
2019-01-17,79.30781555175781,0.0088395209915574,1.0,,,,,
2019-01-18,80.25218200683594,0.0119076089602014,1.0,0.023250954225659332,0.33563138544559473,0.6411176708837351,3.0,-0.6178667166580757
2019-01-22,79.69981384277344,-0.0068829052400773,-1.0,0.0260787308216094,0.3515790700912475,0.6223421096801758,1.0,-0.5962633788585664
2019-01-23,79.7889175415039,0.0011179913030443,1.0,0.14501301012933251,0.8073144555091858,0.047672510767976434,3.0,0.09734049936135608
2019-01-24,79.1207275390625,-0.0083744713304806,-1.0,,,,,
2019-01-25,79.21874237060547,0.0012388009386614,1.0,0.14799982495605946,0.6139565557241439,0.2380436267703771,2.0,-0.09004380181431765
2019-01-28,78.31890869140625,-0.0113588483264422,-1.0,0.43577698618173594,0.23836266994476316,0.32586035970598454,2.0,0.1099166264757514
2019-01-29,78.70201873779297,0.0048916673225907,1.0,0.13639457826502618,0.5650646835565567,0.29854075051844114,4.0,-0.16214617225341496
2019-01-30,79.7800064086914,0.0136970777648017,1.0,,,,,
2019-01-31,80.77780151367188,0.0125068315972429,1.0,0.0113436728715896,0.0945943668484687,0.8940619826316833,1.0,-0.8827183097600938
2019-02-01,80.84906768798828,0.0008822494915803,1.0,,,,,
2019-02-04,80.61744689941406,-0.0028648541683632,-1.0,0.0905597805976867,0.8887251317501068,0.0207150974310934,2.0,0.0698446831665933
2019-02-05,80.50162506103516,-0.0014366845246713,-1.0,0.11059110239148136,0.5577987705667814,0.3316101732974251,3.0,-0.22101907090594375
2019-02-06,80.86690521240234,0.0045375500319433,1.0,0.4064475758932531,0.4458279963582754,0.14772440213710067,4.0,0.2587231737561524
2019-02-07,79.97599792480469,-0.0110169578674691,-1.0,0.5944360494613647,0.3946689665317535,0.0108949746936559,1.0,0.5835410747677089
2019-02-08,80.12744140625,0.0018936116506818,1.0,0.0721054226160049,0.9000311493873596,0.0278634428977966,1.0,0.0442419797182083
2019-02-11,80.02944946289062,-0.0012229511093777,-1.0,,,,,
2019-02-12,81.12525177001953,0.0136924883837545,1.0,,,,,
2019-02-13,81.30342102050781,0.0021962243148825,1.0,0.0447332100011408,0.48277240246534353,0.47249438101425767,2.0,-0.4277611710131169
2019-02-14,81.49052429199219,0.0023012964170003,1.0,0.0133222704753279,0.0368338823318481,0.9498437643051147,1.0,-0.9365214938297869
2019-02-15,82.71997833251953,0.0150870797704287,1.0,0.3827008008956909,0.1925142481923103,0.42478498723357916,2.0,-0.04208418633788824
2019-02-19,82.52395629882812,-0.0023697060570232,-1.0,0.4050153438001871,0.47988067939877505,0.11510397680103775,2.0,0.2899113669991494
2019-02-20,82.42597198486328,-0.0011873438739417,-1.0,0.0113628432154655,0.0265057422220706,0.9621313810348512,1.0,-0.9507685378193856
2019-02-21,81.704345703125,-0.0087548410332461,-1.0,0.0247876439243555,0.1629214733839035,0.8122909069061279,1.0,-0.7875032629817724
2019-02-22,82.45269775390625,0.0091592686330346,1.0,,,,,
2019-02-25,82.56852722167969,0.0014047990051113,1.0,0.20906716292457922,0.567688741854259,0.22324410772749353,7.0,-0.014176944802914315
2019-02-26,82.27452087402344,-0.0035607556238335,-1.0,0.089062958334883,0.31105830023686093,0.5998787836482127,3.0,-0.5108158253133297
2019-02-27,81.89143371582031,-0.004656206491797,-1.0,0.2011838406324386,0.7858892679214478,0.012926897034049,1.0,0.1882569435983896
2019-02-28,81.65089416503906,-0.002937298077061,-1.0,0.0084958048537373,0.0236361250281333,0.9678680300712584,1.0,-0.9593722252175211
2019-03-01,82.80904388427734,0.0141841645591453,1.0,,,,,
2019-03-04,81.68653106689453,-0.0135554374827885,-1.0,0.0169462235644459,0.43245175387710333,0.5506020337343216,2.0,-0.5336558101698757
2019-03-05,81.64198303222656,-0.0005453534883429,-1.0,0.0610858276486396,0.8723427057266235,0.0665714666247367,1.0,-0.0054856389760971
2019-03-06,80.44818115234375,-0.0146224018029006,-1.0,0.0342266199489434,0.6524406671524048,0.3133327240745226,3.0,-0.27910610412557924
2019-03-07,79.81564331054688,-0.00786267424243,-1.0,0.2977247536182403,0.6843348145484924,0.0179404076188802,1.0,0.2797843459993601
2019-03-08,79.6463623046875,-0.0021209000997552,-1.0,0.02672062348574395,0.351150756701827,0.6221286207437515,2.0,-0.5954079972580075
2019-03-11,80.55508422851562,0.0114094592337037,1.0,0.146983340382576,0.7929707765579224,0.0600458718836307,1.0,0.08693746849894529
2019-03-12,81.14306640625,0.0072991318098112,1.0,0.049538717605173546,0.928684413433075,0.02177686337381595,2.0,0.027761854231357595
2019-03-13,82.01615905761719,0.0107599168978402,1.0,0.0182007728144526,0.4286470338702202,0.5531522482633591,2.0,-0.5349514754489064
2019-03-14,81.88252258300781,-0.0016293920142674,-1.0,0.34369034692645073,0.31690327823162073,0.3394064009189605,3.0,0.004283946007490214
2019-03-15,82.25898742675781,0.004597621468835,1.0,,,,,
2019-03-18,82.13381958007812,-0.0015216312599414,-1.0,,,,,
2019-03-19,82.78658294677734,0.0079475588744877,1.0,,,,,
2019-03-20,82.21427917480469,-0.0069130014985711,-1.0,0.167567439066867,0.49318187559644383,0.33925068626801175,3.0,-0.17168324720114475
2019-03-21,82.53619384765625,0.0039155567145106,1.0,0.254968983742098,0.11522382870316496,0.6298071946948767,3.0,-0.3748382109527787
2019-03-22,81.0339126586914,-0.0182014837240704,-1.0,0.46443115174770355,0.5230359435081482,0.01253292802721255,2.0,0.451898223720491
2019-03-25,80.98919677734375,-0.0005518168860486,-1.0,0.0464603044092655,0.9180408120155334,0.0354988910257816,1.0,0.0109614133834839
2019-03-26,81.54360961914062,0.0068455159929672,1.0,0.3114442614217599,0.2662292048335075,0.42232651139299077,3.0,-0.11088224997123086
2019-03-27,80.86399841308594,-0.0083343282107438,-1.0,0.23263306729495525,0.3388536646962166,0.42851327545940876,2.0,-0.1958802081644535
2019-03-28,81.0696792602539,0.0025435404036944,1.0,0.06542789004743098,0.30741707328706974,0.6271550226956606,4.0,-0.5617271326482296
2019-03-29,82.04437255859375,0.0120229080370581,1.0,0.5175136886537074,0.4705177024006843,0.0119686094112694,2.0,0.505545079242438
2019-04-01,82.1695556640625,0.0015257975844638,1.0,0.028260575607419,0.2072245180606842,0.7645149230957031,1.0,-0.7362543474882841
2019-04-02,81.98177337646484,-0.0022853024588008,-1.0,,,,,
2019-04-03,81.87448120117188,-0.001308732061702,-1.0,,,,,
2019-04-04,81.7045669555664,-0.00207530164604,-1.0,0.20515904575586313,0.779336005449295,0.01550489990040655,2.0,0.1896541458554566
2019-04-05,82.26792907714844,0.0068951117737201,1.0,0.0122425053268671,0.017441926524043,0.9703155755996704,1.0,-0.9580730702728033
2019-04-08,82.25004577636719,-0.0002173787645058,-1.0,0.8966400027275085,0.0854407548904419,0.0179191976785659,1.0,0.8787208050489427
2019-04-09,82.03543090820312,-0.0026092978567767,-1.0,0.07410767581313846,0.4235681053251028,0.5023242197930813,2.0,-0.4282165439799428
2019-04-10,82.06226348876953,0.0003270852638834,1.0,,,,,
2019-04-11,81.05179595947266,-0.0123134250304363,-1.0,0.0192105192691087,0.2272745668888092,0.75351482629776,1.0,-0.7343043070286513
2019-04-12,80.30957794189453,-0.009157329690131,-1.0,0.447027713060379,0.5139021277427673,0.039070151746273,1.0,0.407957561314106
2019-04-15,80.63152313232422,0.0040088019222641,1.0,0.21994465962052345,0.43362263838450105,0.3464327044785023,3.0,-0.12648804485797882
2019-04-16,78.97720336914062,-0.0205170347640425,-1.0,0.06694509927183387,0.3232088983058929,0.6098459921777248,3.0,-0.5429008929058909
2019-04-17,76.70589447021484,-0.0287590444081647,-1.0,0.31578891941656667,0.03144506427148976,0.652766032765309,3.0,-0.3369771133487423
2019-04-18,76.83109283447266,0.0016321870062596,1.0,,,,,
2019-04-22,76.87580871582031,0.0005820024120182,1.0,,,,,
2019-04-23,78.0919418334961,0.015819451372165,1.0,,,,,
2019-04-24,78.00250244140625,-0.0011453088499264,-1.0,0.0133840050548315,0.0224629286676645,0.9641530513763428,1.0,-0.9507690463215113
2019-04-25,78.80730438232422,0.0103176425848967,1.0,0.34409736966093374,0.3362951911985874,0.3196074422448873,3.0,0.024489927416046442
2019-04-26,79.59420776367188,0.0099851579433563,1.0,,,,,
2019-04-29,79.4511489868164,-0.0017973516022702,-1.0,0.0648695410539706,0.8909436464309692,0.04418681779255467,3.0,0.020682723261415924
2019-04-30,79.81775665283203,0.0046142525399659,1.0,0.33139773341827095,0.1988902832381427,0.4697119838092476,4.0,-0.13831425039097667
2019-05-01,79.67472839355469,-0.0017919353446558,-1.0,0.6522739132245382,0.2678878176957369,0.07983824921151,3.0,0.5724356640130281
2019-05-02,80.01449584960938,0.0042644319335034,1.0,0.0312621109187603,0.7905131578445435,0.1782246828079223,1.0,-0.146962571889162
2019-05-03,80.62257385253906,0.007599598003749,1.0,,,,,
2019-05-06,81.0339126586914,0.0051020301944799,1.0,0.1137498021125793,0.828270822763443,0.05797935184091325,2.0,0.05577045027166606
2019-05-07,79.47797393798828,-0.0192010809999588,-1.0,,,,,
2019-05-08,79.64787292480469,0.0021376864356024,1.0,0.0989608764648437,0.8554627895355225,0.0455763600766658,1.0,0.05338451638817789
2019-05-09,79.47797393798828,-0.0021331264800606,-1.0,0.2023876011371612,0.7883092164993286,0.0093031525611877,1.0,0.1930844485759735
2019-05-10,79.50481414794922,0.0003377062679261,1.0,0.4369069635868072,0.0742474719882011,0.4888455271720886,1.0,-0.05193856358528143
2019-05-13,78.0114517211914,-0.0187832956125001,-1.0,,,,,
2019-05-14,78.4049072265625,0.0050435608707459,1.0,0.0710870027542114,0.2322188466787338,0.6966941952705383,1.0,-0.6256071925163269
2019-05-15,78.63741302490234,0.0029654495689661,1.0,0.34576694667339325,0.6248457580804825,0.029387291520833952,2.0,0.3163796551525593
2019-05-16,79.25442504882812,0.0078462909725984,1.0,0.0142076527699828,0.0497245453298091,0.9360678791999816,1.0,-0.9218602264299988
2019-05-17,79.08454132080078,-0.0021435235688439,-1.0,0.014728357704977135,0.2549235013624032,0.730348159869512,3.0,-0.7156198021645348
2019-05-20,79.04875183105469,-0.0004525472253915,-1.0,,,,,
2019-05-21,79.79096984863281,0.0093893704882832,1.0,0.8663820028305054,0.1111622359603643,0.022455811966210548,2.0,0.8439261908642948
2019-05-22,80.24700164794922,0.0057153309476187,1.0,,,,,
2019-05-23,79.96979522705078,-0.0034544146847326,-1.0,0.0230202532062927,0.11161306935052073,0.8653666774431864,3.0,-0.8423464242368937
2019-05-24,80.08605194091797,0.0014537578036446,1.0,,,,,
2019-05-28,78.94144439697266,-0.0142922208824793,-1.0,,,,,
2019-05-29,78.18135833740234,-0.0096284792529013,-1.0,,,,,
2019-05-30,78.61058044433594,0.0054900824961523,1.0,,,,,
2019-05-31,78.04723358154297,-0.0071662982210375,-1.0,0.0194772034883499,0.1279164999723434,0.8526062369346619,1.0,-0.833129033446312
2019-06-03,78.23500061035156,0.0024058127391846,1.0,,,,,
2019-06-04,79.53163146972656,0.0165735393271466,1.0,0.8664536476135254,0.1257131546735763,0.0078332750126719,1.0,0.8586203726008534
2019-06-05,80.13076782226562,0.0075333089673523,1.0,0.0507861748337745,0.9185490608215332,0.03066479973495,1.0,0.020121375098824498
2019-06-06,80.54207611083984,0.0051329632768093,1.0,0.0861428380012512,0.8859176635742188,0.027939511463046,1.0,0.0582033265382052
2019-06-07,81.38264465332031,0.0104363903076412,1.0,0.18108135213454565,0.6817643443743387,0.1371543022493521,3.0,0.04392704988519355
2019-06-10,81.62408447265625,0.0029667236837096,1.0,0.1180222332477569,0.4821528047323227,0.39982493221759796,2.0,-0.28180269896984106
2019-06-11,81.48995971679688,-0.0016432007381878,-1.0,0.0119597241282463,0.049756471067667,0.938283920288086,1.0,-0.9263241961598397
2019-06-12,81.88340759277344,0.0048281761010058,1.0,0.08308926876634355,0.8827012777328491,0.0342095016967505,2.0,0.04887976706959305
2019-06-13,81.78504180908203,-0.0012012907936196,-1.0,0.45031345961615443,0.27972171455621714,0.2699648252455517,4.0,0.18034863437060272
2019-06-14,81.59725952148438,-0.0022960468496918,-1.0,,,,,
2019-06-17,81.96390533447266,0.0044933593988134,1.0,0.2204328179359436,0.7656747102737427,0.0138925034552812,1.0,0.2065403144806624
2019-06-18,82.661376953125,0.0085094971476304,1.0,,,,,
2019-06-19,83.40359497070312,0.008979018314672,1.0,,,,,
2019-06-20,83.77022552490234,0.0043958603262606,1.0,0.3137664956351121,0.5024957011143366,0.1837378119428952,3.0,0.1300286836922169
2019-06-21,84.17255401611328,0.004802762421731,1.0,,,,,
2019-06-24,83.73249053955078,-0.0052281112496391,-1.0,0.08588942233473057,0.5656063730518023,0.3485041844348112,3.0,-0.2626147621000806
2019-06-25,83.3912353515625,-0.0040755408777324,-1.0,0.41191355884075165,0.5761782675981522,0.011908223386853899,2.0,0.40000533545389777
2019-06-26,82.34053802490234,-0.0125996134033823,-1.0,0.0127441603690385,0.0281308833509683,0.9591249227523804,1.0,-0.9463807623833419
2019-06-27,82.91527557373047,0.0069800072068306,1.0,0.0315231159329414,0.9442099928855896,0.0242668874561786,1.0,0.007256228476762803
2019-06-28,83.19367218017578,0.0033576033429179,1.0,0.2346330303698778,0.23621368966996664,0.5291533172130585,2.0,-0.29452028684318066
2019-07-01,83.60679626464844,0.0049658113850046,1.0,,,,,
2019-07-02,84.05579376220703,0.0053703468810997,1.0,,,,,
2019-07-03,84.77422332763672,0.0085470558693683,1.0,,,,,
2019-07-05,84.19049072265625,-0.0068857322670412,-1.0,0.2215753644704818,0.3636375069618225,0.4147872030735016,1.0,-0.1932118386030198
2019-07-08,83.56185150146484,-0.0074668672886383,-1.0,0.0620215237140655,0.63108891248703,0.306889533996582,1.0,-0.24486801028251648
2019-07-09,83.64268493652344,0.0009673485401071,1.0,0.026981022208929,0.1387093216180801,0.8343096375465393,1.0,-0.8073286153376104
2019-07-10,83.93006134033203,0.003435762541897,1.0,,,,,
2019-07-11,83.9480209350586,0.000213982861918,1.0,0.28011476496855414,0.17104129120707504,0.5488439450661341,3.0,-0.26872918009757996
2019-07-12,83.0140609741211,-0.0111254553774412,-1.0,,,,,
2019-07-15,83.19367218017578,0.0021636238963262,1.0,0.33531276346184313,0.3175554405897856,0.3471317655639723,4.0,-0.011819002102129161
2019-07-16,82.78058624267578,-0.0049653528528631,-1.0,0.13914641365408895,0.7234902381896973,0.13736332207918167,2.0,0.001783091574907275
2019-07-17,82.79855346679688,0.0002170463503172,1.0,0.5024480040495595,0.16124071180820462,0.33631130680441856,3.0,0.1661366972451409
2019-07-18,83.26551818847656,0.0056397690796246,1.0,0.9418241381645204,0.0367137044668197,0.0214622635394334,1.0,0.920361874625087
2019-07-19,82.40340423583984,-0.0103537931594357,-1.0,0.0243053026497364,0.2031739503145218,0.7725207209587097,1.0,-0.7482154183089733
2019-07-22,82.23279571533203,-0.0020704062179218,-1.0,0.8327543437480927,0.15111696720123285,0.0161286848597228,2.0,0.8166256588883698
2019-07-23,82.74467468261719,0.0062247545256413,1.0,0.939028799533844,0.0408421494066715,0.0201291013509035,1.0,0.9188996981829405
2019-07-24,82.78958129882812,0.0005427130674353,1.0,0.062321163713932,0.897808313369751,0.0398705005645751,1.0,0.022450663149356904
2019-07-25,82.38545227050781,-0.0048813995913521,-1.0,,,,,
2019-07-26,82.68180084228516,0.0035970983178474,1.0,,,,,
2019-07-29,83.02305603027344,0.0041273313415031,1.0,0.4678607350215316,0.5141554069705306,0.017983842175453825,4.0,0.44987689284607774
2019-07-30,82.66384887695312,-0.0043265951712175,-1.0,0.897351880868276,0.08464236557483669,0.018005772183338733,3.0,0.8793461086849372
2019-07-31,81.84662628173828,-0.0098860941792257,-1.0,,,,,
2019-08-01,81.95440673828125,0.0013168588790937,1.0,,,,,
2019-08-02,81.76581573486328,-0.0023011697713855,-1.0,,,,,
2019-08-05,79.84400939941406,-0.0235037872266931,-1.0,0.2710106670856476,0.6024038195610046,0.1265854984521865,1.0,0.14442516863346108
2019-08-06,80.87676239013672,0.0129346333994373,1.0,0.2587315831333398,0.5928049087524414,0.1484635211527347,2.0,0.11026806198060513
2019-08-07,80.90369415283203,0.0003329975372332,1.0,0.4203692525625229,0.548436657525599,0.031194093171507075,4.0,0.3891751593910158
2019-08-08,81.98133087158203,0.0133199939759769,1.0,0.08400251964728034,0.5838555097579956,0.3321419733886917,3.0,-0.2481394537414114
2019-08-09,82.08012390136719,0.0012050674066259,1.0,,,,,
2019-08-12,81.2808609008789,-0.0097375949559813,-1.0,0.4481055475771427,0.5090849697589874,0.0428094982635229,2.0,0.40529604931361984
2019-08-13,82.34053802490234,0.0130372281036208,1.0,0.07295405647406973,0.46469013889630634,0.46235580494006473,3.0,-0.389401748465995
2019-08-14,80.05054473876953,-0.0278112499755618,-1.0,0.4684608988463878,0.21065876632928845,0.32088034413754934,2.0,0.14758055470883846
2019-08-15,80.3289566040039,0.0034779509139246,1.0,,,,,
2019-08-16,81.31678771972656,0.0122973228768841,1.0,0.5238857269287109,0.4523815810680389,0.0237326715141534,1.0,0.5001530554145576
2019-08-19,82.09806060791016,0.0096077687042483,1.0,0.0275687184184789,0.8323962688446045,0.1400350034236908,1.0,-0.1124662850052119
2019-08-20,81.39761352539062,-0.0085318347027072,-1.0,0.0646644532680511,0.8899505734443665,0.0453850254416465,1.0,0.019279427826404606
2019-08-21,81.9992904663086,0.0073918253233589,1.0,,,,,
2019-08-22,81.59516906738281,-0.0049283523872907,-1.0,,,,,
2019-08-23,79.70931243896484,-0.0231123564050782,-1.0,0.1176568791270256,0.863618791103363,0.0187243893742561,1.0,0.0989324897527695
2019-08-26,80.54447937011719,0.010477658200751,1.0,0.061245758086442906,0.723400890827179,0.2153533482924103,2.0,-0.15410759020596737
2019-08-27,80.06851196289062,-0.0059093734412187,-1.0,0.07292802631855007,0.6796569749712944,0.24741502059623594,4.0,-0.17448699427768588
2019-08-28,80.6522216796875,0.0072901281975541,1.0,0.05306861735880371,0.9118197560310364,0.035111606121063205,2.0,0.017957011237740503
2019-08-29,81.2629165649414,0.0075719536614786,1.0,,,,,
2019-08-30,81.3616943359375,0.0012155331751741,1.0,0.0142776304855942,0.1332822293043136,0.8524400591850281,1.0,-0.8381624286994339
2019-09-03,80.88573455810547,-0.0058499246078482,-1.0,0.1080785766243934,0.8545539379119873,0.0373675115406513,1.0,0.07071106508374209
2019-09-04,80.93962097167969,0.0006662041689873,1.0,0.1530379801988601,0.6732518672943115,0.1737101972103119,1.0,-0.020672217011451777
2019-09-05,81.73887634277344,0.0098747110685557,1.0,0.0274674464017152,0.8863236308097839,0.0862089321017265,1.0,-0.05874148570001131
2019-09-06,81.96337127685547,0.0027464891141959,1.0,,,,,
2019-09-09,81.20902252197266,-0.0092034861808548,-1.0,,,,,
2019-09-10,81.44251251220703,0.0028751730162888,1.0,0.0543529577553272,0.7703216075897217,0.1753254532814026,1.0,-0.12097249552607539
2019-09-11,82.25074005126953,0.0099239023224062,1.0,0.47708092629909515,0.4497773349285126,0.0731417220085859,2.0,0.4039392042905092
2019-09-12,82.22379302978516,-0.00032762041372,-1.0,0.0503380894660949,0.160237580537796,0.7894243597984314,1.0,-0.7390862703323365
2019-09-13,82.17890167236328,-0.0005459655382914,-1.0,,,,,
2019-09-16,81.9992904663086,-0.0021856121510455,-1.0,0.0323644451797008,0.5337859988212585,0.4338495211675763,5.0,-0.40148507598787553
2019-09-17,82.12501525878906,0.0015332424435077,1.0,0.024851834401488266,0.12712845454613364,0.8480197191238403,3.0,-0.823167884722352
2019-09-18,82.11604309082031,-0.0001092501223954,-1.0,0.0672410726547241,0.4876441061496734,0.44511479139328,1.0,-0.3778737187385559
2019-09-19,82.50218963623047,0.0047024494955643,1.0,0.22100408375263214,0.6995008985201517,0.07949501182883977,3.0,0.14150907192379236
2019-09-20,82.96208953857422,0.0055743963205285,1.0,,,,,
2019-09-23,82.52022552490234,-0.0053260955230211,-1.0,0.13493415527045724,0.5911223888397217,0.27394345309585333,2.0,-0.1390092978253961
2019-09-24,81.76274871826172,-0.00917928667575,-1.0,0.278903623111546,0.7056966200470924,0.015399754047393724,4.0,0.26350386906415224
2019-09-25,81.365966796875,-0.0048528446952529,-1.0,,,,,
2019-09-26,80.91507720947266,-0.0055415010126772,-1.0,0.0383021309971809,0.2961964309215545,0.6655014753341675,1.0,-0.6271993443369865
2019-09-27,80.55438232421875,-0.0044576968556816,-1.0,0.06855540225903188,0.8512420654296875,0.08020250095675384,3.0,-0.011647098697721958
2019-09-30,81.27579498291016,0.0089555979187803,1.0,,,,,
2019-10-01,80.48224639892578,-0.0097636520707208,-1.0,,,,,
2019-10-02,79.3099594116211,-0.0145657836325047,-1.0,0.0667740404605865,0.2567092180252075,0.6765167713165283,1.0,-0.6097427308559418
2019-10-03,80.0223388671875,0.0089822193940249,1.0,0.6765020489692688,0.2191730737686157,0.1043248176574707,1.0,0.5721772313117981
2019-10-04,81.27579498291016,0.0156638275444935,1.0,,,,,
2019-10-07,81.0052719116211,-0.0033284580156484,-1.0,,,,,
2019-10-08,79.4632568359375,-0.0190359841933001,-1.0,,,,,
2019-10-09,80.0403823852539,0.007262797578357,1.0,0.3037907490506768,0.3978905528783798,0.29831870738416905,2.0,0.0054720416665077765
2019-10-10,80.4371566772461,0.0049571763673292,1.0,0.0577807500958442,0.2646364569664001,0.6775828003883362,1.0,-0.619802050292492
2019-10-11,81.10445404052734,0.0082958845245957,1.0,,,,,
2019-10-14,81.06837463378906,-0.0004448511140985,-1.0,0.0552987866103649,0.3692719638347626,0.5754292607307434,1.0,-0.5201304741203785
2019-10-15,82.54728698730469,0.0182427779044087,1.0,0.48172041680663824,0.33351782429963345,0.18476172350347037,2.0,0.2969586933031679
2019-10-16,82.4390640258789,-0.0013110420145294,-1.0,0.08158581890165804,0.4233302781358361,0.4950839336961508,2.0,-0.4134981147944927
2019-10-17,83.05227661132812,0.0074383739395285,1.0,0.35634504724293947,0.3869369104504585,0.25671799317933613,4.0,0.09962705406360334
2019-10-18,82.74566650390625,-0.0036917724586499,-1.0,0.019457502911488168,0.30312339216470713,0.677419106165568,3.0,-0.6579616032540798
2019-10-21,82.65550231933594,-0.0010896544602254,-1.0,0.21227780878543853,0.6470756888389587,0.14064649939537044,5.0,0.07163130939006809
2019-10-22,82.83584594726562,0.0021818708116119,1.0,0.38084042072296137,0.5362784937024117,0.08288105949759479,2.0,0.2979593612253666
2019-10-23,83.34984588623047,0.0062050424316553,1.0,0.2386899972334504,0.36719325594604013,0.39411671943962573,5.0,-0.15542672220617532
2019-10-24,82.92601013183594,-0.0050850214525057,-1.0,0.1037004329264164,0.8405095636844635,0.0557899568229913,2.0,0.047910476103425095
2019-10-25,83.01617431640625,0.0010872847304117,1.0,0.5837095677852631,0.37916305661201477,0.037127360701560905,2.0,0.5465822070837022
2019-10-28,83.87284851074219,0.0103193648875077,1.0,0.4827238321304321,0.5072213411331177,0.0100548192858695,1.0,0.4726690128445626
2019-10-29,85.06321716308594,0.0141925387474026,1.0,0.8391730338335037,0.1405468406155705,0.020280163036659325,4.0,0.8188928707968444
2019-10-30,85.5411376953125,0.0056184159048473,1.0,0.1330021917819976,0.85892254114151,0.0080752074718475,1.0,0.12492698431015009
2019-10-31,85.4419174194336,-0.0011599129793237,-1.0,0.4782561035826803,0.2413285598158836,0.2804153310135007,2.0,0.1978407725691796
2019-11-01,85.55015563964844,0.0012668046725063,1.0,0.47571762744337315,0.36822155490517616,0.15606082323938605,2.0,0.3196568042039871
2019-11-04,85.28863525390625,-0.0030569247219579,-1.0,,,,,
2019-11-05,84.6844482421875,-0.0070840271968248,-1.0,0.038718082010746,0.9393866062164308,0.0218953173607587,1.0,0.0168227646499873
2019-11-06,84.97301483154297,0.0034075511542592,1.0,0.2720590331591665,0.2677013846114278,0.46023957058787346,4.0,-0.18818053742870694
2019-11-07,85.16238403320312,0.0022285804738784,1.0,,,,,
2019-11-08,85.78460693359375,0.0073063114361386,1.0,0.0975022539496421,0.8799262642860413,0.0225714668631553,1.0,0.0749307870864868
2019-11-11,85.43292236328125,-0.0040996232644014,-1.0,0.0774474665522575,0.9109731912612916,0.0115793319419026,1.0,0.0658681346103549
2019-11-12,85.94693756103516,0.0060165938789755,1.0,,,,,
2019-11-13,86.04611206054688,0.0011539038193337,1.0,0.21695515466853973,0.49587724171578884,0.28716766089200974,4.0,-0.07021250622347
2019-11-14,86.05513000488281,0.0001048036235453,1.0,0.525767646729946,0.45501405000686646,0.01921831024810665,2.0,0.5065493364818394
2019-11-15,87.88572692871094,0.0212723741597304,1.0,0.34635417163372034,0.1746578700840473,0.47898799367249006,2.0,-0.13263382203876972
2019-11-18,87.58814239501953,-0.0033860393955982,-1.0,0.07956364843994376,0.15055155940353865,0.7698847949504852,2.0,-0.6903211465105414
2019-11-19,88.18328094482422,0.0067947388028921,1.0,,,,,
2019-11-20,88.06607818603516,-0.0013290814033376,-1.0,0.42996705919504163,0.17009977102279658,0.39993317425251007,5.0,0.030033884942531563
2019-11-21,88.29150390625,0.0025597338368883,1.0,0.0474128052592277,0.9286286234855652,0.023958520963788,1.0,0.023454284295439696
2019-11-22,88.60711669921875,0.0035746677653591,1.0,0.7609017491340637,0.1203322857618331,0.1187659427523613,1.0,0.6421358063817024
2019-11-25,89.64415740966797,0.0117038083291831,1.0,0.1663940586149692,0.8195213675498962,0.0140845840796828,2.0,0.1523094745352864
2019-11-26,89.5719985961914,-0.000804947199702,-1.0,,,,,
2019-11-27,90.03189849853516,0.0051344159955286,1.0,0.4625654518604278,0.5257660746574402,0.0116684809327125,1.0,0.4508969709277153
2019-11-29,89.71627807617188,-0.0035056510817487,-1.0,,,,,
2019-12-02,89.31950378417969,-0.0044225451668348,-1.0,0.3198683174947897,0.503123496969541,0.17700819484889505,3.0,0.14286012264589468
2019-12-03,89.1211166381836,-0.0022210954784909,-1.0,0.06773119512945411,0.35616653598845,0.5761022940278053,2.0,-0.5083710988983512
2019-12-04,89.95072937011719,0.0093088233544209,1.0,,,,,
2019-12-05,89.95072937011719,0.0,0.0,0.0466068722307682,0.4058139622211456,0.5475792288780212,1.0,-0.500972356647253
2019-12-06,90.5458984375,0.0066166119113264,1.0,0.13839445263147349,0.8500122725963593,0.01159328920766705,2.0,0.12680116342380643
2019-12-09,89.9146957397461,-0.0069710799566431,-1.0,0.120066799223423,0.8681350350379944,0.0117981368675827,1.0,0.1082686623558403
2019-12-10,90.11306762695312,0.0022062231938282,1.0,0.0741158500313758,0.9119004011154176,0.0139838038012385,1.0,0.0601320462301373
2019-12-11,90.19420623779295,0.0009004089304309,1.0,,,,,
2019-12-12,91.03285217285156,0.0092982240217021,1.0,,,,,
2019-12-13,90.96971893310548,-0.0006935214951433,-1.0,0.252551406621933,0.7245224118232727,0.0229261666536331,1.0,0.2296252399682999
2019-12-16,91.95265197753906,0.0108050575066234,1.0,,,,,
2019-12-17,91.85345458984376,-0.0010787876756347,-1.0,0.05220633465796705,0.4746977351605892,0.47309594368562097,2.0,-0.42088960902765393
2019-12-18,91.9797134399414,0.0013745683345436,1.0,0.0248821172863245,0.930523693561554,0.0445941090583801,1.0,-0.019711991772055598
2019-12-19,92.34042358398438,0.0039216271779156,1.0,0.2163414806127548,0.7637538313865662,0.0199047084897756,1.0,0.1964367721229792
2019-12-20,92.99417114257812,0.0070797548161467,1.0,0.5597076490521431,0.1360244899988174,0.3042678041383624,2.0,0.2554398449137807
2019-12-23,93.3654327392578,0.0039923104009438,1.0,0.3287416696548462,0.6579766869544983,0.0132816871628165,1.0,0.31545998249202967
2019-12-24,93.24771118164062,-0.0012608687622744,-1.0,,,,,
2019-12-26,93.18433380126952,-0.0006796668740496,-1.0,0.6564084887504578,0.3304030299186706,0.0131885167211294,1.0,0.6432199720293283
2019-12-27,93.21150207519533,0.0002915540930275,1.0,,,,,
2019-12-30,92.65190887451172,-0.0060034779852831,-1.0,,,,,
2019-12-31,92.8341827392578,0.0019672974573352,1.0,0.8811138868331909,0.0962907820940017,0.0225952994078397,1.0,0.8585185874253513
2020-01-02,93.08026885986328,0.0026508136695366,1.0,,,,,
2020-01-03,92.26911163330078,-0.0087145990927866,-1.0,0.166541650891304,0.8232283592224121,0.0102299619466066,1.0,0.15631168894469738
2020-01-06,92.84329223632812,0.0062228907687902,1.0,,,,,
2020-01-07,92.66101837158205,-0.0019632421508934,-1.0,,,,,
2020-01-08,93.26253509521484,0.0064915833454435,1.0,0.0154075976461172,0.0562491528689861,0.9283432364463806,1.0,-0.9129356388002634
2020-01-09,93.66354370117188,0.004299782389012,1.0,0.24360852595418692,0.3681607246398926,0.38823073264211416,2.0,-0.14462220668792725
2020-01-10,93.69088745117188,0.0002919358900965,1.0,,,,,
2020-01-13,93.36280059814452,-0.0035018011031044,-1.0,0.2883744264642397,0.6947368234395981,0.0168887373680869,3.0,0.27148568909615284
2020-01-14,93.92786407470705,0.0060523406853945,1.0,0.912940263748169,0.0671118348836898,0.0199479982256889,1.0,0.89299226552248
2020-01-15,94.73898315429688,0.008635553332126,1.0,0.2541388248403867,0.728427658478419,0.01743348843107617,3.0,0.23670533640931052
2020-01-16,95.23113250732422,0.0051947924353989,1.0,0.46031676791608334,0.5194867327809334,0.02019645459949965,2.0,0.4401203133165837
2020-01-17,95.23113250732422,0.0,0.0,,,,,
2020-01-21,95.33137512207033,0.001052624410808,1.0,0.07227848366730738,0.3583106735928191,0.5694108493626118,9.0,-0.4971323656953044
2020-01-22,95.44986724853516,0.001242949934511,1.0,0.39682372686054024,0.289620826286929,0.31355544671948465,7.0,0.08326828014105558
2020-01-23,94.96682739257812,-0.0050606655606892,-1.0,0.35627278825268144,0.1870674835518002,0.45665973075665534,8.0,-0.1003869425039739
2020-01-24,93.38101959228516,-0.0166985445742805,-1.0,0.0882993675768375,0.16904261987656355,0.7426580262059966,6.0,-0.6543586586291591
2020-01-27,92.67013549804688,-0.0076127257695632,-1.0,0.14408219419419763,0.22069553711584636,0.6352222724152463,7.0,-0.49114007822104866
2020-01-28,93.1258316040039,0.0049173998020821,1.0,0.17574217356741426,0.2264240810181945,0.5978337361011654,16.0,-0.42209156253375113
2020-01-29,92.87064361572266,-0.0027402492293049,-1.0,0.08826516376187402,0.14291561494270955,0.7688192233443261,15.0,-0.6805540595824521
2020-01-30,92.19619750976562,-0.0072622098835422,-1.0,0.019669942868252525,0.20267113717272875,0.7776589201142391,12.0,-0.7579889772459866
2020-01-31,90.35520935058594,-0.0199681571355986,-1.0,0.08041975798236353,0.4036071783787495,0.5159730711649801,37.0,-0.4355533131826166
2020-02-03,91.17545318603516,0.0090779916436982,1.0,0.09736391314072529,0.2612590397475287,0.6413770508370362,16.0,-0.5440131376963109
2020-02-04,92.7794952392578,0.0175929156058016,1.0,0.11790682457387444,0.17381185606122013,0.7082813143357635,25.0,-0.590374489761889
2020-02-05,94.5658187866211,0.0192534303270002,1.0,0.15566735262982542,0.2137969262897968,0.6305357166565955,20.0,-0.47486836402677
2020-02-06,94.6478271484375,0.0008672093454977,1.0,0.23251556412627297,0.1932474353661139,0.5742369988312324,15.0,-0.3417214347049594
2020-02-07,93.9096221923828,-0.0077994918456708,-1.0,0.1342313390265664,0.25669332383119536,0.6090753399969443,23.0,-0.47484400097037793
2020-02-10,94.41088104248048,0.0053376729497516,1.0,0.06657752168497863,0.229541256491627,0.7038812357932329,7.0,-0.6373037141082543
2020-02-11,94.97595977783205,0.0059853136535956,1.0,0.24064649915089828,0.3310772777767852,0.4282762074726634,16.0,-0.1876297083217651
2020-02-12,95.09442138671876,0.0012472799344573,1.0,0.1848756749039659,0.33410522427696443,0.4810191049025609,13.0,-0.296143429998595
2020-02-13,94.6478271484375,-0.0046963242613896,-1.0,0.26352353265079165,0.23912425654438824,0.4973522388877777,13.0,-0.23382870623698604
2020-02-14,94.72076416015624,0.0007706147506625,1.0,0.22331790644675492,0.31270802915096285,0.46397406309843064,10.0,-0.24065615665167572
2020-02-18,94.38351440429688,-0.0035604627860595,-1.0,0.1903119709244684,0.19161151829910902,0.6180765057276738,19.0,-0.4277645348032054
2020-02-19,94.82101440429688,0.0046353433940375,1.0,0.21215980448242688,0.26755827665328974,0.5202819214512905,9.0,-0.3081221169688636
2020-02-20,94.2104034423828,-0.0064396164262761,-1.0,0.1296901323108209,0.282786251977086,0.5875236216104693,9.0,-0.4578334892996484
2020-02-21,94.26506805419922,0.0005802396531489,1.0,0.25220331006372965,0.08401495373497403,0.6637817653827369,12.0,-0.4115784553190073
2020-02-24,91.29393768310548,-0.0315188906391648,-1.0,0.1471620923104254,0.30206783409965665,0.5507700674137787,19.0,-0.4036079751033532
2020-02-25,88.52330017089844,-0.0303485377290256,-1.0,0.07792474664747709,0.2235197966918349,0.6985554526249568,30.0,-0.6206307059774797
2020-02-26,88.51421356201172,-0.0001026465220927,-1.0,0.06794999515460357,0.2852703508521829,0.64677965428148,21.0,-0.5788296591268765
2020-02-27,85.5066146850586,-0.0339787109428029,-1.0,0.11778048188575811,0.12493759375666415,0.7572819360441738,31.0,-0.6395014541584157
2020-02-28,84.40382385253906,-0.0128971406081432,-1.0,0.1272326250389022,0.31404580156269823,0.5587215621122404,38.0,-0.43148893707333824
2020-03-02,88.3592529296875,0.0468631502295313,1.0,0.20926955672031314,0.3267542104916395,0.4639762333040503,37.0,-0.25470667658373713
2020-03-03,86.16281127929688,-0.0248580830820113,-1.0,0.21205836225573604,0.3322370625668909,0.45570457174738005,41.0,-0.243646209491644
2020-03-04,91.12987518310548,0.0576474215506719,1.0,0.14411998097784814,0.3177411474287509,0.5381388765294105,20.0,-0.39401889555156233
2020-03-05,89.01545715332031,-0.0232022487196071,-1.0,0.15068955366548734,0.18412398429293378,0.6651864564536434,38.0,-0.5144969027881561
2020-03-06,88.54153442382812,-0.0053240498296369,-1.0,0.2219361688296955,0.32321336247528404,0.4548504655607618,52.0,-0.2329142967310663
2020-03-09,83.93902587890625,-0.0519813506155282,-1.0,0.13196211426319285,0.2557866612582334,0.6122512083301055,28.0,-0.48028909406691267
2020-03-10,86.81902313232422,0.0343105870393678,1.0,0.16474025103856213,0.35143168926747004,0.4838280519047244,44.0,-0.3190878008661623
2020-03-11,83.50154876708984,-0.0382113763267997,-1.0,0.09966987907584451,0.31272598844323607,0.5876041416179489,37.0,-0.4879342625421044
2020-03-12,77.26763916015625,-0.0746562153514276,-1.0,0.14101583335661522,0.18136545135216275,0.6776187257333235,33.0,-0.5366028923767083
2020-03-13,82.62663269042969,0.0693562478227864,1.0,0.1496060527256363,0.32346143759787077,0.5269325056125398,77.0,-0.3773264528869035
2020-03-16,74.47879028320312,-0.0986103649867156,-1.0,0.1449708132730687,0.3129648327389184,0.5420643557958743,51.0,-0.3970935425228056
2020-03-17,79.15421295166016,0.0627752229954177,1.0,0.12474734194887178,0.30651836177955066,0.56873429066812,60.0,-0.4439869487192482
2020-03-18,76.52940368652344,-0.0331607019671802,-1.0,0.15559153662373618,0.3611397224606252,0.48326873677034005,51.0,-0.32767720014660384
2020-03-19,74.96180725097656,-0.0204835835644034,-1.0,0.14789009581813037,0.35450618946376966,0.4976037194185397,85.0,-0.34971362360040936
2020-03-20,72.08184814453125,-0.0384190191253399,-1.0,0.12029690782514371,0.2528184327120716,0.6268846567946713,74.0,-0.5065877489695276
2020-03-23,68.3379898071289,-0.0519389892708569,-1.0,0.14650510251522061,0.30548621290454675,0.5480086779696685,51.0,-0.4015035754544478
2020-03-24,73.6039047241211,0.0770569185873661,1.0,0.10233973737420704,0.3504977101010495,0.5471625583374808,29.0,-0.4448228209632738
2020-03-25,74.5838394165039,0.0133136237276507,1.0,0.17632132732708536,0.30688952180956086,0.5167891435325146,35.0,-0.3404678162054292
2020-03-26,79.53838348388672,0.0664291903734641,1.0,0.17431275581009684,0.38686104595661164,0.43882618736475704,50.0,-0.2645134315546602
2020-03-27,77.83496856689453,-0.0214162627197128,-1.0,0.15573684814282587,0.3674134636228835,0.4768496844917536,54.0,-0.32111283634892773
2020-03-30,81.47991180419922,0.0468291219796932,1.0,0.18729436723515389,0.2720671878803683,0.5406384538332729,46.0,-0.353344086598119
2020-03-31,81.12274169921875,-0.0043835357337986,-1.0,0.1329453723420473,0.32416892403059383,0.5428857069081542,44.0,-0.4099403345661069
2020-04-01,78.03646087646484,-0.0380445822972429,-1.0,0.13689682407882703,0.28808922140762716,0.5750139548346914,29.0,-0.4381171307558644
2020-04-02,80.19776916503906,0.0276961341442132,1.0,0.04859657476966576,0.2819475951708025,0.669455830525193,36.0,-0.6208592557555273
2020-04-03,79.47428894042969,-0.0090212013643486,-1.0,0.16102596881957545,0.26749802834161046,0.5714760084443216,53.0,-0.41045003962474613
2020-04-06,83.6412124633789,0.052431089079294,1.0,0.24440184381091964,0.20776816055877131,0.547829998540692,32.0,-0.30342815472977236
2020-04-07,82.95437622070312,-0.0082116963928099,-1.0,0.1583019495990715,0.30890589766204357,0.5327921427394214,19.0,-0.3744901931403499
2020-04-08,86.37034606933594,0.0411788986218701,1.0,0.24792611053170155,0.20037953581574347,0.5516943403541349,43.0,-0.30376822982243334
2020-04-09,86.8465576171875,0.0055136000898881,1.0,0.11597119240711129,0.4273825782830968,0.4566462310313275,33.0,-0.3406750386242162
2020-04-13,86.08643341064453,-0.0087524966722749,-1.0,0.14883279071987737,0.3361391216915633,0.5150280962698162,28.0,-0.3661953055499388
2020-04-14,88.94380187988281,0.0331918556273347,1.0,0.2969516025403061,0.3154894311383769,0.38755896118645733,37.0,-0.09060735864615121
2020-04-15,88.48587799072266,-0.0051484631810384,-1.0,0.17276729356021953,0.41114893987616324,0.41608376226368105,47.0,-0.24331646870346152
2020-04-16,90.4182357788086,0.0218380359890708,1.0,0.18669093975556952,0.27072625511115594,0.5425828142512229,31.0,-0.3558918744956534
2020-04-17,92.29566955566406,0.0207638841953106,1.0,0.18482756817310642,0.43655041552375295,0.37862201870695966,37.0,-0.19379445053385325
2020-04-20,91.5630111694336,-0.007938166435735,-1.0,0.14584008048820704,0.2793411324465913,0.574818770035303,28.0,-0.42897868954709595
2020-04-21,88.77893829345703,-0.0304060869167436,-1.0,0.26337523979600513,0.24689335298414028,0.48973141212223303,36.0,-0.2263561723262279
2020-04-22,90.13433074951172,0.0152670496190714,1.0,0.16593904090113934,0.22017545362468804,0.6138854953926056,40.0,-0.4479464544914663
2020-04-23,90.62889862060548,0.0054870088564611,1.0,0.17077118996530766,0.2690148199775389,0.5602139886202556,35.0,-0.38944279865494796
2020-04-24,91.84690856933594,0.0134395316203645,1.0,0.11401099492998223,0.39136539237654727,0.4946236194151899,23.0,-0.38061262448520766
2020-04-27,93.0283203125,0.0128628362300535,1.0,0.2467070490121841,0.39158361395820973,0.3617093423381447,20.0,-0.11500229332596063
2020-04-28,91.15091705322266,-0.0201809863165408,-1.0,0.29701147205196315,0.16106459715714053,0.5419239374265695,24.0,-0.24491246537460637
2020-04-29,91.7553253173828,0.0066308522579892,1.0,0.27269344844010673,0.21700830081867614,0.510298247903932,43.0,-0.23760479946382523
2020-04-30,91.33406066894533,-0.0045911738308409,-1.0,0.23309382215142246,0.2537763800472021,0.5131297977268696,25.0,-0.2800359755754471
2020-05-01,89.59402465820312,-0.0190513374528396,-1.0,0.13355981931090352,0.3931465324324866,0.47329366944419843,12.0,-0.33973385013329493
2020-05-04,89.5482177734375,-0.0005112716494249,-1.0,0.21247229590080674,0.36066918550059196,0.42685851771384475,20.0,-0.214386221813038
2020-05-05,91.4897689819336,0.02168162869984,1.0,0.1457983960684102,0.12946209354469404,0.7247395257537181,13.0,-0.578941129685308
2020-05-06,90.58308410644533,-0.0099102324290195,-1.0,0.3251546032398062,0.2725211518871433,0.4023242532549535,17.0,-0.0771696500151473
2020-05-07,90.5739288330078,-0.0001010704540239,-1.0,0.13154796461629514,0.3627121228286448,0.5057399167734034,17.0,-0.3741919521571082
2020-05-08,91.04100036621094,0.0051567988627752,1.0,0.3412125160917639,0.25001830464849867,0.40876916255801915,15.0,-0.06755664646625525
2020-05-11,92.60704803466795,0.0172015648131897,1.0,0.24057772196829313,0.25010951077565546,0.5093127661850303,20.0,-0.26873504421673716
2020-05-12,91.19669342041016,-0.015229452230567,-1.0,0.13258158340086706,0.31460968597695743,0.552808746727633,29.0,-0.42022716332676596
2020-05-13,90.20760345458984,-0.0108456779376931,-1.0,0.33844335776354584,0.22551682524915248,0.4360398061440459,14.0,-0.09759644838050008
2020-05-14,91.19669342041016,0.0109645964191722,1.0,0.1340766680765558,0.29008092155510723,0.5758423903872344,22.0,-0.44176572231067857
2020-05-15,91.9659652709961,0.0084353041950726,1.0,0.020478923661777566,0.08081147475884508,0.8987095997883723,13.0,-0.8782306761265947
2020-05-18,92.72610473632812,0.0082654432331801,1.0,0.365979654206471,0.3068057838827371,0.3272145880724896,11.0,0.038765066133981396
2020-05-19,91.60881805419922,-0.0120493218744168,-1.0,0.27670568887245006,0.3184412299479181,0.4048530867549817,37.0,-0.12814739788253166
2020-05-20,91.71869659423828,0.0011994319146662,1.0,0.1868617019959186,0.3232392616766063,0.48989903466089774,19.0,-0.3030373326649791
2020-05-21,91.04100036621094,-0.0073888558515551,-1.0,0.3424285928485915,0.36087627150118345,0.29669513608678244,16.0,0.045733456761809066
2020-05-22,91.23332214355467,0.0021124743420011,1.0,0.07156931161880489,0.3971997156739234,0.5312309741042555,10.0,-0.4596616624854506
2020-05-26,91.0684814453125,-0.0018068036367545,-1.0,0.18904922743184632,0.31852525759201783,0.49242552126256317,26.0,-0.30337629383071685
2020-05-27,92.01175689697266,0.010357869558049,1.0,0.19267085581444773,0.21984988035490877,0.587479261538157,13.0,-0.39480840572370923
2020-05-28,93.2114486694336,0.0130384617457555,1.0,0.16350920605831418,0.20743105209504178,0.629059740055639,26.0,-0.4655505339973248
2020-05-29,94.3379364013672,0.0120852936845623,1.0,0.20572622073814267,0.3008765531703829,0.49339720560237765,4.0,-0.287670984864235
2020-06-01,93.40380096435548,-0.0099020126223386,-1.0,0.12301573654015856,0.4355356909024219,0.44144857325591147,12.0,-0.3184328367157529
2020-06-02,93.9441375732422,0.0057849531101301,1.0,0.39749553911387914,0.3311342009032766,0.27137024281546474,15.0,0.1261252962984144
2020-06-03,93.7609634399414,-0.0019498197336473,-1.0,0.32400722299261314,0.28186985664069647,0.3941229293122887,19.0,-0.07011570631967556
2020-06-04,93.01915740966795,-0.0079116724386969,-1.0,0.23552420212783742,0.3975917092627949,0.3668840872123837,18.0,-0.13135988508454627
2020-06-05,94.52108764648438,0.0161464614240884,1.0,0.2849185773068004,0.346313486703568,0.36876796496411157,9.0,-0.08384938765731115
2020-06-08,95.1712875366211,0.006878887096269,1.0,0.17598624161577647,0.3646454153848545,0.45936833774404867,14.0,-0.2833820961282722
2020-06-09,94.1822280883789,-0.0103924142863109,-1.0,0.23258770495239225,0.2134882199267546,0.5539240820540322,9.0,-0.32133637710164
2020-06-10,94.03569793701172,-0.001555815299142,-1.0,0.20057597858831283,0.44896721802651884,0.3504568069241941,10.0,-0.1498808283358813
2020-06-11,88.80641174316406,-0.0556095855996136,-1.0,0.17459578763105363,0.2921692637824698,0.5332349421652524,19.0,-0.3586391545341987
2020-06-12,89.38339233398438,0.0064970600601339,1.0,0.2853028435554159,0.20151531186543012,0.5131818525689212,19.0,-0.22787900901350533
2020-06-15,89.58487701416016,0.0022541623775356,1.0,0.3020334232311982,0.31449214784571755,0.38347441043991304,13.0,-0.08144098720871484
2020-06-16,91.79195404052734,0.0246367143643935,1.0,0.17443100593107583,0.3721547793487415,0.4534142164184767,17.0,-0.2789832104874008
2020-06-17,91.70037841796876,-0.0009976432413471,-1.0,0.2021165148887251,0.2221241529498781,0.5757593409424382,14.0,-0.37364282605371313
2020-06-18,91.38899993896484,-0.0033956073505462,-1.0,0.29799460535869,0.14844230171293016,0.5535631014034152,10.0,-0.25556849604472526
2020-06-19,92.26818084716795,0.0096202049348421,1.0,0.21536729410290711,0.241736797367533,0.5428959110751748,15.0,-0.32752861697226765
2020-06-22,91.91411590576172,-0.0038373460726695,-1.0,0.20622908431463513,0.48999516737575716,0.3037757314741611,13.0,-0.09754664715952596
2020-06-23,92.3095703125,0.0043024338845161,1.0,0.20412841660436237,0.34955594246275723,0.44631565437885,8.0,-0.24218723777448764
2020-06-24,89.89997863769531,-0.0261033787357841,-1.0,0.20005331566447718,0.28561502388295,0.5143316539333147,17.0,-0.31427833826883755
2020-06-25,90.78287506103516,0.0098208746733743,1.0,0.19240017924457783,0.2564317480660975,0.5511680664494634,20.0,-0.3587678872048855
2020-06-26,89.67923736572266,-0.0121568929665479,-1.0,0.21364960929050159,0.08361966015004058,0.7027307331342908,17.0,-0.4890811238437892
2020-06-29,90.48858642578124,0.0090249324574198,1.0,0.2247591708372864,0.34361232206639314,0.43162849949051935,18.0,-0.20686932865323296
2020-06-30,92.03366088867188,0.0170747994185753,1.0,0.15535090262225515,0.23020748809600866,0.6144416204188019,24.0,-0.45909071779654675
2020-07-01,92.74181365966795,0.007694497471449,1.0,0.45935922330961776,0.1359853181414879,0.40465546614275527,13.0,0.05470375716686249
2020-07-02,93.44080352783205,0.0075369441310384,1.0,0.2583714675856754,0.2370296118315309,0.5045989144709893,16.0,-0.24622744688531384
2020-07-06,94.38807678222656,0.0101376830959332,1.0,0.20921510669092333,0.4997611654301484,0.29102373433609796,15.0,-0.08180862764517463
2020-07-07,93.56952667236328,-0.0086721770139659,-1.0,0.29522704015570606,0.2499264398251067,0.4548465381164781,22.0,-0.15961949796077207
2020-07-08,93.57874298095705,9.849690301444448e-05,1.0,0.3405308305518701,0.2894152263179421,0.37005393678555265,16.0,-0.02952310623368254
2020-07-09,92.84298706054688,-0.0078624257707745,-1.0,0.14924629445054696,0.26278334017843,0.587970370426774,14.0,-0.4387240759762271
2020-07-10,92.62226104736328,-0.0023774118021391,-1.0,0.26365121803246433,0.37406101112719625,0.36228776787174866,16.0,-0.09863654983928433
2020-07-13,93.14649200439452,0.0056598808008279,1.0,0.26923505698933314,0.35957963183960495,0.3711853067883673,17.0,-0.10195024979903416
2020-07-14,94.9950714111328,0.0198459369425427,1.0,0.22241753224460847,0.2236388249411469,0.5539436530587929,21.0,-0.3315261208141844
2020-07-15,96.22744750976562,0.0129730530260794,1.0,0.3257472165638492,0.3361942311305375,0.3380585585587791,21.0,-0.012311341994929892
2020-07-16,96.07112121582033,-0.0016245499386173,-1.0,0.21888823659074574,0.290348672223362,0.4907630905508995,22.0,-0.27187485396015376
2020-07-17,97.3862762451172,0.0136893898255068,1.0,0.22232291367101037,0.40386562706216383,0.3738114584335371,19.0,-0.1514885447625267
