Date,Price,avg_positive_XLV,avg_neutral_XLV,avg_negative_XLV,n_XLV,sent_index_XLV,Sign_next_day
2018-03-20,74.04859924316406,0.7747353911399841,0.0864619463682174,0.1388026177883148,1.0,0.6359327733516693,-1.0
2018-03-21,73.73171997070312,0.0656964406371116,0.9240380525588988,0.0102654788643121,1.0,0.0554309617727994,-1.0
2018-03-22,71.61053466796875,0.1113655772060155,0.7249906063079834,0.1636437959969043,2.0,-0.0522782187908887,-1.0
2018-03-23,70.12303924560547,0.0438816025853157,0.1496642976999282,0.8064541816711426,1.0,-0.7625725790858269,1.0
2018-03-26,71.5753173828125,,,,,,-1.0
2018-03-27,70.73033905029297,0.1176301091909408,0.8416244983673096,0.0407454073429107,1.0,0.0768847018480301,1.0
2018-03-28,71.10884857177734,0.5356718450784683,0.3508544862270355,0.1134736668318509,2.0,0.4221981782466173,1.0
2018-03-29,71.64573669433594,0.0176882706582546,0.2010773420333862,0.7812343835830688,1.0,-0.7635461129248142,-1.0
2018-04-02,70.01741790771484,0.0312811136245727,0.949903130531311,0.0188157726079225,1.0,0.0124653410166502,1.0
2018-04-03,71.08243560791016,0.0479702949523925,0.527828261256218,0.4242014689370989,2.0,-0.3762311739847064,1.0
2018-04-04,72.0946273803711,,,,,,-1.0
2018-04-05,72.04181671142578,,,,,,-1.0
2018-04-06,70.30787658691406,,,,,,1.0
2018-04-09,71.00323486328125,0.7012217938899994,0.2863232903182506,0.0124549334868788,2.0,0.6887668604031205,1.0
2018-04-10,72.20024108886719,0.7989377379417419,0.0898293554782867,0.1112329810857772,1.0,0.6877047568559648,-1.0
2018-04-11,71.61053466796875,,,,,,1.0
2018-04-12,72.0946273803711,0.0647294996306299,0.829960972070694,0.1053095385432243,2.0,-0.0405800389125943,-1.0
2018-04-13,72.05941772460938,0.0837056189775466,0.8970097303390503,0.0192846730351448,1.0,0.0644209459424018,1.0
2018-04-16,72.63153839111328,0.3087582737207412,0.6402015561858813,0.0510401648158828,3.0,0.2577181089048584,1.0
2018-04-17,73.19483947753906,0.453266141936183,0.5014250911772251,0.0453087547793984,2.0,0.4079573871567846,1.0
2018-04-18,73.2564468383789,,,,,,-1.0
2018-04-19,72.64031982421875,0.0802356600761413,0.9036803245544434,0.0160840228199958,1.0,0.0641516372561455,-1.0
2018-04-20,72.2530517578125,,,,,,1.0
2018-04-23,72.53470611572266,0.1289399974048137,0.8391657173633575,0.0318942377343773,2.0,0.0970457596704364,-1.0
2018-04-24,71.98900604248047,0.1450876742601394,0.8473220467567444,0.0075902696698904,1.0,0.137497404590249,1.0
2018-04-25,72.31466674804688,,,,,,1.0
2018-04-26,73.23002624511719,,,,,,1.0
2018-04-27,73.52928924560547,,,,,,-1.0
2018-04-30,72.4026870727539,0.2906658084442218,0.342897333825628,0.3664368589719136,3.0,-0.0757710505276917,-1.0
2018-05-01,72.36747741699219,0.2902947658052047,0.2717806758979956,0.4379245589176814,3.0,-0.1476297931124767,-1.0
2018-05-02,71.37288665771484,0.0616917572915554,0.5328642874956131,0.4054439011961221,2.0,-0.3437521439045667,-1.0
2018-05-03,70.73033905029297,0.9267761707305908,0.0563396289944648,0.0168841984122991,1.0,0.9098919723182916,1.0
2018-05-04,71.29366302490234,0.4872086346149444,0.4655797183513641,0.0472116991877555,1.0,0.4399969354271889,-1.0
2018-05-07,71.18804168701172,,,,,,-1.0
2018-05-08,70.651123046875,0.5324172377586365,0.4560072124004364,0.0115755405277013,1.0,0.5208416972309352,1.0
2018-05-09,71.05601501464844,0.3507224917411804,0.5674556493759155,0.0818218365311622,1.0,0.2689006552100182,1.0
2018-05-10,72.00662231445312,0.3366983272135257,0.3197848747173945,0.3435167962064345,3.0,-0.0068184689929087,1.0
2018-05-11,73.08041381835938,0.7336266040802002,0.1550340801477432,0.1113393008708953,1.0,0.6222873032093049,1.0
2018-05-14,73.56449890136719,0.7777585387229919,0.2052123099565506,0.017029108479619,1.0,0.7607294302433729,-1.0
2018-05-15,72.61390686035156,0.0443490147590637,0.1690499186515808,0.7866010665893555,1.0,-0.7422520518302917,1.0
2018-05-16,73.01879119873047,0.0329796336591243,0.9311845898628236,0.0358357317745685,1.0,-0.0028560981154442,1.0
2018-05-17,73.04522705078125,0.0318950675427913,0.1708673387765884,0.7972375750541687,1.0,-0.7653425075113774,1.0
2018-05-18,73.23002624511719,,,,,,1.0
2018-05-21,73.30044555664062,,,,,,-1.0
2018-05-22,73.15963745117188,0.5052448585629463,0.3544455990195274,0.1403095675632356,2.0,0.3649352909997106,1.0
2018-05-23,73.39726257324219,0.3322271406650543,0.0541711896657943,0.6136016249656677,1.0,-0.2813744843006134,-1.0
2018-05-24,73.10679626464844,0.0968081848695874,0.4335795566439628,0.4696122463792562,2.0,-0.3728040615096688,-1.0
2018-05-25,73.00118255615234,,,,,,-1.0
2018-05-29,72.2530517578125,0.5000675320625305,0.4711623787879944,0.0287701096385717,1.0,0.4712974224239588,1.0
2018-05-30,73.33566284179688,0.0696999281644821,0.9183319807052612,0.0119681200012564,1.0,0.0577318081632257,-1.0
2018-05-31,72.53470611572266,,,,,,1.0
2018-06-01,73.3708724975586,0.1093574985861778,0.2073280364274978,0.6833144426345825,1.0,-0.5739569440484047,1.0
2018-06-04,73.64371490478516,,,,,,-1.0
2018-06-05,73.49407958984375,,,,,,1.0
2018-06-06,74.32144165039062,0.1994986794888973,0.7569829821586609,0.0435183374211191,3.0,0.1559803420677781,1.0
2018-06-07,74.41826629638672,0.0280258040875196,0.9417255520820618,0.0302486475557088,1.0,-0.0022228434681891,1.0
2018-06-08,74.84956359863281,,,,,,1.0
2018-06-11,74.99036407470703,0.3086230965952078,0.4789077478150527,0.2124691571419437,6.0,0.096153939453264,-1.0
2018-06-12,74.94637298583984,,,,,,1.0
2018-06-13,74.96397399902344,,,,,,1.0
2018-06-14,75.35126495361328,,,,,,1.0
2018-06-15,75.49787902832031,0.323689728975296,0.6657976508140564,0.0105126295238733,1.0,0.3131770994514227,-1.0
2018-06-18,74.77346801757812,0.6138988137245178,0.3645398616790771,0.0215612854808568,1.0,0.592337528243661,1.0
2018-06-19,74.96782684326172,0.0762233063578605,0.9115543365478516,0.0122222928330302,1.0,0.0640010135248303,1.0
2018-06-20,75.1268539428711,0.0824969161767512,0.4853828800842165,0.4321202223654836,4.0,-0.3496233061887324,-1.0
2018-06-21,74.69397735595703,0.6433190703392029,0.1202627643942833,0.2364180833101272,1.0,0.4069009870290757,1.0
2018-06-22,75.02969360351562,,,,,,-1.0
2018-06-25,74.34060668945312,0.1362561633189518,0.8049995501836141,0.058744275321563,3.0,0.0775118879973888,-1.0
2018-06-26,74.11090087890625,0.6854342222213745,0.3009271919727325,0.013638587668538,1.0,0.6717956345528365,-1.0
2018-06-27,73.4836654663086,,,,,,1.0
2018-06-28,73.58084869384766,0.2623680171091109,0.2568135885521769,0.480818384559825,4.0,-0.2184503674507141,1.0
2018-06-29,73.7310562133789,0.0346155427396297,0.8782356381416321,0.0871488079428672,1.0,-0.0525332652032375,1.0
2018-07-02,73.96070861816406,0.0972218960523605,0.8614407777786255,0.0413372665643692,1.0,0.0558846294879913,1.0
2018-07-03,74.1374282836914,,,,,,1.0
2018-07-05,74.9059829711914,,,,,,1.0
2018-07-06,75.9837875366211,0.5985630750656128,0.3834302276372909,0.0180067098699509,2.0,0.5805563651956619,1.0
2018-07-09,76.54033660888672,,,,,,1.0
2018-07-10,76.83185577392578,0.0969662771870692,0.6416512926419576,0.2613824307918548,3.0,-0.1644161536047855,-1.0
2018-07-11,76.22229766845703,0.047042766585946,0.6544152647256851,0.2985419360920787,2.0,-0.2514991695061327,1.0
2018-07-12,77.07040405273438,0.063844034448266,0.456184484064579,0.4799714572727681,2.0,-0.4161274228245021,1.0
2018-07-13,77.21173095703125,0.0198417603969573,0.046555608510971,0.9336026310920716,1.0,-0.9137608706951144,-1.0
2018-07-16,76.7435302734375,,,,,,1.0
2018-07-17,77.16757202148438,0.5883018071763217,0.1016474235802888,0.3100507848430424,4.0,0.2782510223332793,1.0
2018-07-18,77.22940063476562,0.9402481317520142,0.0320149362087249,0.027736909687519,1.0,0.9125112220644952,-1.0
2018-07-19,76.79653930664062,0.1207198351621627,0.422867776826024,0.4564123898744583,2.0,-0.3356925547122955,-1.0
2018-07-20,76.64634704589844,,,,,,1.0
2018-07-23,76.80537414550781,,,,,,1.0
2018-07-24,77.50325775146484,0.0271944329142569,0.6100196987390518,0.3627859161545832,3.0,-0.3355914832403263,1.0
2018-07-25,78.49272918701172,,,,,,-1.0
2018-07-26,78.2718505859375,0.0506528951227664,0.8342746794223785,0.1150724701583384,2.0,-0.064419575035572,-1.0
2018-07-27,77.70645904541016,0.3225169740617275,0.2023009611293673,0.4751820955425501,2.0,-0.1526651214808225,1.0
2018-07-30,77.7506332397461,,,,,,1.0
2018-07-31,78.56340026855469,0.1518387654796242,0.7564997971057892,0.0916614388115703,4.0,0.0601773266680538,1.0
2018-08-01,78.5810317993164,0.0496676191687583,0.917993187904358,0.0323392152786254,1.0,0.0173284038901329,1.0
2018-08-02,78.8725814819336,0.0142090814188122,0.0471884235739707,0.9386025071144104,1.0,-0.9243934256955982,1.0
2018-08-03,79.34081268310547,,,,,,1.0
2018-08-06,79.48217010498047,,,,,,1.0
2018-08-07,79.49099731445312,,,,,,1.0
2018-08-08,79.61469268798828,0.1059277697155872,0.3121480736881494,0.5819241205851237,3.0,-0.4759963508695364,-1.0
2018-08-09,79.52632141113281,0.0329226553440094,0.9494381546974182,0.0176391899585723,1.0,0.015283465385437,-1.0
2018-08-10,79.18180084228516,,,,,,1.0
2018-08-13,79.20832061767578,0.0594785138964653,0.2045105248689651,0.7360109686851501,1.0,-0.6765324547886848,1.0
2018-08-14,79.57933044433594,,,,,,-1.0
2018-08-15,79.44682312011719,0.0315132793039083,0.9027698338031768,0.0657169111073017,2.0,-0.0342036318033934,1.0
2018-08-16,80.2242431640625,0.0524817481637001,0.1269373595714569,0.8205808997154236,1.0,-0.7680991515517235,1.0
2018-08-17,80.47160339355469,,,,,,1.0
2018-08-20,80.73663330078125,0.0316305644810199,0.9146428108215332,0.0537265948951244,1.0,-0.0220960304141045,0.0
2018-08-21,80.73663330078125,,,,,,1.0
2018-08-22,80.8161392211914,0.0803912281990051,0.908958613872528,0.010650135576725,1.0,0.0697410926222801,-1.0
2018-08-23,80.78961944580078,0.62366783618927,0.3516097962856293,0.0247224010527133,1.0,0.5989454351365567,1.0
2018-08-24,81.1783447265625,,,,,,1.0
2018-08-27,81.4698715209961,,,,,,1.0
2018-08-28,81.51405334472656,0.3059754371643066,0.6790255457162857,0.01499898545444,2.0,0.2909764517098666,1.0
2018-08-29,82.04412841796875,0.1146325916051864,0.0803295746445655,0.805037796497345,1.0,-0.6904052048921585,-1.0
2018-08-30,81.98225402832031,,,,,,-1.0
2018-08-31,81.96459197998047,0.013387806713581,0.1886550933122635,0.7979570627212524,1.0,-0.7845692560076715,-1.0
2018-09-04,81.31086730957031,0.0557096060365438,0.9017742276191713,0.0425161458551883,2.0,0.0131934601813554,1.0
2018-09-05,81.63773345947266,0.310584207996726,0.1141001768410205,0.5753156617283821,2.0,-0.2647314537316561,0.0
2018-09-06,81.63773345947266,,,,,,1.0
2018-09-07,81.76139068603516,,,,,,-1.0
2018-09-10,81.54939270019531,0.9266464710235596,0.0371802113950252,0.036173265427351,1.0,0.8904732055962086,-1.0
2018-09-11,81.47870635986328,,,,,,1.0
2018-09-12,81.88509368896484,,,,,,1.0
2018-09-13,82.90103912353516,0.1033357237465679,0.4833675685028235,0.4132967215652267,6.0,-0.3099609978186587,-1.0
2018-09-14,82.62718963623047,,,,,,-1.0
2018-09-17,82.32679748535156,0.478567979298532,0.4099224377423525,0.1115095606073737,2.0,0.3670584186911583,1.0
2018-09-18,82.8038558959961,0.0652523129247128,0.42205576505512,0.5126919113099575,2.0,-0.4474395983852446,-1.0
2018-09-19,82.68900299072266,0.2760362327098846,0.7160953879356384,0.0078683588653802,1.0,0.2681678738445044,1.0
2018-09-20,83.4929428100586,0.869170606136322,0.1202679723501205,0.010561347939074,1.0,0.858609258197248,1.0
2018-09-21,83.60553741455078,0.1409822553396225,0.0505115836858749,0.808506190776825,1.0,-0.6675239354372025,1.0
2018-09-24,83.77405548095703,,,,,,-1.0
2018-09-25,83.51688385009766,,,,,,1.0
2018-09-26,83.70310974121094,0.0323747945949434,0.4760564705356956,0.4915687437169254,2.0,-0.4591939491219818,1.0
2018-09-27,84.12879943847656,0.9066274166107178,0.0642809867858886,0.0290916301310062,1.0,0.8775357864797115,1.0
2018-09-28,84.38600158691406,,,,,,1.0
2018-10-01,84.8028335571289,0.1862766463309526,0.7141810655593872,0.0995422825217247,2.0,0.0867343638092279,-1.0
2018-10-02,84.7052993774414,,,,,,-1.0
2018-10-03,84.54564666748047,0.0482793487608432,0.9225453734397888,0.0291753038763999,1.0,0.0191040448844433,-1.0
2018-10-04,83.72083282470703,0.4420728341986735,0.2618915941566228,0.2960355586061874,3.0,0.146037275592486,-1.0
2018-10-05,83.62329864501953,0.0333045981824397,0.4874369762837887,0.4792583864182234,2.0,-0.4459537882357836,-1.0
2018-10-08,83.58782958984375,0.183394941035658,0.3684076648205519,0.448197390884161,4.0,-0.2648024498485029,1.0
2018-10-09,83.729736328125,0.2477905526757239,0.7395980060100555,0.0126114850863814,2.0,0.2351790675893425,-1.0
2018-10-10,81.75198364257812,0.4777650199830532,0.5099582374095917,0.0122767258435487,2.0,0.4654882941395044,-1.0
2018-10-11,79.54367065429688,,,,,,1.0
2018-10-12,80.767578125,0.2534242207184433,0.2380163297057151,0.5085594749543816,4.0,-0.2551352542359382,-1.0
2018-10-15,80.20883178710938,0.0697044506669044,0.9118283987045288,0.0184671226888895,1.0,0.0512373279780148,1.0
2018-10-16,82.40827178955078,0.0531449938813844,0.7757863402366638,0.171068671469887,3.0,-0.1179236775885025,1.0
2018-10-17,82.84284973144531,0.0425140879427392,0.5981483304252228,0.359337531030178,3.0,-0.3168234430874388,-1.0
2018-10-18,81.90275573730469,,,,,,-1.0
2018-10-19,81.15778350830078,0.015842018648982,0.8484607934951782,0.1356971859931945,1.0,-0.1198551673442125,-1.0
2018-10-22,80.49263000488281,,,,,,-1.0
2018-10-23,80.05805969238281,0.2349699465557932,0.3144403249025344,0.4505897779017687,2.0,-0.2156198313459754,-1.0
2018-10-24,77.41520690917969,,,,,,1.0
2018-10-25,78.41736602783203,0.4406995885074138,0.2911130748689174,0.2681873254477977,2.0,0.1725122630596161,-1.0
2018-10-26,77.53047943115234,,,,,,1.0
2018-10-29,77.72559356689453,,,,,,1.0
2018-10-30,78.55926513671875,0.0120440786704421,0.0138682285323739,0.974087655544281,1.0,-0.9620435768738388,1.0
2018-10-31,78.66565704345703,,,,,,1.0
2018-11-01,79.65897369384766,0.0417839375634987,0.7083427608013153,0.2498732774207989,3.0,-0.2080893398573001,-1.0
2018-11-02,79.1623306274414,0.6666825513044993,0.3005957665542761,0.0327217023198803,3.0,0.633960848984619,1.0
2018-11-05,79.86295318603516,0.0209842696785926,0.0529496259987354,0.9260661602020264,1.0,-0.9050818905234338,1.0
2018-11-06,80.27091979980469,0.0341149326413869,0.1404975391924381,0.8253875076770782,2.0,-0.7912725750356913,1.0
2018-11-07,82.62999725341797,,,,,,1.0
2018-11-08,82.67435455322266,,,,,,-1.0
2018-11-09,82.43489074707031,,,,,,-1.0
2018-11-12,81.31741333007812,,,,,,-1.0
2018-11-13,80.74981689453125,0.1295305639505386,0.8112409114837646,0.0592285804450511,1.0,0.0703019835054875,-1.0
2018-11-14,80.10240936279297,0.0732658430933952,0.1687523648142814,0.7579818367958069,2.0,-0.6847159937024117,1.0
2018-11-15,80.81193542480469,0.1063270834274589,0.400571471080184,0.4931014573667198,4.0,-0.3867743739392608,1.0
2018-11-16,81.62784576416016,0.0254815276712179,0.7868411540985107,0.187677264213562,1.0,-0.1621957365423441,-1.0
2018-11-19,80.59019470214844,0.1326297968626022,0.8513045907020569,0.0160656627267599,1.0,0.1165641341358423,-1.0
2018-11-20,79.83631896972656,0.031451541930437,0.6164090124269327,0.3521394183238346,3.0,-0.3206878763933976,-1.0
2018-11-21,79.38404083251953,,,,,,1.0
2018-11-23,79.49931335449219,0.0107927788048982,0.0243253353983163,0.9648817777633668,1.0,-0.9540889989584688,1.0
2018-11-26,80.27091979980469,,,,,,1.0
2018-11-27,81.10456085205078,0.0789542570710181,0.8838478624820709,0.0371978832408785,2.0,0.0417563738301396,1.0
2018-11-28,83.05569458007812,,,,,,1.0
2018-11-29,83.33063507080078,0.0235574003309011,0.1998786479234695,0.7765640020370483,1.0,-0.7530066017061472,1.0
2018-11-30,85.02456665039062,0.0624741204082965,0.2670108079910278,0.6705150008201599,1.0,-0.6080408804118634,-1.0
2018-12-03,84.61658477783203,0.0219140173867344,0.0637227799743413,0.9143632352352142,2.0,-0.8924492178484797,-1.0
2018-12-04,82.7275619506836,0.0148382969200611,0.0551055893301963,0.9300561547279358,1.0,-0.9152178578078748,-1.0
2018-12-06,82.41716766357422,0.80962735414505,0.1821276992559433,0.0082450127229094,1.0,0.8013823414221406,-1.0
2018-12-07,80.31525421142578,0.6757125854492188,0.3147465288639068,0.0095408633351325,1.0,0.6661717221140863,1.0
2018-12-10,80.62564849853516,0.0298887742683291,0.5236437618732452,0.4464674089103936,2.0,-0.4165786346420645,1.0
2018-12-11,80.87398529052734,,,,,,1.0
2018-12-12,81.56575012207031,,,,,,1.0
2018-12-13,81.64556884765625,,,,,,-1.0
2018-12-14,78.8962631225586,0.6112329810857773,0.2555964738130569,0.133170566521585,2.0,0.4780624145641923,-1.0
2018-12-17,77.32649230957031,0.0372659545391797,0.4557194430381059,0.5070146173238754,2.0,-0.4697486627846957,-1.0
2018-12-18,76.65247344970703,0.3528649541549384,0.3195000300183892,0.3276349981315434,4.0,0.025229956023395,-1.0
2018-12-19,75.65032196044922,0.1422022067010402,0.6531623855233193,0.2046353869140147,5.0,-0.0624331802129745,-1.0
2018-12-20,74.58604431152344,0.2776984637603163,0.6586476098746061,0.0636539123952388,4.0,0.2140445513650775,-1.0
2018-12-21,73.65953063964844,0.0584621252492069,0.4628169331699609,0.4787209536880255,2.0,-0.4202588284388185,-1.0
2018-12-24,71.89556884765625,,,,,,1.0
2018-12-26,75.03152465820312,,,,,,1.0
2018-12-27,75.86006164550781,0.9186282157897948,0.0685300454497337,0.0128416791558265,1.0,0.9057865366339684,1.0
2018-12-28,75.94915771484375,,,,,,1.0
2018-12-31,77.0716781616211,,,,,,-1.0
2019-01-02,75.90458679199219,0.0588072687387466,0.0818891823291778,0.8593034744262695,1.0,-0.8004962056875229,-1.0
2019-01-03,74.36331939697266,0.0852709875907748,0.2200425958726554,0.6946864305064082,4.0,-0.6094154429156333,1.0
2019-01-04,76.5816650390625,0.0458840898548562,0.4144796840846538,0.5396362567941347,3.0,-0.4937521669392785,1.0
2019-01-07,76.87567901611328,0.2034204948693513,0.3243006914854049,0.4722788212820887,5.0,-0.2688583264127374,1.0
2019-01-08,77.47257995605469,0.4785184338688851,0.0329950721934437,0.4884865023195743,2.0,-0.0099680684506892,1.0
2019-01-09,77.82001495361328,0.0457975843455642,0.3558937851339578,0.5983085930347443,2.0,-0.55251100868918,1.0
2019-01-10,77.97148895263672,0.6333090662956238,0.2889293730258941,0.0777616277337074,1.0,0.5555474385619164,1.0
2019-01-11,78.22984313964844,,,,,,-1.0
2019-01-14,77.36565399169922,0.3344263732433319,0.1185523352275291,0.5470212809741497,3.0,-0.2125949077308178,1.0
2019-01-15,78.75546264648438,0.6205936819314957,0.2687484246368209,0.1106578900168339,6.0,0.5099357919146618,-1.0
2019-01-16,78.6129150390625,,,,,,1.0
2019-01-17,79.30781555175781,,,,,,1.0
2019-01-18,80.25218200683594,0.0232509542256593,0.3356313854455947,0.6411176708837351,3.0,-0.6178667166580757,-1.0
2019-01-22,79.69981384277344,0.0260787308216094,0.3515790700912475,0.6223421096801758,1.0,-0.5962633788585664,1.0
2019-01-23,79.7889175415039,0.1450130101293325,0.8073144555091858,0.0476725107679764,3.0,0.097340499361356,-1.0
2019-01-24,79.1207275390625,,,,,,1.0
2019-01-25,79.21874237060547,0.1479998249560594,0.6139565557241439,0.2380436267703771,2.0,-0.0900438018143176,-1.0
2019-01-28,78.31890869140625,0.4357769861817359,0.2383626699447631,0.3258603597059845,2.0,0.1099166264757514,1.0
2019-01-29,78.70201873779297,0.1363945782650261,0.5650646835565567,0.2985407505184411,4.0,-0.1621461722534149,1.0
2019-01-30,79.7800064086914,,,,,,1.0
2019-01-31,80.77780151367188,0.0113436728715896,0.0945943668484687,0.8940619826316833,1.0,-0.8827183097600938,1.0
2019-02-01,80.84906768798828,,,,,,-1.0
2019-02-04,80.61744689941406,0.0905597805976867,0.8887251317501068,0.0207150974310934,2.0,0.0698446831665933,-1.0
2019-02-05,80.50162506103516,0.1105911023914813,0.5577987705667814,0.3316101732974251,3.0,-0.2210190709059437,1.0
2019-02-06,80.86690521240234,0.4064475758932531,0.4458279963582754,0.1477244021371006,4.0,0.2587231737561524,-1.0
2019-02-07,79.97599792480469,0.5944360494613647,0.3946689665317535,0.0108949746936559,1.0,0.5835410747677089,1.0
2019-02-08,80.12744140625,0.0721054226160049,0.9000311493873596,0.0278634428977966,1.0,0.0442419797182083,-1.0
2019-02-11,80.02944946289062,,,,,,1.0
2019-02-12,81.12525177001953,,,,,,1.0
2019-02-13,81.30342102050781,0.0447332100011408,0.4827724024653435,0.4724943810142576,2.0,-0.4277611710131169,1.0
2019-02-14,81.49052429199219,0.0133222704753279,0.0368338823318481,0.9498437643051147,1.0,-0.9365214938297868,1.0
2019-02-15,82.71997833251953,0.3827008008956909,0.1925142481923103,0.4247849872335791,2.0,-0.0420841863378882,-1.0
2019-02-19,82.52395629882812,0.4050153438001871,0.479880679398775,0.1151039768010377,2.0,0.2899113669991494,-1.0
2019-02-20,82.42597198486328,0.0113628432154655,0.0265057422220706,0.9621313810348512,1.0,-0.9507685378193856,-1.0
2019-02-21,81.704345703125,0.0247876439243555,0.1629214733839035,0.8122909069061279,1.0,-0.7875032629817724,1.0
2019-02-22,82.45269775390625,,,,,,1.0
2019-02-25,82.56852722167969,0.2090671629245792,0.567688741854259,0.2232441077274935,7.0,-0.0141769448029143,-1.0
2019-02-26,82.27452087402344,0.089062958334883,0.3110583002368609,0.5998787836482127,3.0,-0.5108158253133297,-1.0
2019-02-27,81.89143371582031,0.2011838406324386,0.7858892679214478,0.012926897034049,1.0,0.1882569435983896,-1.0
2019-02-28,81.65089416503906,0.0084958048537373,0.0236361250281333,0.9678680300712584,1.0,-0.9593722252175212,1.0
2019-03-01,82.80904388427734,,,,,,-1.0
2019-03-04,81.68653106689453,0.0169462235644459,0.4324517538771033,0.5506020337343216,2.0,-0.5336558101698757,-1.0
2019-03-05,81.64198303222656,0.0610858276486396,0.8723427057266235,0.0665714666247367,1.0,-0.0054856389760971,-1.0
2019-03-06,80.44818115234375,0.0342266199489434,0.6524406671524048,0.3133327240745226,3.0,-0.2791061041255792,-1.0
2019-03-07,79.81564331054688,0.2977247536182403,0.6843348145484924,0.0179404076188802,1.0,0.2797843459993601,-1.0
2019-03-08,79.6463623046875,0.0267206234857439,0.351150756701827,0.6221286207437515,2.0,-0.5954079972580075,1.0
2019-03-11,80.55508422851562,0.146983340382576,0.7929707765579224,0.0600458718836307,1.0,0.0869374684989452,1.0
2019-03-12,81.14306640625,0.0495387176051735,0.928684413433075,0.0217768633738159,2.0,0.0277618542313575,1.0
2019-03-13,82.01615905761719,0.0182007728144526,0.4286470338702202,0.5531522482633591,2.0,-0.5349514754489064,-1.0
2019-03-14,81.88252258300781,0.3436903469264507,0.3169032782316207,0.3394064009189605,3.0,0.0042839460074902,1.0
2019-03-15,82.25898742675781,,,,,,-1.0
2019-03-18,82.13381958007812,,,,,,1.0
2019-03-19,82.78658294677734,,,,,,-1.0
2019-03-20,82.21427917480469,0.167567439066867,0.4931818755964438,0.3392506862680117,3.0,-0.1716832472011447,1.0
2019-03-21,82.53619384765625,0.254968983742098,0.1152238287031649,0.6298071946948767,3.0,-0.3748382109527787,-1.0
2019-03-22,81.0339126586914,0.4644311517477035,0.5230359435081482,0.0125329280272125,2.0,0.451898223720491,-1.0
2019-03-25,80.98919677734375,0.0464603044092655,0.9180408120155334,0.0354988910257816,1.0,0.0109614133834839,1.0
2019-03-26,81.54360961914062,0.3114442614217599,0.2662292048335075,0.4223265113929907,3.0,-0.1108822499712308,-1.0
2019-03-27,80.86399841308594,0.2326330672949552,0.3388536646962166,0.4285132754594087,2.0,-0.1958802081644535,1.0
2019-03-28,81.0696792602539,0.0654278900474309,0.3074170732870697,0.6271550226956606,4.0,-0.5617271326482296,1.0
2019-03-29,82.04437255859375,0.5175136886537074,0.4705177024006843,0.0119686094112694,2.0,0.505545079242438,1.0
2019-04-01,82.1695556640625,0.028260575607419,0.2072245180606842,0.7645149230957031,1.0,-0.7362543474882841,-1.0
2019-04-02,81.98177337646484,,,,,,-1.0
2019-04-03,81.87448120117188,,,,,,-1.0
2019-04-04,81.7045669555664,0.2051590457558631,0.779336005449295,0.0155048999004065,2.0,0.1896541458554566,1.0
2019-04-05,82.26792907714844,0.0122425053268671,0.017441926524043,0.9703155755996704,1.0,-0.9580730702728032,-1.0
2019-04-08,82.25004577636719,0.8966400027275085,0.0854407548904419,0.0179191976785659,1.0,0.8787208050489427,-1.0
2019-04-09,82.03543090820312,0.0741076758131384,0.4235681053251028,0.5023242197930813,2.0,-0.4282165439799428,1.0
2019-04-10,82.06226348876953,,,,,,-1.0
2019-04-11,81.05179595947266,0.0192105192691087,0.2272745668888092,0.75351482629776,1.0,-0.7343043070286513,-1.0
2019-04-12,80.30957794189453,0.447027713060379,0.5139021277427673,0.039070151746273,1.0,0.407957561314106,1.0
2019-04-15,80.63152313232422,0.2199446596205234,0.433622638384501,0.3464327044785023,3.0,-0.1264880448579788,-1.0
2019-04-16,78.97720336914062,0.0669450992718338,0.3232088983058929,0.6098459921777248,3.0,-0.5429008929058909,-1.0
2019-04-17,76.70589447021484,0.3157889194165666,0.0314450642714897,0.652766032765309,3.0,-0.3369771133487423,1.0
2019-04-18,76.83109283447266,,,,,,1.0
2019-04-22,76.87580871582031,,,,,,1.0
2019-04-23,78.0919418334961,,,,,,-1.0
2019-04-24,78.00250244140625,0.0133840050548315,0.0224629286676645,0.9641530513763428,1.0,-0.9507690463215112,1.0
2019-04-25,78.80730438232422,0.3440973696609337,0.3362951911985874,0.3196074422448873,3.0,0.0244899274160464,1.0
2019-04-26,79.59420776367188,,,,,,-1.0
2019-04-29,79.4511489868164,0.0648695410539706,0.8909436464309692,0.0441868177925546,3.0,0.0206827232614159,1.0
2019-04-30,79.81775665283203,0.3313977334182709,0.1988902832381427,0.4697119838092476,4.0,-0.1383142503909766,-1.0
2019-05-01,79.67472839355469,0.6522739132245382,0.2678878176957369,0.07983824921151,3.0,0.5724356640130281,1.0
2019-05-02,80.01449584960938,0.0312621109187603,0.7905131578445435,0.1782246828079223,1.0,-0.146962571889162,1.0
2019-05-03,80.62257385253906,,,,,,1.0
2019-05-06,81.0339126586914,0.1137498021125793,0.828270822763443,0.0579793518409132,2.0,0.055770450271666,-1.0
2019-05-07,79.47797393798828,,,,,,1.0
2019-05-08,79.64787292480469,0.0989608764648437,0.8554627895355225,0.0455763600766658,1.0,0.0533845163881778,-1.0
2019-05-09,79.47797393798828,0.2023876011371612,0.7883092164993286,0.0093031525611877,1.0,0.1930844485759735,1.0
2019-05-10,79.50481414794922,0.4369069635868072,0.0742474719882011,0.4888455271720886,1.0,-0.0519385635852814,-1.0
2019-05-13,78.0114517211914,,,,,,1.0
2019-05-14,78.4049072265625,0.0710870027542114,0.2322188466787338,0.6966941952705383,1.0,-0.6256071925163269,1.0
2019-05-15,78.63741302490234,0.3457669466733932,0.6248457580804825,0.0293872915208339,2.0,0.3163796551525593,1.0
2019-05-16,79.25442504882812,0.0142076527699828,0.0497245453298091,0.9360678791999816,1.0,-0.9218602264299988,-1.0
2019-05-17,79.08454132080078,0.0147283577049771,0.2549235013624032,0.730348159869512,3.0,-0.7156198021645348,-1.0
2019-05-20,79.04875183105469,,,,,,1.0
2019-05-21,79.79096984863281,0.8663820028305054,0.1111622359603643,0.0224558119662105,2.0,0.8439261908642948,1.0
2019-05-22,80.24700164794922,,,,,,-1.0
2019-05-23,79.96979522705078,0.0230202532062927,0.1116130693505207,0.8653666774431864,3.0,-0.8423464242368937,1.0
2019-05-24,80.08605194091797,,,,,,-1.0
2019-05-28,78.94144439697266,,,,,,-1.0
2019-05-29,78.18135833740234,,,,,,1.0
2019-05-30,78.61058044433594,,,,,,-1.0
2019-05-31,78.04723358154297,0.0194772034883499,0.1279164999723434,0.8526062369346619,1.0,-0.833129033446312,1.0
2019-06-03,78.23500061035156,,,,,,1.0
2019-06-04,79.53163146972656,0.8664536476135254,0.1257131546735763,0.0078332750126719,1.0,0.8586203726008534,1.0
2019-06-05,80.13076782226562,0.0507861748337745,0.9185490608215332,0.03066479973495,1.0,0.0201213750988244,1.0
2019-06-06,80.54207611083984,0.0861428380012512,0.8859176635742188,0.027939511463046,1.0,0.0582033265382052,1.0
2019-06-07,81.38264465332031,0.1810813521345456,0.6817643443743387,0.1371543022493521,3.0,0.0439270498851935,1.0
2019-06-10,81.62408447265625,0.1180222332477569,0.4821528047323227,0.3998249322175979,2.0,-0.281802698969841,-1.0
2019-06-11,81.48995971679688,0.0119597241282463,0.049756471067667,0.938283920288086,1.0,-0.9263241961598396,1.0
2019-06-12,81.88340759277344,0.0830892687663435,0.8827012777328491,0.0342095016967505,2.0,0.048879767069593,-1.0
2019-06-13,81.78504180908203,0.4503134596161544,0.2797217145562171,0.2699648252455517,4.0,0.1803486343706027,-1.0
2019-06-14,81.59725952148438,,,,,,1.0
2019-06-17,81.96390533447266,0.2204328179359436,0.7656747102737427,0.0138925034552812,1.0,0.2065403144806624,1.0
2019-06-18,82.661376953125,,,,,,1.0
2019-06-19,83.40359497070312,,,,,,1.0
2019-06-20,83.77022552490234,0.3137664956351121,0.5024957011143366,0.1837378119428952,3.0,0.1300286836922169,1.0
2019-06-21,84.17255401611328,,,,,,-1.0
2019-06-24,83.73249053955078,0.0858894223347305,0.5656063730518023,0.3485041844348112,3.0,-0.2626147621000806,-1.0
2019-06-25,83.3912353515625,0.4119135588407516,0.5761782675981522,0.0119082233868538,2.0,0.4000053354538977,-1.0
2019-06-26,82.34053802490234,0.0127441603690385,0.0281308833509683,0.9591249227523804,1.0,-0.946380762383342,1.0
2019-06-27,82.91527557373047,0.0315231159329414,0.9442099928855896,0.0242668874561786,1.0,0.0072562284767628,1.0
2019-06-28,83.19367218017578,0.2346330303698778,0.2362136896699666,0.5291533172130585,2.0,-0.2945202868431806,1.0
2019-07-01,83.60679626464844,,,,,,1.0
2019-07-02,84.05579376220703,,,,,,1.0
2019-07-03,84.77422332763672,,,,,,-1.0
2019-07-05,84.19049072265625,0.2215753644704818,0.3636375069618225,0.4147872030735016,1.0,-0.1932118386030198,-1.0
2019-07-08,83.56185150146484,0.0620215237140655,0.63108891248703,0.306889533996582,1.0,-0.2448680102825164,1.0
2019-07-09,83.64268493652344,0.026981022208929,0.1387093216180801,0.8343096375465393,1.0,-0.8073286153376104,1.0
2019-07-10,83.93006134033203,,,,,,1.0
2019-07-11,83.9480209350586,0.2801147649685541,0.171041291207075,0.5488439450661341,3.0,-0.2687291800975799,-1.0
2019-07-12,83.0140609741211,,,,,,1.0
2019-07-15,83.19367218017578,0.3353127634618431,0.3175554405897856,0.3471317655639723,4.0,-0.0118190021021291,-1.0
2019-07-16,82.78058624267578,0.1391464136540889,0.7234902381896973,0.1373633220791816,2.0,0.0017830915749072,1.0
2019-07-17,82.79855346679688,0.5024480040495595,0.1612407118082046,0.3363113068044185,3.0,0.1661366972451409,1.0
2019-07-18,83.26551818847656,0.9418241381645204,0.0367137044668197,0.0214622635394334,1.0,0.920361874625087,-1.0
2019-07-19,82.40340423583984,0.0243053026497364,0.2031739503145218,0.7725207209587097,1.0,-0.7482154183089733,-1.0
2019-07-22,82.23279571533203,0.8327543437480927,0.1511169672012328,0.0161286848597228,2.0,0.8166256588883698,1.0
2019-07-23,82.74467468261719,0.939028799533844,0.0408421494066715,0.0201291013509035,1.0,0.9188996981829404,1.0
2019-07-24,82.78958129882812,0.062321163713932,0.897808313369751,0.0398705005645751,1.0,0.0224506631493569,-1.0
2019-07-25,82.38545227050781,,,,,,1.0
2019-07-26,82.68180084228516,,,,,,1.0
2019-07-29,83.02305603027344,0.4678607350215316,0.5141554069705306,0.0179838421754538,4.0,0.4498768928460777,-1.0
2019-07-30,82.66384887695312,0.897351880868276,0.0846423655748366,0.0180057721833387,3.0,0.8793461086849372,-1.0
2019-07-31,81.84662628173828,,,,,,1.0
2019-08-01,81.95440673828125,,,,,,-1.0
2019-08-02,81.76581573486328,,,,,,-1.0
2019-08-05,79.84400939941406,0.2710106670856476,0.6024038195610046,0.1265854984521865,1.0,0.144425168633461,1.0
2019-08-06,80.87676239013672,0.2587315831333398,0.5928049087524414,0.1484635211527347,2.0,0.1102680619806051,1.0
2019-08-07,80.90369415283203,0.4203692525625229,0.548436657525599,0.031194093171507,4.0,0.3891751593910158,1.0
2019-08-08,81.98133087158203,0.0840025196472803,0.5838555097579956,0.3321419733886917,3.0,-0.2481394537414114,1.0
2019-08-09,82.08012390136719,,,,,,-1.0
2019-08-12,81.2808609008789,0.4481055475771427,0.5090849697589874,0.0428094982635229,2.0,0.4052960493136198,1.0
2019-08-13,82.34053802490234,0.0729540564740697,0.4646901388963063,0.4623558049400647,3.0,-0.389401748465995,-1.0
2019-08-14,80.05054473876953,0.4684608988463878,0.2106587663292884,0.3208803441375493,2.0,0.1475805547088384,1.0
2019-08-15,80.3289566040039,,,,,,1.0
2019-08-16,81.31678771972656,0.5238857269287109,0.4523815810680389,0.0237326715141534,1.0,0.5001530554145576,1.0
2019-08-19,82.09806060791016,0.0275687184184789,0.8323962688446045,0.1400350034236908,1.0,-0.1124662850052119,-1.0
2019-08-20,81.39761352539062,0.0646644532680511,0.8899505734443665,0.0453850254416465,1.0,0.0192794278264046,1.0
2019-08-21,81.9992904663086,,,,,,-1.0
2019-08-22,81.59516906738281,,,,,,-1.0
2019-08-23,79.70931243896484,0.1176568791270256,0.863618791103363,0.0187243893742561,1.0,0.0989324897527695,1.0
2019-08-26,80.54447937011719,0.0612457580864429,0.723400890827179,0.2153533482924103,2.0,-0.1541075902059673,-1.0
2019-08-27,80.06851196289062,0.07292802631855,0.6796569749712944,0.2474150205962359,4.0,-0.1744869942776858,1.0
2019-08-28,80.6522216796875,0.0530686173588037,0.9118197560310364,0.0351116061210632,2.0,0.0179570112377405,1.0
2019-08-29,81.2629165649414,,,,,,1.0
2019-08-30,81.3616943359375,0.0142776304855942,0.1332822293043136,0.8524400591850281,1.0,-0.8381624286994339,-1.0
2019-09-03,80.88573455810547,0.1080785766243934,0.8545539379119873,0.0373675115406513,1.0,0.070711065083742,1.0
2019-09-04,80.93962097167969,0.1530379801988601,0.6732518672943115,0.1737101972103119,1.0,-0.0206722170114517,1.0
2019-09-05,81.73887634277344,0.0274674464017152,0.8863236308097839,0.0862089321017265,1.0,-0.0587414857000113,1.0
2019-09-06,81.96337127685547,,,,,,-1.0
2019-09-09,81.20902252197266,,,,,,1.0
2019-09-10,81.44251251220703,0.0543529577553272,0.7703216075897217,0.1753254532814026,1.0,-0.1209724955260753,1.0
2019-09-11,82.25074005126953,0.4770809262990951,0.4497773349285126,0.0731417220085859,2.0,0.4039392042905092,-1.0
2019-09-12,82.22379302978516,0.0503380894660949,0.160237580537796,0.7894243597984314,1.0,-0.7390862703323365,-1.0
2019-09-13,82.17890167236328,,,,,,-1.0
2019-09-16,81.9992904663086,0.0323644451797008,0.5337859988212585,0.4338495211675763,5.0,-0.4014850759878755,1.0
2019-09-17,82.12501525878906,0.0248518344014882,0.1271284545461336,0.8480197191238403,3.0,-0.823167884722352,-1.0
2019-09-18,82.11604309082031,0.0672410726547241,0.4876441061496734,0.44511479139328,1.0,-0.3778737187385559,1.0
2019-09-19,82.50218963623047,0.2210040837526321,0.6995008985201517,0.0794950118288397,3.0,0.1415090719237923,1.0
2019-09-20,82.96208953857422,,,,,,-1.0
2019-09-23,82.52022552490234,0.1349341552704572,0.5911223888397217,0.2739434530958533,2.0,-0.1390092978253961,-1.0
2019-09-24,81.76274871826172,0.278903623111546,0.7056966200470924,0.0153997540473937,4.0,0.2635038690641522,-1.0
2019-09-25,81.365966796875,,,,,,-1.0
2019-09-26,80.91507720947266,0.0383021309971809,0.2961964309215545,0.6655014753341675,1.0,-0.6271993443369865,-1.0
2019-09-27,80.55438232421875,0.0685554022590318,0.8512420654296875,0.0802025009567538,3.0,-0.0116470986977219,1.0
2019-09-30,81.27579498291016,,,,,,-1.0
2019-10-01,80.48224639892578,,,,,,-1.0
2019-10-02,79.3099594116211,0.0667740404605865,0.2567092180252075,0.6765167713165283,1.0,-0.6097427308559418,1.0
2019-10-03,80.0223388671875,0.6765020489692688,0.2191730737686157,0.1043248176574707,1.0,0.5721772313117981,1.0
2019-10-04,81.27579498291016,,,,,,-1.0
2019-10-07,81.0052719116211,,,,,,-1.0
2019-10-08,79.4632568359375,,,,,,1.0
2019-10-09,80.0403823852539,0.3037907490506768,0.3978905528783798,0.298318707384169,2.0,0.0054720416665077,1.0
2019-10-10,80.4371566772461,0.0577807500958442,0.2646364569664001,0.6775828003883362,1.0,-0.619802050292492,1.0
2019-10-11,81.10445404052734,,,,,,-1.0
2019-10-14,81.06837463378906,0.0552987866103649,0.3692719638347626,0.5754292607307434,1.0,-0.5201304741203785,1.0
2019-10-15,82.54728698730469,0.4817204168066382,0.3335178242996334,0.1847617235034703,2.0,0.2969586933031679,-1.0
2019-10-16,82.4390640258789,0.081585818901658,0.4233302781358361,0.4950839336961508,2.0,-0.4134981147944927,1.0
2019-10-17,83.05227661132812,0.3563450472429394,0.3869369104504585,0.2567179931793361,4.0,0.0996270540636033,-1.0
2019-10-18,82.74566650390625,0.0194575029114881,0.3031233921647071,0.677419106165568,3.0,-0.6579616032540798,-1.0
2019-10-21,82.65550231933594,0.2122778087854385,0.6470756888389587,0.1406464993953704,5.0,0.071631309390068,1.0
2019-10-22,82.83584594726562,0.3808404207229613,0.5362784937024117,0.0828810594975947,2.0,0.2979593612253666,1.0
2019-10-23,83.34984588623047,0.2386899972334504,0.3671932559460401,0.3941167194396257,5.0,-0.1554267222061753,-1.0
2019-10-24,82.92601013183594,0.1037004329264164,0.8405095636844635,0.0557899568229913,2.0,0.047910476103425,1.0
2019-10-25,83.01617431640625,0.5837095677852631,0.3791630566120147,0.0371273607015609,2.0,0.5465822070837022,1.0
2019-10-28,83.87284851074219,0.4827238321304321,0.5072213411331177,0.0100548192858695,1.0,0.4726690128445626,1.0
2019-10-29,85.06321716308594,0.8391730338335037,0.1405468406155705,0.0202801630366593,4.0,0.8188928707968444,1.0
2019-10-30,85.5411376953125,0.1330021917819976,0.85892254114151,0.0080752074718475,1.0,0.12492698431015,-1.0
2019-10-31,85.4419174194336,0.4782561035826803,0.2413285598158836,0.2804153310135007,2.0,0.1978407725691796,1.0
2019-11-01,85.55015563964844,0.4757176274433731,0.3682215549051761,0.156060823239386,2.0,0.3196568042039871,-1.0
2019-11-04,85.28863525390625,,,,,,-1.0
2019-11-05,84.6844482421875,0.038718082010746,0.9393866062164308,0.0218953173607587,1.0,0.0168227646499873,1.0
2019-11-06,84.97301483154297,0.2720590331591665,0.2677013846114278,0.4602395705878734,4.0,-0.1881805374287069,1.0
2019-11-07,85.16238403320312,,,,,,1.0
2019-11-08,85.78460693359375,0.0975022539496421,0.8799262642860413,0.0225714668631553,1.0,0.0749307870864868,-1.0
2019-11-11,85.43292236328125,0.0774474665522575,0.9109731912612916,0.0115793319419026,1.0,0.0658681346103549,1.0
2019-11-12,85.94693756103516,,,,,,1.0
2019-11-13,86.04611206054688,0.2169551546685397,0.4958772417157888,0.2871676608920097,4.0,-0.07021250622347,1.0
2019-11-14,86.05513000488281,0.525767646729946,0.4550140500068664,0.0192183102481066,2.0,0.5065493364818394,1.0
2019-11-15,87.88572692871094,0.3463541716337203,0.1746578700840473,0.47898799367249,2.0,-0.1326338220387697,-1.0
2019-11-18,87.58814239501953,0.0795636484399437,0.1505515594035386,0.7698847949504852,2.0,-0.6903211465105414,1.0
2019-11-19,88.18328094482422,,,,,,-1.0
2019-11-20,88.06607818603516,0.4299670591950416,0.1700997710227965,0.39993317425251,5.0,0.0300338849425315,1.0
2019-11-21,88.29150390625,0.0474128052592277,0.9286286234855652,0.023958520963788,1.0,0.0234542842954396,1.0
2019-11-22,88.60711669921875,0.7609017491340637,0.1203322857618331,0.1187659427523613,1.0,0.6421358063817024,1.0
2019-11-25,89.64415740966797,0.1663940586149692,0.8195213675498962,0.0140845840796828,2.0,0.1523094745352864,-1.0
2019-11-26,89.5719985961914,,,,,,1.0
2019-11-27,90.03189849853516,0.4625654518604278,0.5257660746574402,0.0116684809327125,1.0,0.4508969709277153,-1.0
2019-11-29,89.71627807617188,,,,,,-1.0
2019-12-02,89.31950378417969,0.3198683174947897,0.503123496969541,0.177008194848895,3.0,0.1428601226458946,-1.0
2019-12-03,89.1211166381836,0.0677311951294541,0.35616653598845,0.5761022940278053,2.0,-0.5083710988983512,1.0
2019-12-04,89.95072937011719,,,,,,0.0
2019-12-05,89.95072937011719,0.0466068722307682,0.4058139622211456,0.5475792288780212,1.0,-0.500972356647253,1.0
2019-12-06,90.5458984375,0.1383944526314734,0.8500122725963593,0.011593289207667,2.0,0.1268011634238064,-1.0
2019-12-09,89.9146957397461,0.120066799223423,0.8681350350379944,0.0117981368675827,1.0,0.1082686623558403,1.0
2019-12-10,90.11306762695312,0.0741158500313758,0.9119004011154176,0.0139838038012385,1.0,0.0601320462301373,1.0
2019-12-11,90.19420623779295,,,,,,1.0
2019-12-12,91.03285217285156,,,,,,-1.0
2019-12-13,90.96971893310548,0.252551406621933,0.7245224118232727,0.0229261666536331,1.0,0.2296252399682999,1.0
2019-12-16,91.95265197753906,,,,,,-1.0
2019-12-17,91.85345458984376,0.052206334657967,0.4746977351605892,0.4730959436856209,2.0,-0.4208896090276539,1.0
2019-12-18,91.9797134399414,0.0248821172863245,0.930523693561554,0.0445941090583801,1.0,-0.0197119917720555,1.0
2019-12-19,92.34042358398438,0.2163414806127548,0.7637538313865662,0.0199047084897756,1.0,0.1964367721229792,1.0
2019-12-20,92.99417114257812,0.5597076490521431,0.1360244899988174,0.3042678041383624,2.0,0.2554398449137807,1.0
2019-12-23,93.3654327392578,0.3287416696548462,0.6579766869544983,0.0132816871628165,1.0,0.3154599824920296,-1.0
2019-12-24,93.24771118164062,,,,,,-1.0
2019-12-26,93.18433380126952,0.6564084887504578,0.3304030299186706,0.0131885167211294,1.0,0.6432199720293283,1.0
2019-12-27,93.21150207519533,,,,,,-1.0
2019-12-30,92.65190887451172,,,,,,1.0
2019-12-31,92.8341827392578,0.8811138868331909,0.0962907820940017,0.0225952994078397,1.0,0.8585185874253513,1.0
2020-01-02,93.08026885986328,,,,,,-1.0
2020-01-03,92.26911163330078,0.166541650891304,0.8232283592224121,0.0102299619466066,1.0,0.1563116889446973,1.0
2020-01-06,92.84329223632812,,,,,,-1.0
2020-01-07,92.66101837158205,,,,,,1.0
2020-01-08,93.26253509521484,0.0154075976461172,0.0562491528689861,0.9283432364463806,1.0,-0.9129356388002634,1.0
2020-01-09,93.66354370117188,0.2436085259541869,0.3681607246398926,0.3882307326421141,2.0,-0.1446222066879272,1.0
2020-01-10,93.69088745117188,,,,,,-1.0
2020-01-13,93.36280059814452,0.2883744264642397,0.6947368234395981,0.0168887373680869,3.0,0.2714856890961528,1.0
2020-01-14,93.92786407470705,0.912940263748169,0.0671118348836898,0.0199479982256889,1.0,0.89299226552248,1.0
2020-01-15,94.73898315429688,0.2541388248403867,0.728427658478419,0.0174334884310761,3.0,0.2367053364093105,1.0
2020-01-16,95.23113250732422,0.4603167679160833,0.5194867327809334,0.0201964545994996,2.0,0.4401203133165837,0.0
2020-01-17,95.23113250732422,,,,,,1.0
2020-01-21,95.33137512207033,0.0722784836673073,0.3583106735928191,0.5694108493626118,9.0,-0.4971323656953044,1.0
2020-01-22,95.44986724853516,0.3968237268605402,0.289620826286929,0.3135554467194846,7.0,0.0832682801410555,-1.0
2020-01-23,94.96682739257812,0.3562727882526814,0.1870674835518002,0.4566597307566553,8.0,-0.1003869425039739,-1.0
2020-01-24,93.38101959228516,0.0882993675768375,0.1690426198765635,0.7426580262059966,6.0,-0.6543586586291591,-1.0
2020-01-27,92.67013549804688,0.1440821941941976,0.2206955371158463,0.6352222724152463,7.0,-0.4911400782210486,1.0
2020-01-28,93.1258316040039,0.1757421735674142,0.2264240810181945,0.5978337361011654,16.0,-0.4220915625337511,-1.0
2020-01-29,92.87064361572266,0.088265163761874,0.1429156149427095,0.7688192233443261,15.0,-0.6805540595824521,-1.0
2020-01-30,92.19619750976562,0.0196699428682525,0.2026711371727287,0.7776589201142391,12.0,-0.7579889772459866,-1.0
2020-01-31,90.35520935058594,0.0804197579823635,0.4036071783787495,0.5159730711649801,37.0,-0.4355533131826166,1.0
2020-02-03,91.17545318603516,0.0973639131407252,0.2612590397475287,0.6413770508370362,16.0,-0.5440131376963109,1.0
2020-02-04,92.7794952392578,0.1179068245738744,0.1738118560612201,0.7082813143357635,25.0,-0.590374489761889,1.0
2020-02-05,94.5658187866211,0.1556673526298254,0.2137969262897968,0.6305357166565955,20.0,-0.47486836402677,1.0
2020-02-06,94.6478271484375,0.2325155641262729,0.1932474353661139,0.5742369988312324,15.0,-0.3417214347049594,-1.0
2020-02-07,93.9096221923828,0.1342313390265664,0.2566933238311953,0.6090753399969443,23.0,-0.4748440009703779,1.0
2020-02-10,94.41088104248048,0.0665775216849786,0.229541256491627,0.7038812357932329,7.0,-0.6373037141082543,1.0
2020-02-11,94.97595977783205,0.2406464991508982,0.3310772777767852,0.4282762074726634,16.0,-0.1876297083217651,1.0
2020-02-12,95.09442138671876,0.1848756749039659,0.3341052242769644,0.4810191049025609,13.0,-0.296143429998595,-1.0
2020-02-13,94.6478271484375,0.2635235326507916,0.2391242565443882,0.4973522388877777,13.0,-0.233828706236986,1.0
2020-02-14,94.72076416015624,0.2233179064467549,0.3127080291509628,0.4639740630984306,10.0,-0.2406561566516757,-1.0
2020-02-18,94.38351440429688,0.1903119709244684,0.191611518299109,0.6180765057276738,19.0,-0.4277645348032054,1.0
2020-02-19,94.82101440429688,0.2121598044824268,0.2675582766532897,0.5202819214512905,9.0,-0.3081221169688636,-1.0
2020-02-20,94.2104034423828,0.1296901323108209,0.282786251977086,0.5875236216104693,9.0,-0.4578334892996484,1.0
2020-02-21,94.26506805419922,0.2522033100637296,0.084014953734974,0.6637817653827369,12.0,-0.4115784553190073,-1.0
2020-02-24,91.29393768310548,0.1471620923104254,0.3020678340996566,0.5507700674137787,19.0,-0.4036079751033532,-1.0
2020-02-25,88.52330017089844,0.077924746647477,0.2235197966918349,0.6985554526249568,30.0,-0.6206307059774797,-1.0
2020-02-26,88.51421356201172,0.0679499951546035,0.2852703508521829,0.64677965428148,21.0,-0.5788296591268765,-1.0
2020-02-27,85.5066146850586,0.1177804818857581,0.1249375937566641,0.7572819360441738,31.0,-0.6395014541584157,-1.0
2020-02-28,84.40382385253906,0.1272326250389022,0.3140458015626982,0.5587215621122404,38.0,-0.4314889370733382,1.0
2020-03-02,88.3592529296875,0.2092695567203131,0.3267542104916395,0.4639762333040503,37.0,-0.2547066765837371,-1.0
2020-03-03,86.16281127929688,0.212058362255736,0.3322370625668909,0.45570457174738,41.0,-0.243646209491644,1.0
2020-03-04,91.12987518310548,0.1441199809778481,0.3177411474287509,0.5381388765294105,20.0,-0.3940188955515623,-1.0
2020-03-05,89.01545715332031,0.1506895536654873,0.1841239842929337,0.6651864564536434,38.0,-0.5144969027881561,-1.0
2020-03-06,88.54153442382812,0.2219361688296955,0.323213362475284,0.4548504655607618,52.0,-0.2329142967310663,-1.0
2020-03-09,83.93902587890625,0.1319621142631928,0.2557866612582334,0.6122512083301055,28.0,-0.4802890940669126,1.0
2020-03-10,86.81902313232422,0.1647402510385621,0.35143168926747,0.4838280519047244,44.0,-0.3190878008661623,-1.0
2020-03-11,83.50154876708984,0.0996698790758445,0.312725988443236,0.5876041416179489,37.0,-0.4879342625421044,-1.0
2020-03-12,77.26763916015625,0.1410158333566152,0.1813654513521627,0.6776187257333235,33.0,-0.5366028923767083,1.0
2020-03-13,82.62663269042969,0.1496060527256363,0.3234614375978707,0.5269325056125398,77.0,-0.3773264528869035,-1.0
2020-03-16,74.47879028320312,0.1449708132730687,0.3129648327389184,0.5420643557958743,51.0,-0.3970935425228056,1.0
2020-03-17,79.15421295166016,0.1247473419488717,0.3065183617795506,0.56873429066812,60.0,-0.4439869487192482,-1.0
2020-03-18,76.52940368652344,0.1555915366237361,0.3611397224606252,0.48326873677034,51.0,-0.3276772001466038,-1.0
2020-03-19,74.96180725097656,0.1478900958181303,0.3545061894637696,0.4976037194185397,85.0,-0.3497136236004093,-1.0
2020-03-20,72.08184814453125,0.1202969078251437,0.2528184327120716,0.6268846567946713,74.0,-0.5065877489695276,-1.0
2020-03-23,68.3379898071289,0.1465051025152206,0.3054862129045467,0.5480086779696685,51.0,-0.4015035754544478,1.0
2020-03-24,73.6039047241211,0.102339737374207,0.3504977101010495,0.5471625583374808,29.0,-0.4448228209632738,1.0
2020-03-25,74.5838394165039,0.1763213273270853,0.3068895218095608,0.5167891435325146,35.0,-0.3404678162054292,1.0
2020-03-26,79.53838348388672,0.1743127558100968,0.3868610459566116,0.438826187364757,50.0,-0.2645134315546602,-1.0
2020-03-27,77.83496856689453,0.1557368481428258,0.3674134636228835,0.4768496844917536,54.0,-0.3211128363489277,1.0
2020-03-30,81.47991180419922,0.1872943672351538,0.2720671878803683,0.5406384538332729,46.0,-0.353344086598119,-1.0
2020-03-31,81.12274169921875,0.1329453723420473,0.3241689240305938,0.5428857069081542,44.0,-0.4099403345661069,-1.0
2020-04-01,78.03646087646484,0.136896824078827,0.2880892214076271,0.5750139548346914,29.0,-0.4381171307558644,1.0
2020-04-02,80.19776916503906,0.0485965747696657,0.2819475951708025,0.669455830525193,36.0,-0.6208592557555273,-1.0
2020-04-03,79.47428894042969,0.1610259688195754,0.2674980283416104,0.5714760084443216,53.0,-0.4104500396247461,1.0
2020-04-06,83.6412124633789,0.2444018438109196,0.2077681605587713,0.547829998540692,32.0,-0.3034281547297723,-1.0
2020-04-07,82.95437622070312,0.1583019495990715,0.3089058976620435,0.5327921427394214,19.0,-0.3744901931403499,1.0
2020-04-08,86.37034606933594,0.2479261105317015,0.2003795358157434,0.5516943403541349,43.0,-0.3037682298224333,1.0
2020-04-09,86.8465576171875,0.1159711924071112,0.4273825782830968,0.4566462310313275,33.0,-0.3406750386242162,-1.0
2020-04-13,86.08643341064453,0.1488327907198773,0.3361391216915633,0.5150280962698162,28.0,-0.3661953055499388,1.0
2020-04-14,88.94380187988281,0.2969516025403061,0.3154894311383769,0.3875589611864573,37.0,-0.0906073586461512,-1.0
2020-04-15,88.48587799072266,0.1727672935602195,0.4111489398761632,0.416083762263681,47.0,-0.2433164687034615,1.0
2020-04-16,90.4182357788086,0.1866909397555695,0.2707262551111559,0.5425828142512229,31.0,-0.3558918744956534,1.0
2020-04-17,92.29566955566406,0.1848275681731064,0.4365504155237529,0.3786220187069596,37.0,-0.1937944505338532,-1.0
2020-04-20,91.5630111694336,0.145840080488207,0.2793411324465913,0.574818770035303,28.0,-0.4289786895470959,-1.0
2020-04-21,88.77893829345703,0.2633752397960051,0.2468933529841402,0.489731412122233,36.0,-0.2263561723262279,1.0
2020-04-22,90.13433074951172,0.1659390409011393,0.220175453624688,0.6138854953926056,40.0,-0.4479464544914663,1.0
2020-04-23,90.62889862060548,0.1707711899653076,0.2690148199775389,0.5602139886202556,35.0,-0.3894427986549479,1.0
2020-04-24,91.84690856933594,0.1140109949299822,0.3913653923765472,0.4946236194151899,23.0,-0.3806126244852076,1.0
2020-04-27,93.0283203125,0.2467070490121841,0.3915836139582097,0.3617093423381447,20.0,-0.1150022933259606,-1.0
2020-04-28,91.15091705322266,0.2970114720519631,0.1610645971571405,0.5419239374265695,24.0,-0.2449124653746063,1.0
2020-04-29,91.7553253173828,0.2726934484401067,0.2170083008186761,0.510298247903932,43.0,-0.2376047994638252,-1.0
2020-04-30,91.33406066894533,0.2330938221514224,0.2537763800472021,0.5131297977268696,25.0,-0.2800359755754471,-1.0
2020-05-01,89.59402465820312,0.1335598193109035,0.3931465324324866,0.4732936694441984,12.0,-0.3397338501332949,-1.0
2020-05-04,89.5482177734375,0.2124722959008067,0.3606691855005919,0.4268585177138447,20.0,-0.214386221813038,1.0
2020-05-05,91.4897689819336,0.1457983960684102,0.129462093544694,0.7247395257537181,13.0,-0.578941129685308,-1.0
2020-05-06,90.58308410644533,0.3251546032398062,0.2725211518871433,0.4023242532549535,17.0,-0.0771696500151473,-1.0
2020-05-07,90.5739288330078,0.1315479646162951,0.3627121228286448,0.5057399167734034,17.0,-0.3741919521571082,1.0
2020-05-08,91.04100036621094,0.3412125160917639,0.2500183046484986,0.4087691625580191,15.0,-0.0675566464662552,1.0
2020-05-11,92.60704803466795,0.2405777219682931,0.2501095107756554,0.5093127661850303,20.0,-0.2687350442167371,-1.0
2020-05-12,91.19669342041016,0.132581583400867,0.3146096859769574,0.552808746727633,29.0,-0.4202271633267659,-1.0
2020-05-13,90.20760345458984,0.3384433577635458,0.2255168252491524,0.4360398061440459,14.0,-0.0975964483805,1.0
2020-05-14,91.19669342041016,0.1340766680765558,0.2900809215551072,0.5758423903872344,22.0,-0.4417657223106785,1.0
2020-05-15,91.9659652709961,0.0204789236617775,0.080811474758845,0.8987095997883723,13.0,-0.8782306761265947,1.0
2020-05-18,92.72610473632812,0.365979654206471,0.3068057838827371,0.3272145880724896,11.0,0.0387650661339813,-1.0
2020-05-19,91.60881805419922,0.27670568887245,0.3184412299479181,0.4048530867549817,37.0,-0.1281473978825316,1.0
2020-05-20,91.71869659423828,0.1868617019959186,0.3232392616766063,0.4898990346608977,19.0,-0.3030373326649791,-1.0
2020-05-21,91.04100036621094,0.3424285928485915,0.3608762715011834,0.2966951360867824,16.0,0.045733456761809,1.0
2020-05-22,91.23332214355467,0.0715693116188048,0.3971997156739234,0.5312309741042555,10.0,-0.4596616624854506,-1.0
2020-05-26,91.0684814453125,0.1890492274318463,0.3185252575920178,0.4924255212625631,26.0,-0.3033762938307168,1.0
2020-05-27,92.01175689697266,0.1926708558144477,0.2198498803549087,0.587479261538157,13.0,-0.3948084057237092,1.0
2020-05-28,93.2114486694336,0.1635092060583141,0.2074310520950417,0.629059740055639,26.0,-0.4655505339973248,1.0
2020-05-29,94.3379364013672,0.2057262207381426,0.3008765531703829,0.4933972056023776,4.0,-0.287670984864235,-1.0
2020-06-01,93.40380096435548,0.1230157365401585,0.4355356909024219,0.4414485732559114,12.0,-0.3184328367157529,1.0
2020-06-02,93.9441375732422,0.3974955391138791,0.3311342009032766,0.2713702428154647,15.0,0.1261252962984144,-1.0
2020-06-03,93.7609634399414,0.3240072229926131,0.2818698566406964,0.3941229293122887,19.0,-0.0701157063196755,-1.0
2020-06-04,93.01915740966795,0.2355242021278374,0.3975917092627949,0.3668840872123837,18.0,-0.1313598850845462,1.0
2020-06-05,94.52108764648438,0.2849185773068004,0.346313486703568,0.3687679649641115,9.0,-0.0838493876573111,1.0
2020-06-08,95.1712875366211,0.1759862416157764,0.3646454153848545,0.4593683377440486,14.0,-0.2833820961282722,-1.0
2020-06-09,94.1822280883789,0.2325877049523922,0.2134882199267546,0.5539240820540322,9.0,-0.32133637710164,-1.0
2020-06-10,94.03569793701172,0.2005759785883128,0.4489672180265188,0.3504568069241941,10.0,-0.1498808283358813,-1.0
2020-06-11,88.80641174316406,0.1745957876310536,0.2921692637824698,0.5332349421652524,19.0,-0.3586391545341987,1.0
2020-06-12,89.38339233398438,0.2853028435554159,0.2015153118654301,0.5131818525689212,19.0,-0.2278790090135053,1.0
2020-06-15,89.58487701416016,0.3020334232311982,0.3144921478457175,0.383474410439913,13.0,-0.0814409872087148,1.0
2020-06-16,91.79195404052734,0.1744310059310758,0.3721547793487415,0.4534142164184767,17.0,-0.2789832104874008,-1.0
2020-06-17,91.70037841796876,0.2021165148887251,0.2221241529498781,0.5757593409424382,14.0,-0.3736428260537131,-1.0
2020-06-18,91.38899993896484,0.29799460535869,0.1484423017129301,0.5535631014034152,10.0,-0.2555684960447252,1.0
2020-06-19,92.26818084716795,0.2153672941029071,0.241736797367533,0.5428959110751748,15.0,-0.3275286169722676,-1.0
2020-06-22,91.91411590576172,0.2062290843146351,0.4899951673757571,0.3037757314741611,13.0,-0.0975466471595259,1.0
2020-06-23,92.3095703125,0.2041284166043623,0.3495559424627572,0.44631565437885,8.0,-0.2421872377744876,-1.0
2020-06-24,89.89997863769531,0.2000533156644771,0.28561502388295,0.5143316539333147,17.0,-0.3142783382688375,1.0
2020-06-25,90.78287506103516,0.1924001792445778,0.2564317480660975,0.5511680664494634,20.0,-0.3587678872048855,-1.0
2020-06-26,89.67923736572266,0.2136496092905015,0.0836196601500405,0.7027307331342908,17.0,-0.4890811238437892,1.0
2020-06-29,90.48858642578124,0.2247591708372864,0.3436123220663931,0.4316284994905193,18.0,-0.2068693286532329,1.0
2020-06-30,92.03366088867188,0.1553509026222551,0.2302074880960086,0.6144416204188019,24.0,-0.4590907177965467,1.0
2020-07-01,92.74181365966795,0.4593592233096177,0.1359853181414879,0.4046554661427552,13.0,0.0547037571668624,1.0
2020-07-02,93.44080352783205,0.2583714675856754,0.2370296118315309,0.5045989144709893,16.0,-0.2462274468853138,1.0
2020-07-06,94.38807678222656,0.2092151066909233,0.4997611654301484,0.2910237343360979,15.0,-0.0818086276451746,-1.0
2020-07-07,93.56952667236328,0.295227040155706,0.2499264398251067,0.4548465381164781,22.0,-0.159619497960772,1.0
2020-07-08,93.57874298095705,0.3405308305518701,0.2894152263179421,0.3700539367855526,16.0,-0.0295231062336825,-1.0
2020-07-09,92.84298706054688,0.1492462944505469,0.26278334017843,0.587970370426774,14.0,-0.4387240759762271,-1.0
2020-07-10,92.62226104736328,0.2636512180324643,0.3740610111271962,0.3622877678717486,16.0,-0.0986365498392843,1.0
2020-07-13,93.14649200439452,0.2692350569893331,0.3595796318396049,0.3711853067883673,17.0,-0.1019502497990341,1.0
2020-07-14,94.9950714111328,0.2224175322446084,0.2236388249411469,0.5539436530587929,21.0,-0.3315261208141844,1.0
2020-07-15,96.22744750976562,0.3257472165638492,0.3361942311305375,0.3380585585587791,21.0,-0.0123113419949298,-1.0
2020-07-16,96.07112121582033,0.2188882365907457,0.290348672223362,0.4907630905508995,22.0,-0.2718748539601537,1.0
2020-07-17,97.3862762451172,0.2223229136710103,0.4038656270621638,0.3738114584335371,19.0,-0.1514885447625267,
