Date,Price,Return,Sign,avg_positive_XLY,avg_neutral_XLY,avg_negative_XLY,n_XLY,sent_index_XLY
2018-03-20,97.19348907470705,,,0.17809293077637747,0.5971745724479357,0.22473248125364384,6.0,-0.04663955047726637
2018-03-21,97.11907958984376,-0.0007655809619725,-1.0,0.16851098675812987,0.36889693194202017,0.4625920689265643,7.0,-0.2940810821684344
2018-03-22,95.05410766601562,-0.0212622682643718,-1.0,0.29141896978641546,0.31722666913022596,0.3913543801754713,12.0,-0.09993541038905585
2018-03-23,93.18446350097656,-0.019669262180739,-1.0,0.46472269436344504,0.21788263134658334,0.3173947070414821,6.0,0.14732798732196295
2018-03-26,95.9377670288086,0.0295468088175789,1.0,0.167230164366109,0.2857929462833063,0.5469768832304648,7.0,-0.3797467188643558
2018-03-27,94.05880737304688,-0.0195851927134962,-1.0,0.14593077214578018,0.5664143464886225,0.28765486975988513,13.0,-0.14172409761410495
2018-03-28,92.91468811035156,-0.0121638716740009,-1.0,0.11049940849009611,0.2885229223622725,0.6009776542822902,13.0,-0.4904782457921941
2018-03-29,94.21694946289062,0.0140156672644955,1.0,0.1927240217919461,0.5367933621164411,0.27048260602168733,16.0,-0.07775858422974125
2018-04-02,91.55664825439452,-0.0282359089703273,-1.0,0.04072758467454044,0.3775222464982006,0.5817501625667015,9.0,-0.5410225778921611
2018-04-03,92.71934509277344,0.0126992071088962,1.0,0.23580473614856598,0.3380926105060747,0.42610267230442583,14.0,-0.19029793615585985
2018-04-04,94.42157745361328,0.018358977397183,1.0,0.0443732719868421,0.33924756695826846,0.6163791466193894,6.0,-0.5720058746325474
2018-04-05,95.68659210205078,0.0133975165693347,1.0,0.06297924034297463,0.4301780067384243,0.5068427519872784,10.0,-0.4438635116443037
2018-04-06,93.64955139160156,-0.0212886744704701,-1.0,0.5686665568500757,0.22437054058536887,0.2069628909230232,4.0,0.3617036659270525
2018-04-09,93.42630767822266,-0.0023838204247813,-1.0,0.4468746602535248,0.5176480948925019,0.03547724988311525,5.0,0.41139741037040956
2018-04-10,94.56111907958984,0.0121465937118663,1.0,0.1853069924852914,0.38864397009213764,0.42604901848567855,9.0,-0.24074202600038716
2018-04-11,94.27273559570312,-0.003049704642814,-1.0,0.19806643269423924,0.6531122236379555,0.1488213504531553,7.0,0.049245082241083926
2018-04-12,94.68202209472656,0.0043415150354679,1.0,0.2766573324333876,0.4387000394053757,0.2846426262985915,8.0,-0.007985293865203913
2018-04-13,94.15186309814452,-0.0055993628447398,-1.0,0.03180464776232837,0.5894326940178871,0.3787626661360264,4.0,-0.346958018373698
2018-04-16,94.85875701904295,0.0075080184038585,1.0,0.3073596289115293,0.4393043246652399,0.2533360244706273,7.0,0.054023604440901984
2018-04-17,96.6260757446289,0.0186310550667574,1.0,0.19449199587953359,0.2958302724767815,0.5096777354959737,11.0,-0.31518573961644014
2018-04-18,97.08187103271484,0.0047171044107239,1.0,0.11912937097561854,0.4173952719817559,0.4634753568097949,6.0,-0.34434598583417636
2018-04-19,96.77490997314452,-0.0031618782817534,-1.0,0.1913013969632712,0.479216192425652,0.3294823926619508,11.0,-0.1381809956986796
2018-04-20,95.78893280029295,-0.0101883553611692,-1.0,0.24658492965889825,0.3482261611414807,0.40518893101917847,7.0,-0.15860400136028022
2018-04-23,95.99356079101562,0.0021362383392378,1.0,0.2477097012102604,0.4774771235883236,0.27481316439807413,5.0,-0.02710346318781373
2018-04-24,94.47737884521484,-0.0157946213611307,-1.0,0.09624599944800134,0.34877914702519774,0.5549748688936234,8.0,-0.458728869445622
2018-04-25,94.86805725097656,0.0041351528856634,1.0,0.1669923433413108,0.5314177975058556,0.30158984983960785,15.0,-0.13459750649829705
2018-04-26,96.40284729003906,0.0161781539913077,1.0,0.16211811741814014,0.33498363289982075,0.5028982780873775,10.0,-0.3407801606692374
2018-04-27,96.84001159667967,0.0045347655067216,1.0,0.5189969088468287,0.1738142974467741,0.307188782427046,9.0,0.2118081264197827
2018-04-30,96.45864868164062,-0.003938071761364,-1.0,0.29486103781632017,0.26622949913144106,0.4389094713010958,7.0,-0.14404843348477564
2018-05-01,96.58887481689452,0.0013500721504371,1.0,0.0245719458907842,0.48664320539683104,0.48878489620983595,2.0,-0.46421295031905174
2018-05-02,95.9284439086914,-0.0068375463473935,-1.0,0.07176202939202382,0.44249704231818515,0.48574088513851166,3.0,-0.41397885574648785
2018-05-03,95.50056457519533,-0.0044604010662713,-1.0,0.05787437895519861,0.4832860053413444,0.4588396151860555,9.0,-0.4009652362308569
2018-05-04,96.75629425048828,0.0131489241019535,1.0,0.2363895948510617,0.28398115374147886,0.47962926188483834,4.0,-0.24323966703377664
2018-05-07,97.08187103271484,0.0033649157891857,1.0,0.1815370033894266,0.6991556201662336,0.11930735728570388,7.0,0.062229646103722724
2018-05-08,96.67257690429688,-0.0042159686877073,-1.0,0.08669946063309902,0.6511612832546234,0.2621392358560115,4.0,-0.1754397752229125
2018-05-09,97.0074691772461,0.003464191021625,1.0,0.4582979072417531,0.4913761557212898,0.050325915217399556,7.0,0.4079719920243536
2018-05-10,97.36089324951172,0.0036432665985737,1.0,0.32399146507183707,0.36556120216846466,0.31044740291933215,3.0,0.013544062152504921
2018-05-11,97.56556701660156,0.0021022174330849,1.0,0.2206181897781789,0.44516344368457794,0.3342183521017432,4.0,-0.11360016232356432
2018-05-14,97.7515640258789,0.0019063796272069,1.0,0.22693915440080062,0.5866727496807774,0.1863881102763116,12.0,0.04055104412448901
2018-05-15,97.1841812133789,-0.0058043348784658,-1.0,0.2636521732783876,0.4216435645939782,0.31470425007864833,16.0,-0.05105207680026075
2018-05-16,97.99343872070312,0.0083270497031548,1.0,0.1668365107228358,0.48135059637327987,0.35181287101780373,6.0,-0.18497636029496792
2018-05-17,97.6678695678711,-0.0033223566504279,-1.0,0.3902740005403757,0.43896296694874765,0.17076299563050268,5.0,0.21951100490987302
2018-05-18,97.54695892333984,-0.0012379776999971,-1.0,0.21420662456916437,0.4750471893284056,0.3107461943808529,9.0,-0.09653956981168851
2018-05-21,98.08642578125,0.0055303298417956,1.0,0.15315971281379456,0.41186647918075325,0.434973824955523,10.0,-0.28181411214172847
2018-05-22,97.64926147460938,-0.0044569297245633,-1.0,0.09691694937646386,0.39267371009503094,0.5104093344083854,7.0,-0.41349238503192154
2018-05-23,98.356201171875,0.0072395805824854,1.0,0.3732053352181207,0.350333844396201,0.2764608442614024,11.0,0.09674449095671833
2018-05-24,98.57013702392578,0.0021751130025542,1.0,0.03864790058948773,0.4397023699500344,0.5216497372497212,11.0,-0.48300183666023344
2018-05-25,98.7189483642578,0.0015097000453179,1.0,0.22280020516535093,0.37587136030197144,0.4013284156945618,11.0,-0.17852821052921086
2018-05-29,97.95622253417967,-0.0077262353653098,-1.0,0.3018051917897537,0.3574936715885997,0.3407011475646868,8.0,-0.0388959557749331
2018-05-30,98.84918975830078,0.0091159826401996,1.0,0.10746131232008332,0.4444754526226057,0.448063248458008,9.0,-0.34060193613792467
2018-05-31,98.37480926513672,-0.0047990326913552,-1.0,0.15525223660681922,0.42803338010396275,0.4167143666584577,7.0,-0.26146213005163843
2018-06-01,99.10031127929688,0.0073748759421206,1.0,0.01799478102475398,0.14506284147500986,0.8369423866271972,5.0,-0.8189476056024433
2018-06-04,100.20724487304688,0.0111698296348463,1.0,0.1283941648102232,0.6581313519605568,0.21347448269703553,7.0,-0.08508031788681233
2018-06-05,100.79322052001952,0.0058476375407288,1.0,0.2919695587828755,0.3635360024869442,0.3444944278337061,10.0,-0.05252486905083059
2018-06-06,101.73271942138672,0.0093210525124614,1.0,0.378242553876979,0.35129218947674545,0.2704652279083218,7.0,0.10777732596865724
2018-06-07,102.0303726196289,0.0029258354631147,1.0,0.07964311614632602,0.5021373596042394,0.4182195202447474,10.0,-0.3385764040984214
2018-06-08,102.24430084228516,0.0020967111769136,1.0,0.0242063007317483,0.22006908617913715,0.7557245790958405,2.0,-0.7315182783640921
2018-06-11,102.65357971191406,0.0040029504457195,1.0,0.31160113619019586,0.34208650638659793,0.34631234407424927,6.0,-0.03471120788405341
2018-06-12,103.1465835571289,0.004802597694093,1.0,0.05513069196604189,0.2200489249080419,0.7248204043135047,10.0,-0.6696897123474628
2018-06-13,103.30469512939452,0.0015328823002465,1.0,0.148123868741095,0.4679838812185658,0.3838922423827979,9.0,-0.2357683736417029
2018-06-14,104.38369750976562,0.0104448532471792,1.0,0.33395416455136406,0.39762794226408,0.26841790953444106,9.0,0.065536255016923
2018-06-15,104.5552978515625,0.0016439381425517,1.0,0.3150944498678048,0.6716906776030859,0.013214850643028799,3.0,0.30187959922477603
2018-06-18,104.37811279296876,-0.0016946540465628,-1.0,0.2622107254341245,0.5155363801866769,0.2222528917714953,5.0,0.0399578336626292
2018-06-19,104.2475128173828,-0.0012512199357829,-1.0,0.04058902850374575,0.46396487671881914,0.49544611293822516,2.0,-0.4548570844344794
2018-06-20,104.7418212890625,0.0047416812000649,1.0,0.134094459315141,0.5570434431234995,0.30886210718502594,3.0,-0.17476764786988494
2018-06-21,103.99574279785156,-0.0071230238507304,-1.0,0.13789043016731733,0.2203825333466132,0.6417270271728436,3.0,-0.5038365970055263
2018-06-22,103.81854248046876,-0.001703918954906,-1.0,0.0697215874161985,0.5546235951284567,0.37565483618527645,9.0,-0.30593324876907796
2018-06-25,101.56159973144533,-0.0217393029713168,-1.0,0.0608646051647762,0.7105348197122415,0.2286005622396866,6.0,-0.1677359570749104
2018-06-26,102.28904724121094,0.0071626235869577,1.0,0.12476429063826795,0.331442441791296,0.5437932461500168,4.0,-0.41902895551174885
2018-06-27,100.96473693847656,-0.0129467458975492,-1.0,0.17428090306930238,0.23674899572506544,0.5889700929401442,8.0,-0.41468918987084186
2018-06-28,101.75746154785156,0.0078514997751943,1.0,0.22716747351329436,0.37869885021989996,0.3941336548887193,11.0,-0.16696618137542496
2018-06-29,101.93468475341795,0.001741623689021,1.0,0.4824966142574945,0.1889340759565433,0.32856932530800503,6.0,0.15392728894948948
2018-07-02,102.07455444335938,0.0013721501202439,1.0,0.21875375407663256,0.49929107048294763,0.2819551848383112,11.0,-0.06320143076167867
2018-07-03,101.56159973144533,-0.0050252946457746,-1.0,0.04376595057547088,0.6947252962738275,0.261508759483695,5.0,-0.21774280890822412
2018-07-05,102.06522369384766,0.0049588029701583,1.0,0.038270775042474205,0.3786788959056139,0.5830503420904278,5.0,-0.5447795670479536
2018-07-06,102.86727905273438,0.0078582628819052,1.0,0.07404597631345186,0.3823320462057988,0.5436219846208891,3.0,-0.4695760083074372
2018-07-09,104.09830474853516,0.0119671260592952,1.0,0.1742478174467881,0.5844971835613251,0.24125498874733844,6.0,-0.06700717130055034
2018-07-10,104.32215881347656,0.0021504102826856,1.0,0.38544953893870115,0.33465649808446557,0.2798939766362309,6.0,0.10555556230247026
2018-07-11,104.07965850830078,-0.0023245330420104,-1.0,0.14489632698574234,0.6132988578506878,0.24180480704775878,7.0,-0.09690848006201644
2018-07-12,104.76980590820312,0.006630953730957,1.0,0.5708929300308228,0.1712526679039001,0.2578543722629547,1.0,0.31303855776786804
2018-07-13,105.00294494628906,0.0022252502623725,1.0,0.05138260064025716,0.6227914815147718,0.3258259296417236,3.0,-0.2744433290014664
2018-07-16,105.26408386230467,0.0024869675431407,1.0,0.24767972691915927,0.14058650657534594,0.6117337504401803,4.0,-0.364054023521021
2018-07-17,105.36666870117188,0.0009745473964453,1.0,0.37250334879552777,0.1855040812356905,0.4419925886798989,11.0,-0.06948923988437111
2018-07-18,105.30139923095705,-0.0006194508284202,-1.0,0.14650505157903979,0.5259115112802157,0.3275834506091017,13.0,-0.18107839903006193
2018-07-19,105.05891418457033,-0.0023027713606623,-1.0,0.11228347305829321,0.3807969434807698,0.5069196134184798,6.0,-0.39463614036018657
2018-07-20,104.59261322021484,-0.0044384711947077,-1.0,0.0924090039916336,0.6509396126493812,0.2566513740457594,4.0,-0.16424237005412579
2018-07-23,104.48069763183594,-0.0010700142671,-1.0,0.3891049537807703,0.21905446536839004,0.39184059537947175,5.0,-0.0027356415987014326
2018-07-24,104.17292022705078,-0.0029457824436595,-1.0,0.08277524883548414,0.3674949105415079,0.5497298449691799,9.0,-0.4669545961336957
2018-07-25,104.93765258789062,0.0073409899537524,1.0,0.6505973140398661,0.0794168257464965,0.2699858831862608,3.0,0.38061143085360527
2018-07-26,104.38743591308594,-0.0052432721833933,-1.0,0.2938045194993416,0.18212992615169946,0.5240655686292384,9.0,-0.23026104912989676
2018-07-27,104.11697387695312,-0.0025909443389144,-1.0,0.6184114590287209,0.28163348138332367,0.09995507518760857,4.0,0.5184563838411123
2018-07-30,103.28694152832033,-0.0079721136499197,-1.0,0.2659473503008485,0.5732941169823919,0.16075853644204988,7.0,0.10518881385879861
2018-07-31,103.77190399169922,0.0046952930951675,1.0,0.21467970488592983,0.3662313227541744,0.41908895056694745,10.0,-0.20440924568101762
2018-08-01,103.25897979736328,-0.0049428041175477,-1.0,0.2658507017832663,0.4917390247186025,0.24241028643316687,9.0,0.02344041535009944
2018-08-02,103.96776580810548,0.0068641585664814,1.0,0.45691420991594595,0.2876025826359788,0.2554832107077042,12.0,0.20143099920824176
2018-08-03,104.32215881347656,0.0034086815525611,1.0,0.0096898255869746,0.0228761900216341,0.9674340486526488,1.0,-0.9577442230656742
2018-08-06,105.02162170410156,0.0067048352773797,1.0,0.031527165672741775,0.4542649365030229,0.5142079079523683,4.0,-0.4826807422796265
2018-08-07,105.50655364990234,0.004617448654212,1.0,0.2470830746615926,0.5040964401016633,0.2488204965367913,15.0,-0.001737421875198708
2018-08-08,105.61846160888672,0.0010606730588103,1.0,0.1410523147011796,0.5590381855145097,0.2999095003275822,12.0,-0.15885718562640258
2018-08-09,106.01016235351562,0.0037086389885074,1.0,0.1320226280432608,0.5043248929497268,0.3636525004274315,9.0,-0.23162987238417074
2018-08-10,105.12419128417967,-0.0083574163992078,-1.0,0.07133242208510633,0.6307935900986195,0.29787399154156446,8.0,-0.22654156945645815
2018-08-13,104.59261322021484,-0.0050566673329055,-1.0,0.30548785207793117,0.5242352418135852,0.17027689685346553,8.0,0.13521095522446563
2018-08-14,105.6091537475586,0.0097190470344543,1.0,0.21429308859462085,0.65378254736689,0.13192434448071497,11.0,0.08236874411390588
2018-08-15,104.32215881347656,-0.0121863956713296,-1.0,0.19537829868495463,0.7016013201326132,0.10302037131041283,10.0,0.09235792737454179
2018-08-16,104.8351058959961,0.0049169523364318,1.0,0.24977728972832358,0.5689192615035508,0.18130345901267395,9.0,0.06847383071564964
2018-08-17,104.9283447265625,0.0008893855714602,1.0,0.2418392168357968,0.30578443631529806,0.45237635876983406,5.0,-0.21053714193403728
2018-08-20,105.67443084716795,0.0071104344831676,1.0,0.12382060103118417,0.4476732004966054,0.4285062168325697,7.0,-0.30468561580138553
2018-08-21,106.51376342773438,0.0079426269329077,1.0,0.22500799161692456,0.45843199267983437,0.3165600139958163,6.0,-0.09155202237889173
2018-08-22,106.6257095336914,0.0010510013199653,1.0,0.31306641879068176,0.39358420720831916,0.29334936951371754,11.0,0.019717049276964216
2018-08-23,106.52311706542967,-0.0009621738388462,-1.0,0.37453297316096723,0.36458160914480686,0.2608853864949196,4.0,0.11364758666604763
2018-08-24,107.1479721069336,0.005865910224164,1.0,0.06893314514309162,0.11969149671494955,0.8113753199577332,4.0,-0.7424421748146415
2018-08-27,107.83809661865234,0.0064408546251346,1.0,0.10700662558277445,0.27841203038891155,0.6145813561355075,6.0,-0.507574730552733
2018-08-28,108.05261993408205,0.0019893091788176,1.0,0.3411269197240472,0.3398567568510771,0.3190163254621438,8.0,0.02211059426190337
2018-08-29,109.26498413085938,0.0112201277258889,1.0,0.35990134906023735,0.41828974410891534,0.2218089243397116,5.0,0.13809242472052574
2018-08-30,108.64013671875,-0.0057186427754479,-1.0,0.17689953045919538,0.2531892610713839,0.56991121545434,6.0,-0.3930116849951446
2018-08-31,109.0691375732422,0.0039488246926897,1.0,0.2605752736330032,0.6001162752509117,0.13930844776332377,5.0,0.12126682586967943
2018-09-04,109.27433013916016,0.001881307310972,1.0,0.17119206395000217,0.45940506898544053,0.36940287273715844,11.0,-0.19821080878715627
2018-09-05,108.09923553466795,-0.0107536198391308,-1.0,0.2874643203491965,0.5350738049795231,0.17746190990631774,6.0,0.11000241044287876
2018-09-06,107.80078887939452,-0.0027608581485085,-1.0,0.14541890627394116,0.43065937277343536,0.4239217440287272,9.0,-0.278502837754786
2018-09-07,107.79145050048828,-8.662625759336962e-05,-1.0,0.22711405288428063,0.4056204818189144,0.3672654487192631,5.0,-0.14015139583498246
2018-09-10,108.19249725341795,0.0037205803527791,1.0,0.0139683540910482,0.0646024122834205,0.9214292764663696,2.0,-0.9074609223753214
2018-09-11,109.05982208251952,0.008016496994889,1.0,0.06022221470872554,0.49097128709157306,0.44880646529297036,3.0,-0.38858425058424484
2018-09-12,109.26498413085938,0.0018811881811491,1.0,0.0826018057497484,0.7038173398801258,0.21358086155461406,7.0,-0.13097905580486566
2018-09-13,109.45152282714844,0.0017072138688607,1.0,0.22597712491239816,0.20736320742538994,0.5666596787050366,7.0,-0.34068255379263845
2018-09-14,109.04117584228516,-0.0037491208369144,-1.0,0.3823370912577957,0.21503744157962498,0.4026254760101437,8.0,-0.02028838475234801
2018-09-17,107.68888854980467,-0.0124016205991431,-1.0,0.0327866401833792,0.3583208452910185,0.6088925373430053,6.0,-0.5761058971596261
2018-09-18,109.05982208251952,0.0127305012724763,1.0,0.10454449697863306,0.37692623608745635,0.5185292630922049,8.0,-0.4139847661135719
2018-09-19,109.1064453125,0.0004275014307761,1.0,0.24526513616243995,0.5140751496785216,0.24065970308664772,9.0,0.004605433075792226
2018-09-20,109.85255432128906,0.0068383586932199,1.0,0.2896786891958779,0.4868915763994058,0.22342974516666592,9.0,0.066248944029212
2018-09-21,109.36707305908205,-0.0044193898376465,-1.0,0.0554321492090821,0.7303958535194397,0.21417201450094575,2.0,-0.15873986529186365
2018-09-24,108.65616607666016,-0.0065001920828386,-1.0,0.05586270196363325,0.37592399120330805,0.5682132975198328,4.0,-0.5123505955561996
2018-09-25,109.11451721191406,0.0042183628578476,1.0,0.22253379008422292,0.4908218909986317,0.28664431216505665,12.0,-0.06411052208083373
2018-09-26,109.36707305908205,0.0023145943694868,1.0,0.30506595764309163,0.30283958520740273,0.3920944633893668,10.0,-0.08702850574627519
2018-09-27,109.74122619628906,0.003421076625182,1.0,0.23034444761772946,0.4413755452260375,0.3282800037413835,6.0,-0.09793555612365404
2018-09-28,109.64769744873048,-0.0008522662886168,-1.0,0.147070274264975,0.5121948141604662,0.34073492105711584,11.0,-0.19366464679214085
2018-10-01,109.31095123291016,-0.0030711654111823,-1.0,0.17015480529516933,0.5942424579213063,0.23560273911183074,12.0,-0.06544793381666142
2018-10-02,107.83301544189452,-0.0135204732402939,-1.0,0.2520300974138081,0.39050087332725525,0.3574690239038318,8.0,-0.10543892649002368
2018-10-03,107.46822357177734,-0.0033829330342128,-1.0,0.49429218024015426,0.364169055968523,0.14153878688812252,5.0,0.3527533933520317
2018-10-04,105.78446197509766,-0.0156675298122436,-1.0,0.20105510360250867,0.33803324662148954,0.46091165201117595,15.0,-0.2598565484086673
2018-10-05,104.9893798828125,-0.0075160574383061,-1.0,0.09591929428279394,0.3382381629198789,0.5658425129950047,4.0,-0.4699232187122107
2018-10-08,105.26067352294922,0.0025840103107526,1.0,0.057628490962088066,0.6352090388536453,0.30716251209378237,5.0,-0.24953402113169432
2018-10-09,104.95198822021484,-0.0029325795893475,-1.0,0.07146844143668803,0.10084331097702183,0.8276882171630859,3.0,-0.7562197757263979
2018-10-10,101.41616821289062,-0.0336898811283613,-1.0,0.14513059807094655,0.4233224994756959,0.4315468737516891,11.0,-0.28641627568074257
2018-10-11,99.62954711914062,-0.0176167284293324,-1.0,0.23142302967607972,0.506389154586941,0.26218782392485684,12.0,-0.030764794248777122
2018-10-12,101.4722900390625,0.0184959479713207,1.0,0.2674308617133647,0.5300083423499018,0.2025607912801206,8.0,0.06487007043324411
2018-10-15,101.23844146728516,-0.0023045559697856,-1.0,0.2302455652505159,0.26740583851933475,0.50234857480973,5.0,-0.2721030095592142
2018-10-16,103.26824188232422,0.0200497003472241,1.0,0.24889850476756686,0.4813672083296946,0.2697342819800334,14.0,-0.020835777212466544
2018-10-17,102.41703033447266,-0.008242723342008,-1.0,0.1446549536194652,0.5861588085535914,0.2691862430656328,8.0,-0.12453128944616762
2018-10-18,100.45270538330078,-0.0191796710445205,-1.0,0.21275660571140736,0.5337390955537558,0.2535043185433516,13.0,-0.04074771283194423
2018-10-19,99.4705047607422,-0.0097777418618121,-1.0,0.45926744983132395,0.33871965136911186,0.2020129063831908,7.0,0.25725454344813314
2018-10-22,99.87274169921876,0.0040437810127138,1.0,0.29486761358566577,0.2695813039317727,0.43555105151608586,4.0,-0.1406834379304201
2018-10-23,99.8914566040039,0.0001873875140177,1.0,0.2696615987058197,0.5487612209149769,0.18157718929329084,7.0,0.08808440941252885
2018-10-24,96.90753173828124,-0.029871672384874,-1.0,0.20901952489900089,0.28754086101738113,0.5034396254923195,12.0,-0.2944201005933186
2018-10-25,99.83537292480467,0.0302127309818465,1.0,0.38720969797577703,0.08291948330588633,0.529870813479647,8.0,-0.14266111550387
2018-10-26,96.72982025146484,-0.0311067368444539,-1.0,0.30646575801074505,0.455940829279522,0.23759342109163598,6.0,0.06887233691910907
2018-10-29,95.87859344482422,-0.0088000453678888,-1.0,0.31804261294504005,0.6499665544057885,0.03199083249395087,6.0,0.2860517804510892
2018-10-30,97.319091796875,0.0150241915353059,1.0,0.25410824242447105,0.1731637082993984,0.5727280495422227,7.0,-0.3186198071177516
2018-10-31,98.57254028320312,0.0128797799402435,1.0,0.09291964396834371,0.8339873552322388,0.07309303618967525,2.0,0.01982660777866846
2018-11-01,100.58365631103516,0.0204023962662827,1.0,0.34485432660828036,0.39985075934479636,0.25529491296038026,6.0,0.0895594136479001
2018-11-02,100.9952392578125,0.0040919465634119,1.0,0.3377088780204455,0.3306477544829249,0.3316433895379305,6.0,0.006065488482515036
2018-11-05,101.13555908203124,0.001389370679746,1.0,0.04591210973449047,0.3579080805182457,0.5961798248812556,10.0,-0.5502677151467652
2018-11-06,101.5845184326172,0.0044391839493547,1.0,0.0305818859487772,0.8597744107246399,0.109643654897809,2.0,-0.0790617689490318
2018-11-07,104.33462524414062,0.0270721056117189,1.0,0.5604158292214075,0.10722431416312846,0.33235988346859807,3.0,0.22805594575280946
2018-11-08,104.36266326904295,0.0002687317353824,1.0,0.1482621138649327,0.8095587491989136,0.04217916075140233,7.0,0.10608295311353039
2018-11-09,102.9128189086914,-0.0138923664358191,-1.0,0.2821894749067723,0.465956193394959,0.25185433635488147,4.0,0.03033513855189085
2018-11-12,100.8455581665039,-0.020087495067273,-1.0,0.08452718630433079,0.8107829451560974,0.10468987021595236,5.0,-0.02016268391162157
2018-11-13,100.7988052368164,-0.0004636092113279,-1.0,0.12333516904618586,0.613218723796308,0.26344609813531855,8.0,-0.1401109290891327
2018-11-14,100.04112243652344,-0.0075167835423531,-1.0,0.019226289664705565,0.11386572010815137,0.8669079542160034,3.0,-0.8476816645512979
2018-11-15,99.8914566040039,-0.0014960431158146,-1.0,0.3602283709915355,0.16069715027697382,0.4790744846686721,8.0,-0.1188461136771366
2018-11-16,99.49858856201172,-0.0039329493767381,-1.0,0.0707511275541037,0.7106432872824371,0.21860556269530204,8.0,-0.14785443514119834
2018-11-19,97.06655883789062,-0.0244428565195711,-1.0,0.11990583954112866,0.36363012343645096,0.5164640476661069,7.0,-0.3965582081249782
2018-11-20,94.86837005615234,-0.0226462007931016,-1.0,0.12405032830105883,0.5217555742710829,0.3541940886320339,9.0,-0.23014376033097506
2018-11-21,95.85987854003906,0.0104514126605088,1.0,0.09341993129679131,0.44954266239489826,0.45703738475484507,7.0,-0.36361745345805374
2018-11-23,95.42959594726562,-0.0044886619858767,-1.0,0.028827474374944914,0.33194837812334294,0.6392241317468385,12.0,-0.6103966573718935
2018-11-26,97.5716552734375,0.0224464884809485,1.0,0.21313349911096416,0.5697957228191874,0.21707076790996568,11.0,-0.003937268799001525
2018-11-27,97.86162567138672,0.0029718712584776,1.0,0.08340709496821672,0.4430634565651417,0.4735294327672039,7.0,-0.3901223377989872
2018-11-28,100.75202941894533,0.0295356195825358,1.0,0.20298807858489448,0.08859523665159938,0.7084166891872883,4.0,-0.5054286106023937
2018-11-29,100.2843246459961,-0.0046421374899003,-1.0,0.3115474046873194,0.4097591050501381,0.27869347655879595,7.0,0.032853928128523446
2018-11-30,101.0139389038086,0.007275456661727,1.0,0.5667919721454382,0.12677026260644195,0.3064377570990473,4.0,0.2603542150463909
2018-12-03,102.9034652709961,0.0187056003131094,1.0,0.11370385983692743,0.5942362102546862,0.2920599492000681,7.0,-0.17835608936314068
2018-12-04,99.19927215576172,-0.0359967772268833,-1.0,0.28234405722469086,0.399659376591444,0.3179965480230748,4.0,-0.03565249079838395
2018-12-06,99.6763153076172,0.0048089380243276,1.0,0.3146705169762884,0.5977428661925452,0.08758660099868258,7.0,0.2270839159776058
2018-12-07,96.69239044189452,-0.0299361473837973,-1.0,0.04270469932816917,0.52051544142887,0.4367798457387835,4.0,-0.3940751464106143
2018-12-10,96.7672119140625,0.0007738093124602,1.0,0.009530858136713425,0.029306042939424452,0.9611630886793137,4.0,-0.9516322305426003
2018-12-11,96.8046417236328,0.0003868026042079,1.0,0.14288554503582415,0.31614693254232407,0.5409675207920372,8.0,-0.39808197575621307
2018-12-12,97.82424926757812,0.0105326307271111,1.0,0.16382561624050135,0.7561990171670914,0.0799753624014556,4.0,0.08385025383904575
2018-12-13,97.33782958984376,-0.0049723834466018,-1.0,0.05600606789812441,0.4615520176788171,0.48244191457827884,6.0,-0.42643584668015444
2018-12-14,95.71955871582033,-0.0166253026273793,-1.0,0.3314854903146624,0.3160704157004754,0.35244407163312036,6.0,-0.02095858131845796
2018-12-17,93.28755950927734,-0.025407547205303,-1.0,0.014795290927092183,0.04341178232183055,0.9417929152647654,6.0,-0.9269976243376732
2018-12-18,94.01715850830078,0.0078209677995797,1.0,0.11391259323466904,0.27741104059598665,0.6086763815784996,11.0,-0.4947637883438305
2018-12-19,92.15569305419922,-0.0197992098850467,-1.0,0.2818253450095653,0.09531851831291402,0.6228561529091426,7.0,-0.34103080789957735
2018-12-20,90.08845520019533,-0.0224320146210402,-1.0,0.4202271797694266,0.278048283730944,0.30172454154429335,12.0,0.11850263822513324
2018-12-21,88.04692840576172,-0.0226613586601847,-1.0,0.17590166395530102,0.16857991771151618,0.6555184548099836,6.0,-0.47961679085468256
2018-12-24,86.37538146972656,-0.0189847274209484,-1.0,,,,,
2018-12-26,91.49331665039062,0.0592522440257798,1.0,0.20936677604913706,0.5417534597218037,0.24887982220388943,4.0,-0.039513046154752374
2018-12-27,91.98162078857422,0.0053370470768863,1.0,0.08765921260540681,0.4291348059972127,0.4832059789138535,6.0,-0.39554676630844665
2018-12-28,91.99102020263672,0.0001021879586586,1.0,0.17994908057153222,0.7592702209949493,0.060780694242566775,4.0,0.11916838632896545
2018-12-31,92.97705078125,0.0107187699021193,1.0,0.047555465251207296,0.6443210542201995,0.3081234563142061,2.0,-0.2605679910629988
2019-01-02,93.68132781982422,0.007574740569382,1.0,0.021755751532812867,0.0749446849028269,0.903299609820048,3.0,-0.8815438582872351
2019-01-03,91.65296173095705,-0.0216517649362133,-1.0,0.40125638650109363,0.09227498827709087,0.5064686120798191,9.0,-0.10521222557872545
2019-01-04,94.68614196777344,0.0330941868056611,1.0,0.12490282527038024,0.5881199730294091,0.2869772181979247,7.0,-0.16207439292754447
2019-01-07,96.82720947265624,0.0226122583557317,1.0,0.2883114231750369,0.16918174922466273,0.5425068166106939,5.0,-0.254195393435657
2019-01-08,97.89773559570312,0.0110560464241118,1.0,0.2095934124663472,0.27230521819243825,0.5181013715143005,6.0,-0.30850795904795325
2019-01-09,98.39543151855467,0.0050838348795616,1.0,0.37746092382197577,0.42956216757496196,0.19297689882417515,6.0,0.18448402499780062
2019-01-10,98.1137466430664,-0.0028627840860188,-1.0,0.2329003660438152,0.3143471073932372,0.45275251810940415,13.0,-0.21985215206558895
2019-01-11,98.20764923095705,0.0009570788100903,1.0,0.05996110090719798,0.5206096441085849,0.41942922983850744,7.0,-0.35946812893130947
2019-01-14,97.60663604736328,-0.0061198204854731,-1.0,0.2635299625496069,0.45725223422050476,0.27921780074636143,3.0,-0.01568783819675451
2019-01-15,98.48934936523438,0.0090435789370177,1.0,0.057890312213982796,0.5078572881008897,0.43425240846616875,7.0,-0.376362096252186
2019-01-16,98.26398468017578,-0.0022882137663724,-1.0,0.16134226545691488,0.3992797039449215,0.4393780294805765,5.0,-0.27803576402366165
2019-01-17,98.93069458007812,0.0067848856533989,1.0,0.015537467164297866,0.3305093223849932,0.6539531697829565,3.0,-0.6384157026186587
2019-01-18,100.30174255371094,0.0138586712592323,1.0,0.18520792045940948,0.17052273172885177,0.6442693580562869,6.0,-0.45906143759687745
2019-01-22,98.79925537109376,-0.0149796717819992,-1.0,0.14026439040899275,0.42618792951107026,0.4335476730018854,5.0,-0.29328328259289266
2019-01-23,98.99645233154295,0.0019959356951477,1.0,0.0937032817746512,0.3980061106849462,0.5082906258758157,8.0,-0.41458734410116455
2019-01-24,99.40963745117188,0.0041737366329568,1.0,0.39553098832922323,0.26368430815637106,0.34078473158712896,7.0,0.05474625674209427
2019-01-25,100.50836944580078,0.0110525701813224,1.0,0.4234569271405538,0.35919880618651706,0.21734423811237014,3.0,0.20611268902818364
2019-01-28,99.92613220214844,-0.0057929229860436,-1.0,0.07728524866979565,0.2883411354850977,0.6343736285343766,8.0,-0.5570883798645809
2019-01-29,99.27816772460938,-0.0064844346844952,-1.0,0.19294411541583634,0.11959834552059563,0.687457530759275,6.0,-0.4945134153434386
2019-01-30,101.2314453125,0.0196747948986013,1.0,0.23891327274031934,0.23949659243226049,0.521590132266283,4.0,-0.28267685952596366
2019-01-31,102.15172576904295,0.0090908556496656,1.0,0.1096903167884139,0.33148714023477893,0.5588225448394523,17.0,-0.44913222805103836
2019-02-01,100.6585922241211,-0.0146168215336637,-1.0,0.5097639054059983,0.4255444072186947,0.06469167396426195,5.0,0.4450722314417363
2019-02-04,101.3159408569336,0.0065304771136565,1.0,0.19680680055171246,0.6137371616704124,0.18945605068334506,7.0,0.0073507498683673955
2019-02-05,102.264404296875,0.0093614433416822,1.0,0.2197048281319439,0.4519829945638776,0.3283121960237622,10.0,-0.10860736789181832
2019-02-06,101.84183502197266,-0.0041321247388839,-1.0,0.390202428214252,0.2223251238465309,0.387472465634346,2.0,0.002729962579905987
2019-02-07,101.0060577392578,-0.0082066204181664,-1.0,0.5321701318025589,0.45142505566279095,0.016404798564811498,3.0,0.5157653332377474
2019-02-08,100.60223388671876,-0.0039980161742525,-1.0,0.06423224819203212,0.5206579230725765,0.41510982081914943,6.0,-0.35087757262711733
2019-02-11,100.78068542480467,0.0017738327588914,1.0,0.08470524847507473,0.6826507180929184,0.23264401070773597,5.0,-0.14793876223266123
2019-02-12,102.33016204833984,0.0153747378974842,1.0,0.5070066507905722,0.13649038163324193,0.35650296726574493,3.0,0.15050368352482724
2019-02-13,103.0250473022461,0.0067906200869494,1.0,0.2380852047353983,0.5257022898644209,0.2362125294283032,5.0,0.0018726753070950897
2019-02-14,102.64940643310548,-0.003646112076402,-1.0,0.044195252160231235,0.347499562613666,0.6083051988855004,15.0,-0.5641099467252692
2019-02-15,103.3537139892578,0.0068612920485935,1.0,0.25347581063397223,0.2570277149789035,0.4894964632888635,12.0,-0.23602065265489125
2019-02-19,103.77631378173828,0.0040888689546696,1.0,0.4239291399717331,0.5616998970508575,0.01437094295397395,2.0,0.40955819701775914
2019-02-20,103.98291015625,0.001990785440175,1.0,0.014676990918815101,0.24331622570753092,0.7420067489147186,2.0,-0.7273297579959035
2019-02-21,103.77631378173828,-0.0019868300877642,-1.0,0.03206554967910048,0.42349885031580925,0.5444356231018901,5.0,-0.5123700734227896
2019-02-22,104.33975982666016,0.005429428203693,1.0,0.17036238312721252,0.7041701525449753,0.12546744092833245,4.0,0.04489494219888007
2019-02-25,103.99227905273438,-0.003330281519749,-1.0,0.017197600100189427,0.3364089280366897,0.6463934993371367,4.0,-0.6291958992369473
2019-02-26,104.13314819335938,0.0013546115337423,1.0,0.2097132863476872,0.27431639619171616,0.5159703362733126,10.0,-0.30625704992562536
2019-02-27,104.05802917480467,-0.0007213747001599,-1.0,0.27720403857529163,0.4186715863179415,0.30412437627092004,8.0,-0.026920337695628405
2019-02-28,103.49457550048828,-0.0054148024788155,-1.0,0.2903583773544856,0.29736992663570805,0.4122717119753361,7.0,-0.12191333462085047
2019-03-01,104.33036041259766,0.0080756397914345,1.0,0.1352442319039255,0.31944819431131083,0.5453075523643444,12.0,-0.4100633204604188
2019-03-04,104.0016632080078,-0.0031505422131195,-1.0,0.0705292392522096,0.9097340703010559,0.01973670674487945,2.0,0.050792532507330145
2019-03-05,104.26461029052734,0.0025282968984221,1.0,0.24019029228524724,0.30141359398310835,0.4583961115303365,11.0,-0.21820581924508925
2019-03-06,103.77631378173828,-0.0046832430239603,-1.0,0.2145559742218918,0.5001954833666482,0.28524855751958156,9.0,-0.07069258329768977
2019-03-07,102.51793670654295,-0.0121258602212633,-1.0,0.2360336013138294,0.2874225631356239,0.47654384281486273,5.0,-0.24051024150103334
2019-03-08,101.80426788330078,-0.0069614044738829,-1.0,0.11876864638179536,0.29084474686533207,0.590386592472593,6.0,-0.4716179460907976
2019-03-11,103.20348358154295,0.0137441752426932,1.0,0.19470299743115896,0.4404793944209814,0.3648176148533821,5.0,-0.17011461742222314
2019-03-12,103.49457550048828,0.0028205629194224,1.0,0.0795434339670464,0.5681938091292977,0.352262755157426,8.0,-0.2727193211903796
2019-03-13,103.8608169555664,0.0035387502514698,1.0,0.4289998104795813,0.08244008664041749,0.48856013827025885,2.0,-0.05956032779067755
2019-03-14,103.55091857910156,-0.0029837852767653,-1.0,0.21634834570189312,0.5199707353280649,0.26368090303407776,9.0,-0.04733255733218464
2019-03-15,104.2152099609375,0.0064151181945188,1.0,0.06919297091662881,0.6600628234446049,0.2707441909238696,5.0,-0.2015512200072408
2019-03-18,105.22344970703124,0.0096745930509725,1.0,0.07782161918779211,0.8021798580884933,0.11999852745793758,6.0,-0.042176908270145474
2019-03-19,105.7511215209961,0.0050147739447246,1.0,0.18560917169920033,0.40925293389175615,0.40513788775673937,7.0,-0.21952871605753904
2019-03-20,105.90189361572266,0.0014257257280871,1.0,0.18306923822428167,0.373454902607661,0.4434758779377891,13.0,-0.2604066397135074
2019-03-21,107.3530044555664,0.0137024069192688,1.0,0.058077168857885685,0.4821531646367576,0.4597696540877223,9.0,-0.40169248522983664
2019-03-22,105.22344970703124,-0.0198369366496546,-1.0,0.29277835496597815,0.2657345748609966,0.4414870776236057,9.0,-0.14870872265762752
2019-03-25,105.8453369140625,0.0059101579425759,1.0,0.0648135705851018,0.4636936550959944,0.4714927622117102,8.0,-0.4066791916266084
2019-03-26,106.2976531982422,0.0042733699694956,1.0,0.4257285331065456,0.2648835101475318,0.3093879610920946,6.0,0.11634057201445103
2019-03-27,106.0809326171875,-0.0020388087086976,-1.0,0.12831735497133598,0.2768346059860455,0.5948480260558426,9.0,-0.46653067108450663
2019-03-28,106.7216567993164,0.0060399561572586,1.0,0.24132136069238183,0.39950835252446787,0.3591702819934913,7.0,-0.1178489213011095
2019-03-29,107.27760314941406,0.005209311462837,1.0,0.3783185557861413,0.5061438285878727,0.1155376130315874,14.0,0.26278094275455394
2019-04-01,108.45545196533205,0.0109794475392734,1.0,0.22679608727672268,0.3376749714038202,0.4355289355984756,7.0,-0.20873284832175293
2019-04-02,108.43657684326172,-0.0001740357144641,-1.0,0.05910314526408905,0.33002872765064234,0.6108681419864297,6.0,-0.5517649967223406
2019-04-03,109.19984436035156,0.00703883817905,1.0,0.2526677070328822,0.38848031140290773,0.3588519930266417,13.0,-0.10618428599375951
2019-04-04,110.08558654785156,0.008111203753891,1.0,0.25079503204100406,0.2123933092046242,0.5368116763062202,13.0,-0.2860166442652161
2019-04-05,110.73575592041016,0.0059060354125104,1.0,0.15715490712318567,0.3127876927610487,0.530057402793318,8.0,-0.37290249567013234
2019-04-08,111.13150787353516,0.0035738407150933,1.0,0.25925027695484454,0.4477681037969887,0.2929816271644085,4.0,-0.03373135020956397
2019-04-09,110.13268280029295,-0.0089877757654367,-1.0,0.04566552689565074,0.47887059833322254,0.4754638614665185,7.0,-0.42979833457086775
2019-04-10,110.66034698486328,0.0047911679907695,1.0,0.1955666523426771,0.5082318666391075,0.2962014970835298,8.0,-0.10063484474085269
2019-04-11,110.8017120361328,0.001277467992115,1.0,0.2520178743638098,0.5104899521917104,0.23749215714633465,10.0,0.014525717217475143
2019-04-12,111.48956298828124,0.0062079451617509,1.0,0.2829186301678419,0.42982532795179973,0.2872560576281764,11.0,-0.0043374274603344976
2019-04-15,111.7156982421875,0.0020283087299395,1.0,0.06783071362103019,0.38561556426187354,0.5465536771031717,6.0,-0.4787229634821415
2019-04-16,112.2056884765625,0.0043860463845712,1.0,0.24607887975871562,0.3933656834065914,0.36055543757975095,5.0,-0.11447655782103533
2019-04-17,112.42237854003906,0.0019311860781623,1.0,0.3715949771417813,0.273460969667543,0.3549440511586991,11.0,0.01665092598308221
2019-04-18,112.38471221923828,-0.0003350429095161,-1.0,0.3869884497253224,0.30913854495156556,0.3038730034604668,16.0,0.08311544626485562
2019-04-22,111.960693359375,-0.0037729229491295,-1.0,0.11455574873834844,0.6580261642113328,0.2274180852808058,10.0,-0.11286233654245735
2019-04-23,113.2987060546875,0.0119507360589283,1.0,0.21864585636649278,0.5129784641321748,0.2683756701881066,8.0,-0.049729813821613816
2019-04-24,113.40237426757812,0.00091499908958,1.0,0.18836864251643418,0.3067977954943974,0.5048335451011856,15.0,-0.31646490258475146
2019-04-25,112.80874633789062,-0.0052347045952213,-1.0,0.20174831001517862,0.3879547563309853,0.4102969300718261,13.0,-0.20854862005664748
2019-04-26,113.70388793945312,0.0079350372255828,1.0,0.1758667474540953,0.3593565824513252,0.46477666658420974,13.0,-0.28890991913011443
2019-04-29,113.30814361572266,-0.0034804818982197,-1.0,0.3551306339213624,0.25446650851517916,0.39040286431554705,8.0,-0.035272230394184645
2019-04-30,113.13853454589844,-0.0014968833166963,-1.0,0.5854013594133514,0.17329573258757588,0.24130291225654735,7.0,0.34409844715680404
2019-05-01,111.76282501220705,-0.0121595134603169,-1.0,0.3339725829816113,0.2971843329723924,0.36884308489970863,12.0,-0.03487050191809732
2019-05-02,111.84762573242188,0.0007587560551154,1.0,0.25273512540893117,0.4753325754268603,0.2719323098320852,11.0,-0.019197184423154046
2019-05-03,113.16680145263672,0.0117944007445518,1.0,0.43716518860310316,0.2777540398140748,0.2850807577682038,6.0,0.15208443083489936
2019-05-06,112.47894287109376,-0.0060782718316099,-1.0,0.21830211686236514,0.6861273050308228,0.09557057890508851,7.0,0.12273153795727663
2019-05-07,110.77345275878906,-0.0151627501892445,-1.0,0.06255438635972409,0.49579720283773815,0.44164841825311824,11.0,-0.37909403189339413
2019-05-08,110.81111145019533,0.0003399613397288,1.0,0.18892362993210549,0.30614562928676603,0.5049307540059089,10.0,-0.31600712407380344
2019-05-09,110.35882568359376,-0.0040815921858599,-1.0,0.21291147037926644,0.3613204501776231,0.42576809217118555,9.0,-0.2128566217919191
2019-05-10,110.51903533935548,0.001451715843924,1.0,0.1869909174015952,0.41075360671513605,0.40225547966029906,18.0,-0.21526456225870386
2019-05-13,107.23048400878906,-0.0297555196755809,-1.0,0.2816956130554899,0.5153992311097682,0.20290514151565728,8.0,0.07879047153983262
2019-05-14,108.3141098022461,0.0101055758861277,1.0,0.18890728969126935,0.38463036511093374,0.4264623551629484,10.0,-0.23755506547167904
2019-05-15,109.049072265625,0.0067854729611938,1.0,0.22234416501596566,0.4697272339835763,0.3079286096617579,10.0,-0.08558444464579223
2019-05-16,110.05731201171876,0.0092457434542667,1.0,0.3872132748365402,0.5890717804431915,0.023714931681752132,3.0,0.3634983431547881
2019-05-17,109.21869659423828,-0.0076198064640283,-1.0,0.3926880250551871,0.45454048684665127,0.15277150299932268,7.0,0.2399165220558644
2019-05-20,108.4460220336914,-0.007074563098088,-1.0,0.03612252287566658,0.19952045455574985,0.764357042312622,5.0,-0.7282345194369555
2019-05-21,109.19984436035156,0.0069511293501016,1.0,0.27731818740721786,0.3088569592218846,0.4138248573290184,8.0,-0.13650666992180055
2019-05-22,108.07852172851562,-0.0102685369050129,-1.0,0.28528705174103375,0.2739530447870493,0.4407599146012216,10.0,-0.15547286286018785
2019-05-23,106.74053192138672,-0.0123797937437544,-1.0,0.3364778505638242,0.528744546075662,0.13477758690714833,12.0,0.20170026365667584
2019-05-24,106.88184356689452,0.001323879907324,1.0,0.058579663746058865,0.22320941711465514,0.7182109554608663,3.0,-0.6596312917148075
2019-05-28,106.17514038085938,-0.0066120040827405,-1.0,0.2079593737144023,0.511400940362364,0.2806397021049633,8.0,-0.07268032839056102
2019-05-29,105.23287200927734,-0.0088746609441912,-1.0,0.25313731888309116,0.3565382151864469,0.39032446185592556,8.0,-0.1371871429728344
2019-05-30,105.92073059082033,0.0065365371904164,1.0,0.30617842415813357,0.3987842579372227,0.29503730434225867,8.0,0.0111411198158749
2019-05-31,104.5355987548828,-0.0130770608190798,-1.0,0.13946561528635873,0.40596924748803886,0.45456514893365757,7.0,-0.3150995336472988
2019-06-03,103.6593017578125,-0.0083827615425541,-1.0,0.0959447521017864,0.5531057741027325,0.35094944224692876,8.0,-0.2550046901451424
2019-06-04,106.4672622680664,0.027088360259404,1.0,0.13868995135029152,0.26542111030883253,0.5958889248884387,9.0,-0.4571989735381472
2019-06-05,106.9949188232422,0.0049560451159835,1.0,0.09701386652886863,0.323677035793662,0.5793091056868434,5.0,-0.48229523915797473
2019-06-06,107.54145050048828,0.0051080152520976,1.0,0.3134783934801817,0.48386910557746887,0.20265249318132794,3.0,0.11082590029885375
2019-06-07,109.09620666503906,0.0144572735193275,1.0,0.2737662391737103,0.4686063453555107,0.2576274438761174,4.0,0.01613879529759288
2019-06-10,110.01961517333984,0.008464166963531,1.0,0.2459782611889143,0.10653032362461086,0.6474914510423938,3.0,-0.4015131898534795
2019-06-11,110.44363403320312,0.0038540296582134,1.0,0.144955989671871,0.44637588667683303,0.40866813645698125,8.0,-0.26371214678511024
2019-06-12,110.41536712646484,-0.0002559396653842,-1.0,0.052938722446560796,0.3811268098652362,0.565934469178319,5.0,-0.5129957467317582
2019-06-13,111.40476989746094,0.0089607343320505,1.0,0.22191095268353817,0.4714782513678074,0.3066107969731092,10.0,-0.08469984428957106
2019-06-14,111.64974975585938,0.0021990069062924,1.0,0.479321020655334,0.4544907175004482,0.06618827162310474,4.0,0.41313274903222924
2019-06-17,111.69686889648438,0.0004220263881291,1.0,0.40325676649808884,0.543704628944397,0.05303861107677215,2.0,0.3502181554213167
2019-06-18,112.544921875,0.0075924507722913,1.0,0.04796327166259284,0.3642640382051467,0.5877727098762989,5.0,-0.5398094382137061
2019-06-19,112.75221252441406,0.0018418480901722,1.0,0.070238781782488,0.5300588570535183,0.3997023527820905,3.0,-0.3294635709996025
2019-06-20,113.5342788696289,0.0069361507655161,1.0,0.12455617977927125,0.36207519719998044,0.5133686065673828,3.0,-0.38881242678811156
2019-06-21,113.0085678100586,-0.0046304170406012,-1.0,0.5415148735046387,0.4442564845085144,0.0142286578193306,1.0,0.5272862156853081
2019-06-24,112.40345001220705,-0.0053546187654427,-1.0,0.2988109560683369,0.14072096099456147,0.5604681099454561,3.0,-0.26165715387711924
2019-06-25,111.3255386352539,-0.0095896645239632,-1.0,0.0207208826517065,0.030512635906537338,0.9487664500872294,3.0,-0.9280455674355229
2019-06-26,111.6848602294922,0.0032276654453526,1.0,0.03716168496757742,0.2741762522608041,0.6886620543897152,5.0,-0.6515003694221377
2019-06-27,112.38455200195312,0.0062648757497048,1.0,0.1962309071927198,0.5145007047270026,0.28926841455644786,7.0,-0.09303750736372807
2019-06-28,112.70600128173828,0.0028602621450994,1.0,0.2961446198945244,0.25168739507595694,0.4521679530541102,3.0,-0.15602333315958583
2019-07-01,113.69879913330078,0.0088087399097829,1.0,0.024242665618657996,0.3810756485909223,0.5946816504001617,2.0,-0.5704389847815038
2019-07-02,113.94464874267578,0.0021622885311811,1.0,0.324903298014154,0.22207609688242272,0.4530206061899662,6.0,-0.12811730817581218
2019-07-03,114.93740844726562,0.0087126487776694,1.0,0.22637214294324315,0.19795177007714906,0.5756760612130165,6.0,-0.34930391826977336
2019-07-05,115.06979370117188,0.0011518030177877,1.0,0.39753471195165596,0.3239129172371967,0.27855240327439135,7.0,0.11898230867726461
2019-07-08,115.21166229248048,0.0012328916803052,1.0,0.06289193127304313,0.6778247803449631,0.2592832697555422,4.0,-0.1963913384824991
2019-07-09,115.33455657958984,0.0010666827009002,1.0,0.20572705874219532,0.3999621160328388,0.39431081674993035,10.0,-0.18858375800773503
2019-07-10,115.75057983398438,0.0036070997863284,1.0,0.1003548062096039,0.5970937249561151,0.30255147535353893,3.0,-0.20219666914393503
2019-07-11,115.9869613647461,0.0020421628219984,1.0,0.0967184286564588,0.4269432760775089,0.47633831622079015,4.0,-0.37961988756433135
2019-07-12,117.32015228271484,0.0114943171394605,1.0,0.3892594277858734,0.3918930515646934,0.21884753648191685,2.0,0.17041189130395656
2019-07-15,117.6983642578125,0.0032237596673609,1.0,0.26748686480439365,0.2941097702003187,0.43840335547510123,9.0,-0.17091649067070758
2019-07-16,117.54705810546876,-0.0012855416750933,-1.0,0.2060706166666932,0.19400681066326794,0.5999225595151074,16.0,-0.3938519428484142
2019-07-17,116.42190551757812,-0.0095719331987117,-1.0,0.13590946545203522,0.30160890043609667,0.5624816560496887,9.0,-0.4265721905976535
2019-07-18,116.27061462402344,-0.0012995053884583,-1.0,0.29881139732897277,0.1739297609776258,0.527258850634098,5.0,-0.22844745330512528
2019-07-19,115.50477600097656,-0.0065866911043974,-1.0,0.14145076616356766,0.4857184390227,0.37283079357196885,3.0,-0.2313800274084012
2019-07-22,115.5709457397461,0.000572874482428,1.0,0.297187902033329,0.6916778236627579,0.0111342659220099,2.0,0.2860536361113191
2019-07-23,116.35572052001952,0.0067904158372178,1.0,0.619118768411378,0.058646650364001525,0.32223460761209327,3.0,0.29688416079928476
2019-07-24,116.9419403076172,0.0050381690300893,1.0,0.1457708522987862,0.5096674105152488,0.344561722750465,6.0,-0.19879087045167879
2019-07-25,116.28953552246094,-0.0055788777186362,-1.0,0.18792816401960755,0.2576071629300713,0.5544646816471448,13.0,-0.36653651762753725
2019-07-26,116.81902313232422,0.0045531836332859,1.0,0.12742038816213605,0.314849687119325,0.5577298775315285,3.0,-0.4303094893693924
2019-07-29,116.251708984375,-0.0048563507272835,-1.0,0.24946993752382696,0.48836522984007996,0.26216482068412,12.0,-0.012694883160293047
2019-07-30,115.46693420410156,-0.0067506515571217,-1.0,0.5120466940104962,0.18733377307653426,0.30061953328549856,5.0,0.21142716072499762
2019-07-31,114.14319610595705,-0.0114642179362332,-1.0,0.18940027561038728,0.42471079453825944,0.38588893441483374,10.0,-0.19648865880444646
2019-08-01,112.5925521850586,-0.0135850753597176,-1.0,0.15662425203481684,0.2970749939559027,0.5463007522630505,16.0,-0.3896765002282337
2019-08-02,111.66593933105467,-0.0082297881700108,-1.0,0.047248310099045364,0.340676499530673,0.6120752105489373,3.0,-0.5648269004498919
2019-08-05,108.66864776611328,-0.0268415918309284,-1.0,0.029426432447507922,0.2532910457812249,0.7172825215384364,4.0,-0.6878560890909284
2019-08-06,110.32329559326172,0.0152265429004851,1.0,0.1630664450737337,0.2299122412999471,0.6070212610065937,6.0,-0.44395481593286
2019-08-07,110.7677001953125,0.0040282027441349,1.0,0.27072639121777475,0.3974258539577325,0.3318477627924747,9.0,-0.061121371574699934
2019-08-08,112.90454864501952,0.0192912595092178,1.0,0.2712538524397782,0.25502118734376766,0.47372497910899775,7.0,-0.20247112666921957
2019-08-09,111.84558868408205,-0.0093792497613796,-1.0,0.0316348953172564,0.28363802134990684,0.6847270602360368,5.0,-0.6530921649187804
2019-08-12,110.21929168701172,-0.0145405555659772,-1.0,0.0642558720428496,0.4014168917201459,0.5343272244790569,8.0,-0.4700713524362073
2019-08-13,112.03470611572266,0.0164709317300473,1.0,0.12751185707747933,0.8368215262889862,0.035666616400703725,4.0,0.0918452406767756
2019-08-14,108.5268096923828,-0.0313108013129118,-1.0,0.22669598013162612,0.36734143458306784,0.4059625666588545,5.0,-0.17926658652722838
2019-08-15,108.34717559814452,-0.0016552047807122,-1.0,0.6131198925431818,0.05636647762730709,0.33051363006234163,4.0,0.28260626248084014
2019-08-16,109.57634735107422,0.0113447512234989,1.0,0.19616463274828022,0.27107953546302654,0.5327558365783521,7.0,-0.3365912038300719
2019-08-19,110.9568099975586,0.0125981809017732,1.0,0.037897216156125055,0.34634864889085293,0.6157541573047638,2.0,-0.5778569411486387
2019-08-20,110.98514556884766,0.0002553747831222,1.0,0.12712409198284144,0.2594420462846756,0.6134338803589344,5.0,-0.48630978837609296
2019-08-21,113.1220474243164,0.0192539447014841,1.0,0.5953455738490447,0.16715399548411367,0.23750041960738597,8.0,0.35784515424165875
2019-08-22,113.15039825439452,0.0002506216137669,1.0,0.11478304783148423,0.5268516710826329,0.35836527509880917,7.0,-0.24358222726732492
2019-08-23,110.14366149902344,-0.0265729224267604,-1.0,0.08792227746120518,0.5030862758202213,0.40899143221655054,7.0,-0.32106915475534537
2019-08-26,111.2309799194336,0.0098718201811349,1.0,0.2963547559144596,0.5304776156942049,0.17316761457671717,6.0,0.12318714133774242
2019-08-27,110.68258666992188,-0.0049302204287773,-1.0,0.04066057279705998,0.2635203525424003,0.695819074101746,5.0,-0.6551585013046861
2019-08-28,112.06307220458984,0.0124724726463509,1.0,0.22486720681190486,0.3944754738360643,0.38065731688402593,10.0,-0.15579011007212107
2019-08-29,113.74610137939452,0.0150185885653038,1.0,0.0345928929746151,0.8522440791130066,0.1131630316376686,1.0,-0.0785701386630535
2019-08-30,113.06531524658205,-0.0059851381678721,-1.0,0.0904366303235292,0.5490025721490384,0.3605607882142067,5.0,-0.27012415789067745
2019-09-03,112.6020050048828,-0.0040977221059245,-1.0,0.14186074425067216,0.2378877686070544,0.620251491399748,7.0,-0.4783907471490758
2019-09-04,113.71771240234376,0.0099084150181214,1.0,0.39025449845939875,0.24669487494975326,0.3630506042391062,4.0,0.027203894220292568
2019-09-05,115.89241790771484,0.0191237183674322,1.0,0.27778414543718094,0.4921442810446024,0.2300715593155473,4.0,0.04771258612163365
2019-09-06,116.17607879638672,0.0024476224915572,1.0,0.0108888009563088,0.0188467390835285,0.970264494419098,1.0,-0.9593756934627892
2019-09-09,116.6204605102539,0.0038250706898621,1.0,0.12407376822084185,0.4017794582992792,0.47414677739143374,5.0,-0.3500730091705919
2019-09-10,116.15715789794922,-0.0039727386624747,-1.0,0.27106669917702675,0.7109165638685226,0.018016722053289375,4.0,0.2530499771237374
2019-09-11,116.37462615966795,0.0018721899334848,1.0,0.01784080080687995,0.0669382084161043,0.9152209758758545,2.0,-0.8973801750689745
2019-09-12,116.93245697021484,0.0047934058218286,1.0,0.3097386487449209,0.34872407590349513,0.34153726096782416,9.0,-0.031798612222903255
2019-09-13,116.69610595703124,-0.0020212609852524,-1.0,0.39959123575439054,0.3943592781821887,0.20604949832583463,6.0,0.1935417374285559
2019-09-16,115.2021942138672,-0.0128017274519349,-1.0,0.3243838176131248,0.5443130234877268,0.13130318497618038,3.0,0.19308063263694442
2019-09-17,115.90186309814452,0.0060733989404613,1.0,0.06874174848198887,0.6179355639964342,0.3133226629346609,5.0,-0.244580914452672
2019-09-18,115.84513854980467,-0.0004894187791598,-1.0,0.2521491183766297,0.3346006806407656,0.4132502089653696,7.0,-0.16110109058873995
2019-09-19,115.53311920166016,-0.0026934177130822,-1.0,0.193713703751564,0.580521135032177,0.22576516568660732,10.0,-0.032051461935043324
2019-09-20,114.20879364013672,-0.0114627352803645,-1.0,0.058454140887728726,0.44214606285095215,0.499399763665029,7.0,-0.44094562277730026
2019-09-23,114.6072235107422,0.0034886093960584,1.0,0.13124818354845047,0.6824265122413635,0.18632533401250834,2.0,-0.05507715046405787
2019-09-24,113.38346099853516,-0.010677882900569,-1.0,0.1675057143771222,0.31792769421424183,0.5145665896790368,14.0,-0.3470608753019146
2019-09-25,114.4175033569336,0.0091198694173906,1.0,0.20327721780631686,0.5612345696426928,0.23548819252755493,8.0,-0.03221097472123807
2019-09-26,113.92420196533205,-0.004311415448934,-1.0,0.26873306860215956,0.3024558508768677,0.42881106410641223,8.0,-0.16007799550425267
2019-09-27,113.52574920654295,-0.0034975251256124,-1.0,0.10505073082943754,0.29151861742138857,0.603430662304163,3.0,-0.4983799314747254
2019-09-30,114.5028839111328,0.0086071636736093,1.0,0.015690486645325977,0.13742278236895797,0.8468867391347885,4.0,-0.8311962524894625
2019-10-01,113.54473114013672,-0.0083679357084116,-1.0,0.1940756166692484,0.5369991663504731,0.26892522036690597,11.0,-0.07484960369765756
2019-10-02,111.505126953125,-0.017963001598854,-1.0,0.12010915561889603,0.22641726210713384,0.6534735560417174,6.0,-0.5333644004228214
2019-10-03,112.0458526611328,0.0048493349389675,1.0,0.11117416382249853,0.4729825405197011,0.41584328220536304,9.0,-0.3046691183828645
2019-10-04,113.09884643554688,0.0093978826471936,1.0,0.24001946970820426,0.24207527935504908,0.5179052805528045,5.0,-0.27788581084460023
2019-10-07,112.6055679321289,-0.0043614812967971,-1.0,0.1295754304155707,0.2483468074351549,0.6220777283112208,3.0,-0.49250229789565003
2019-10-08,111.41974639892578,-0.0105307539847218,-1.0,0.0777171038091182,0.8310035943984986,0.0912792822346091,5.0,-0.0135621784254909
2019-10-09,112.36840057373048,0.0085142374261752,1.0,0.25424195174127817,0.43619040586054325,0.3095676461234689,4.0,-0.055325694382190704
2019-10-10,113.11783599853516,0.006669449960827,1.0,0.48593231197446585,0.0989952702075243,0.4150724336504936,2.0,0.07085987832397223
2019-10-11,114.3985366821289,0.0113218280060656,1.0,0.2633179407566785,0.3989238269965757,0.33775824850255787,11.0,-0.07444030774587934
2019-10-14,114.34158325195312,-0.0004978510375008,-1.0,0.10907388079379284,0.720459350517818,0.1704667694866657,7.0,-0.06139288869287286
2019-10-15,115.34718322753906,0.0087947004666717,1.0,0.2697765718912706,0.35961562371812755,0.3706078042741865,8.0,-0.10083123238291591
2019-10-16,115.82151794433594,0.0041122349373818,1.0,0.13534863272474867,0.3714953327758444,0.4931560626460446,9.0,-0.35780742992129594
2019-10-17,116.12506866455078,0.0026208490926593,1.0,0.25278504285961384,0.5003469176590443,0.24686805822420863,8.0,0.005916984635405215
2019-10-18,115.89739990234376,-0.0019605479232454,-1.0,0.11529479206850128,0.5297834922870001,0.3549217260442674,6.0,-0.23962693397576612
2019-10-21,116.3053207397461,0.0035196720353178,1.0,0.0430357418954372,0.0420569591224193,0.9149073362350464,1.0,-0.8718715943396091
2019-10-22,115.5653839111328,-0.0063620204467604,-1.0,0.0282722120173275,0.4891607705503702,0.48256703559309244,4.0,-0.45429482357576495
2019-10-23,115.03412628173828,-0.0045970308012219,-1.0,0.08271478692768136,0.42836307757534087,0.48892214975785464,8.0,-0.4062073628301733
2019-10-24,114.97720336914062,-0.0004948350062505,-1.0,0.31081761020634857,0.21337275020778176,0.4758096496973719,7.0,-0.1649920394910233
2019-10-25,114.84439849853516,-0.0011550539299437,-1.0,0.13914198707789177,0.31323359850794075,0.5476244255900383,10.0,-0.40848243851214655
2019-10-28,115.20489501953124,0.0031389996004087,1.0,0.2381382169468062,0.3858276206467833,0.3760341741144657,7.0,-0.1378959571676595
2019-10-29,114.55030822753906,-0.0056819355799178,-1.0,0.24083668558159838,0.30264107917901123,0.4565222350647673,16.0,-0.21568554948316893
2019-10-30,115.2618179321289,0.0062113294638763,1.0,0.38672491696409206,0.29304695992984553,0.32022811819545244,11.0,0.06649679876863962
2019-10-31,114.64517974853516,-0.0053498911838858,-1.0,0.25624691855839704,0.11722726781259878,0.6265257977965203,11.0,-0.37027887923812325
2019-11-01,115.40410614013672,0.0066197845671855,1.0,0.15970620117150242,0.6025963416323066,0.2376974730286747,8.0,-0.07799127185717228
2019-11-04,115.4610366821289,0.0004933146999384,1.0,0.04910717718303199,0.3537220146196583,0.5971707990393043,6.0,-0.5480636218562722
2019-11-05,115.63176727294922,0.0014786857603776,1.0,0.041476909653283586,0.35713193961419165,0.6013911501504481,8.0,-0.5599142404971645
2019-11-06,115.7551040649414,0.0010666341516778,1.0,0.17113014846108848,0.48101435368880624,0.3478555021574721,8.0,-0.1767253536963836
2019-11-07,115.06256866455078,-0.0059827634036948,-1.0,0.16589513242555157,0.20372187726510063,0.6303830036194995,12.0,-0.46448787119394797
2019-11-08,115.11001586914062,0.0004123600328111,1.0,0.07225779406726356,0.4558807710185647,0.4718614624813199,10.0,-0.3996036684140563
2019-11-11,114.87286376953124,-0.0020602212398179,-1.0,0.20701368166399853,0.4851549438067844,0.30783136734472855,7.0,-0.10081768568073002
2019-11-12,114.79695892333984,-0.0006607726463899,-1.0,0.23502464778721327,0.2804071955382824,0.4845681544393301,5.0,-0.24954350665211683
2019-11-13,114.4364776611328,-0.0031401638648613,-1.0,0.21757003983580747,0.4867460270853419,0.29568392643705005,19.0,-0.07811388660124258
2019-11-14,114.92976379394533,0.0043105672500094,1.0,0.2432289281859994,0.1553145200014114,0.6014565685763955,6.0,-0.3582276403903961
2019-11-15,115.1384735107422,0.0018159762093574,1.0,0.21634252974763507,0.44166434463113546,0.3419931162148714,10.0,-0.1256505864672363
2019-11-18,115.5369110107422,0.0034605070559914,1.0,0.1241000177604811,0.3147677124610969,0.5611322697784219,7.0,-0.4370322520179408
2019-11-19,114.26570892333984,-0.0110025625255306,-1.0,0.07583594843745228,0.2878745317459106,0.6362894991412759,5.0,-0.5604535507038235
2019-11-20,114.00009155273438,-0.0023245588996754,-1.0,0.23427859161581308,0.46032236622912537,0.3053990594510521,7.0,-0.07112046783523904
2019-11-21,113.35498809814452,-0.005658797688697,-1.0,0.07386362755840471,0.538821209052747,0.3873151523823088,11.0,-0.3134515248239041
2019-11-22,114.1329116821289,0.0068627203534339,1.0,0.10067179020155556,0.5542377109893344,0.34509049796245317,11.0,-0.2444187077608976
2019-11-25,115.1384735107422,0.008810445767071,1.0,0.19863653428513892,0.43764572573656385,0.36371775750409474,11.0,-0.16508122321895582
2019-11-26,115.92584991455078,0.0068385169596252,1.0,0.28601231092276674,0.459092670896401,0.2548950120496253,12.0,0.031117298873141463
2019-11-27,116.92195892333984,0.0085926392562425,1.0,0.3512775637209415,0.5567734055221081,0.09194902656599872,4.0,0.25932853715494275
2019-11-29,116.1630401611328,-0.0064908146356377,-1.0,0.061396798620430286,0.37398317427589345,0.5646200248828301,13.0,-0.5032232262623999
2019-12-02,115.20489501953124,-0.0082482788008345,-1.0,0.48777054995298386,0.302294229157269,0.2099351994693279,4.0,0.27783535048365593
2019-12-03,114.04751586914062,-0.0100462671329581,-1.0,0.34469239672438967,0.37180087467034656,0.28350673336535687,9.0,0.061185663359032805
2019-12-04,114.68313598632812,0.0055732920821951,1.0,0.15806253468617792,0.3174721330404281,0.5244653363712132,10.0,-0.36640280168503525
2019-12-05,114.56928253173828,-0.000992765445509,-1.0,0.2661251262096422,0.33224099182656835,0.40163388023419033,7.0,-0.13550875402454815
2019-12-06,115.48948669433594,0.0080318575997255,1.0,0.27568248606153894,0.44540815693991526,0.27890937110143044,7.0,-0.0032268850398914917
2019-12-09,115.63176727294922,0.0012319786214813,1.0,0.11437157355248924,0.34730970263481137,0.5383187400177121,5.0,-0.42394716646522285
2019-12-10,115.43254852294922,-0.0017228721371156,-1.0,0.1278601690428331,0.21370261395350096,0.6584372270153835,8.0,-0.5305770579725504
2019-12-11,115.72663879394533,0.0025477239717845,1.0,0.2693024542596605,0.4729774354232682,0.2577200968646341,9.0,0.011582357395026388
2019-12-12,116.74169921875,0.0087711907593897,1.0,0.2413262445479631,0.614886924624443,0.14378681164234872,5.0,0.09753943290561437
2019-12-13,116.8460693359375,0.0008940260239995,1.0,0.10480832960456606,0.27076901751570404,0.6244226316921413,8.0,-0.5196143020875752
2019-12-16,117.35832977294922,0.0043840622104194,1.0,0.10122862985978516,0.37116218109925586,0.5276091744502386,3.0,-0.42638054459045344
2019-12-17,117.88011169433594,0.0044460578332718,1.0,0.2897983961738646,0.2772420225664973,0.4329596213065088,4.0,-0.14316122513264418
2019-12-18,117.99393463134766,0.0009655821951277,1.0,0.24139441363513467,0.23748669507248055,0.5211188936872142,7.0,-0.2797244800520795
2019-12-19,118.36390686035156,0.0031355190430746,1.0,0.2772950750908681,0.18520644599837913,0.5374984868602561,14.0,-0.26020341176938805
2019-12-20,118.54475402832033,0.0015278911685647,1.0,0.2882306238946815,0.4008563185731569,0.310913050857683,6.0,-0.02268242696300149
2019-12-23,118.2687530517578,-0.0023282428549861,-1.0,0.21500842832028863,0.5308775454759598,0.25411403272300953,6.0,-0.0391056044027209
2019-12-24,118.53524017333984,0.0022532335439895,1.0,,,,,
2019-12-26,119.98194885253906,0.0122048825065324,1.0,0.39225000692531464,0.1506590031087398,0.45709099993109703,10.0,-0.06484099300578239
2019-12-27,119.97244262695312,-7.923046488955698e-05,-1.0,0.11231920309364794,0.5850467681884766,0.3026340077631175,2.0,-0.19031480466946954
2019-12-30,119.20147705078124,-0.0064261888754666,-1.0,0.5538920820025461,0.18080604901271205,0.2653018289378711,7.0,0.28859025306467506
2019-12-31,119.372802734375,0.0014372781934637,1.0,0.46034884599170517,0.17581544044826708,0.363835713959166,7.0,0.0965131320325392
2020-01-02,120.79096221923828,0.0118800887000947,1.0,0.208271546754986,0.31442464911378915,0.47730380576103926,8.0,-0.26903225900605326
2020-01-03,119.7630386352539,-0.0085099378719963,-1.0,0.32519667092710736,0.44641420505940915,0.22838911898434153,5.0,0.09680755194276583
2020-01-06,120.0961456298828,0.0027813839597323,1.0,0.25357863306999207,0.5131035894155502,0.23331777658313507,5.0,0.020260856486856993
2020-01-07,119.90579223632812,-0.0015850083494045,-1.0,0.2988684602314606,0.36299528600648046,0.3381362734362483,8.0,-0.03926781320478773
2020-01-08,120.2674560546875,0.0030162330911134,1.0,0.19349645984105085,0.3202877033671195,0.48621584043245425,11.0,-0.2927193805914034
2020-01-09,120.9051742553711,0.0053025001243363,1.0,0.2559046369384635,0.3023204160007563,0.44177495992996474,11.0,-0.18587032299150125
2020-01-10,120.24845123291016,-0.0054317197465332,-1.0,0.21542584076523777,0.5224530383944511,0.26212109383195636,5.0,-0.046695253066718595
2020-01-13,120.62915802001952,0.0031660015842696,1.0,0.08216251976167159,0.4895350895822048,0.4283023892591397,6.0,-0.3461398694974681
2020-01-14,120.59110260009766,-0.0003154744718979,-1.0,0.10834048991091544,0.4839405822567642,0.4077189324889332,8.0,-0.29937844257801777
2020-01-15,120.3150634765625,-0.0022890504986139,-1.0,0.1616381720047105,0.5358363925056024,0.3025254381989891,11.0,-0.14088726619427858
2020-01-16,121.39059448242188,0.0089392880224752,1.0,0.15973885729908938,0.4765082407328818,0.3637529214223225,9.0,-0.20401406412323314
2020-01-17,121.81887817382812,0.0035281455967188,1.0,0.21474885512143368,0.3101899266242981,0.47506122291088104,5.0,-0.26031236778944733
2020-01-21,121.44767761230467,-0.0030471513700345,-1.0,0.13696968760341402,0.4361077627167106,0.4269225736148655,10.0,-0.2899528860114515
2020-01-22,121.39059448242188,-0.0004700224080449,-1.0,0.4203080302104354,0.42780451988801355,0.15188745746854687,8.0,0.2684205727418885
2020-01-23,121.57144927978516,0.0014898584040583,1.0,0.3234876686086257,0.2836879202061229,0.3928244365379214,9.0,-0.06933676792929566
2020-01-24,119.87725067138672,-0.0139358263674178,-1.0,0.1282695978879928,0.857399046421051,0.0143313435837626,1.0,0.1139382543042302
2020-01-27,118.08789825439452,-0.0149265386632636,-1.0,0.01545974332839245,0.15031020529568193,0.8342300355434418,2.0,-0.8187702922150493
2020-01-28,119.23956298828124,0.0097526059055239,1.0,0.1423752926703956,0.31969616831176806,0.5379285011440516,9.0,-0.39555320847365594
2020-01-29,119.17293548583984,-0.0005587700992156,-1.0,0.2894102489575744,0.08888826780021186,0.6217014774680137,10.0,-0.33229122851043935
2020-01-30,118.97305297851562,-0.0016772474933955,-1.0,0.18630206831456977,0.3990173049490241,0.41468062290154833,17.0,-0.22837855458697856
2020-01-31,119.2776336669922,0.0025600813028776,1.0,0.16196644841693336,0.34334493428468704,0.4946886491961777,8.0,-0.33272220077924436
2020-02-03,120.1247329711914,0.0071019123884046,1.0,0.10019684967119241,0.5395738324150443,0.3602293350268155,8.0,-0.26003248535562307
2020-02-04,122.31381225585938,0.0182233852306914,1.0,0.4697266138557876,0.2466364236814635,0.28363695188558524,14.0,0.18608966197020238
2020-02-05,122.93248748779295,0.0050580978592951,1.0,0.16204704843800172,0.32031573118133977,0.5176372221586379,11.0,-0.3555901737206362
2020-02-06,122.65645599365234,-0.0022453909440987,-1.0,0.3364259892453749,0.20650105550885195,0.45707295431445044,9.0,-0.12064696506907552
2020-02-07,122.12345886230467,-0.0043454470213557,-1.0,0.20399352069944138,0.372427923977375,0.4235785352066159,10.0,-0.21958501450717455
2020-02-10,123.50353240966795,0.011300642482779,1.0,0.17856711087127522,0.39055868797004223,0.430874219785134,6.0,-0.25230710891385877
2020-02-11,124.474365234375,0.0078607696943171,1.0,0.2504894804830352,0.37662257843961316,0.37288793704162043,6.0,-0.12239845655858522
2020-02-12,125.74977111816406,0.0102463337040328,1.0,0.26125748828053474,0.3316993610933423,0.4070431732106954,4.0,-0.14578568493016064
2020-02-13,125.53085327148438,-0.0017409005577749,-1.0,0.1718795889988541,0.3291624473407865,0.49895797576755285,10.0,-0.3270783867686987
2020-02-14,125.34051513671876,-0.0015162657610074,-1.0,0.2249838321780165,0.3689603534423643,0.40605580351418913,9.0,-0.18107197133617262
2020-02-18,125.33097076416016,-7.614754533435963e-05,-1.0,0.1551386028942134,0.2923612981620762,0.5525001048420867,9.0,-0.39736150194787323
2020-02-19,125.89250946044922,0.0044804463961722,1.0,0.09069788176566361,0.6421059125236103,0.26719619360353264,7.0,-0.17649831183786902
2020-02-20,125.9401626586914,0.0003785229037567,1.0,0.3384734940315996,0.30871222886656013,0.35281428402023657,7.0,-0.01434078998863697
2020-02-21,124.01753997802734,-0.0152661600563002,-1.0,0.23590373084880406,0.5432504937052727,0.22084580617956814,4.0,0.015057924669235917
2020-02-24,119.75352478027344,-0.0343823559031196,-1.0,0.14673015289008612,0.4252624704192082,0.42800735868513584,6.0,-0.2812772057950497
2020-02-25,116.55552673339844,-0.0267048343899919,-1.0,0.4161722272900598,0.17161813804081502,0.4122096325403878,7.0,0.003962594749672033
2020-02-26,115.63228607177734,-0.0079210371871327,-1.0,0.041429577954113436,0.3138628656044602,0.6447075743228197,10.0,-0.6032779963687063
2020-02-27,110.9590301513672,-0.0404148017752522,-1.0,0.16207135180858045,0.20017229934984984,0.6377563596787778,11.0,-0.4756850078701973
2020-02-28,110.24522399902344,-0.0064330604852079,-1.0,0.127757641300559,0.679046356678009,0.19319602567702526,5.0,-0.06543838437646626
2020-03-02,114.03328704833984,0.0343603370006302,1.0,0.1077874211284021,0.46151545519630116,0.4306971314363181,6.0,-0.322909710307916
2020-03-03,111.27312469482422,-0.0242048828457042,-1.0,0.28868611005600536,0.1950224451720714,0.5162914483807981,8.0,-0.22760533832479274
2020-03-04,115.1183090209961,0.0345562716668343,1.0,0.06652464863977257,0.5681561226291316,0.36531924695840895,7.0,-0.29879459831863636
2020-03-05,110.82579803466795,-0.0372878217447169,-1.0,0.044976936135854954,0.39651664532721037,0.5585064109828737,9.0,-0.5135294748470187
2020-03-06,109.12207794189452,-0.0153729557827365,-1.0,0.1518751101568341,0.313526906631887,0.5345980044454336,10.0,-0.3827228942885995
2020-03-09,102.25020599365234,-0.062974166895001,-1.0,0.08860189188271758,0.433486757427454,0.47791138719767334,5.0,-0.38930949531495573
2020-03-10,107.90380096435548,0.0552917709628293,1.0,0.17957171789991355,0.4809495845499138,0.339478702750057,12.0,-0.15990698485014343
2020-03-11,102.00271606445312,-0.0546883876857284,-1.0,0.026355189892152898,0.22299065627157685,0.7506541684269905,6.0,-0.7242989785348376
2020-03-12,91.69490814208984,-0.1010542495343949,-1.0,0.24455881572018065,0.17106336951255793,0.5843778058886528,15.0,-0.33981899016847217
2020-03-13,97.3675537109375,0.0618643464919268,1.0,0.05179779424465123,0.2223841779466186,0.7258180267443615,14.0,-0.6740202324997102
2020-03-16,85.03244018554688,-0.1266860782187341,-1.0,0.050419685617089226,0.23724764753133054,0.7123326493427158,10.0,-0.6619129637256266
2020-03-17,88.3065414428711,0.0385041432443888,1.0,0.03831106883340644,0.23169681483081406,0.7299921028316021,14.0,-0.6916810339981957
2020-03-18,83.23355865478516,-0.0574474178831683,-1.0,0.08373655551778417,0.23539314166243583,0.6808702956352916,14.0,-0.5971337401175074
2020-03-19,86.1364974975586,0.0348770242398681,1.0,0.1179703840365012,0.2971793964505195,0.5848502215618888,15.0,-0.46687983752538764
2020-03-20,83.57618713378906,-0.0297238735977406,-1.0,0.12017717231065032,0.3730338098481297,0.5067890268750489,10.0,-0.38661185456439856
2020-03-23,83.71392059326172,0.0016479988402937,1.0,0.12422213317560295,0.2800610954208033,0.5957167765923909,7.0,-0.47149464341678793
2020-03-24,91.56598663330078,0.0937964198115826,1.0,0.16181430816650386,0.3040079992264509,0.5341777114197612,5.0,-0.37236340325325734
2020-03-25,93.17274475097656,0.0175475433264369,1.0,0.1955182642675936,0.33490287326276297,0.4695788582786918,10.0,-0.27406059401109817
2020-03-26,97.02703094482422,0.0413670994038979,1.0,0.043458029441535415,0.32222914472222325,0.6343128582462668,5.0,-0.5908548288047314
2020-03-27,93.77525329589844,-0.0335141415465444,-1.0,0.13278481074505377,0.21465103969805766,0.6525641479012039,9.0,-0.5197793371561501
2020-03-30,95.7358856201172,0.0209077795613326,1.0,0.04617624583521055,0.3007764693881784,0.6530472774590764,7.0,-0.6068710316238659
2020-03-31,93.80396270751952,-0.0201797152664739,-1.0,0.11465934070292855,0.31960779754444957,0.5657328532543033,16.0,-0.4510735125513748
2020-04-01,89.61491394042969,-0.0446574819035233,-1.0,0.04222419077996159,0.41544167161919177,0.5423341169953346,8.0,-0.500109926215373
2020-04-02,89.94966125488281,0.0037353973767764,1.0,0.2270965090952813,0.4246900575235486,0.34821343412622807,10.0,-0.12111692503094676
2020-04-03,88.38118743896484,-0.0174372398298812,-1.0,0.34937167315122974,0.17285434451575077,0.47777397457199794,12.0,-0.1284023014207682
2020-04-06,95.7358856201172,0.0832156524965388,1.0,0.05050080223008985,0.5055705908065041,0.4439286471654971,6.0,-0.3934278449354073
2020-04-07,97.16092681884766,0.0148851309986837,1.0,0.09365389961749314,0.37979977826277417,0.5265462920069695,3.0,-0.4328923923894763
2020-04-08,100.22142791748048,0.0314992991404765,1.0,0.15232544784833274,0.2845285393829856,0.5631460041206863,14.0,-0.41082055627235353
2020-04-09,102.02903747558594,0.0180361584909145,1.0,0.3025136295085152,0.5137144861121973,0.18377188655237353,6.0,0.11874174295614165
2020-04-13,102.00033569335938,-0.000281309938197,-1.0,0.08444155589677389,0.2773864278569817,0.6381720377830788,8.0,-0.5537304818863049
2020-04-14,105.98854064941406,0.0390999199065806,1.0,0.27320955926552415,0.3158616037108004,0.4109288265462965,8.0,-0.13771926728077233
2020-04-15,103.66448974609376,-0.0219273790268301,-1.0,0.21361290756613016,0.2987478671595454,0.48763921987265346,20.0,-0.2740263123065233
2020-04-16,104.90779113769533,0.0119935128668147,1.0,0.09827098923010953,0.18987995965613258,0.7118490487337112,9.0,-0.6135780595036017
2020-04-17,108.0065460205078,0.0295378908392536,1.0,0.42106800952127993,0.42538910784891676,0.15354289646659575,7.0,0.2675251130546842
2020-04-20,106.12240600585938,-0.0174446835314099,-1.0,0.067102924122342,0.5343919122325522,0.3985051665721195,7.0,-0.33140224244977745
2020-04-21,103.36798858642578,-0.0259550977319672,-1.0,0.09958517714403564,0.3387411795556545,0.5616736493539065,12.0,-0.46208847220987087
2020-04-22,105.59639739990234,0.0215580165963411,1.0,0.28661492263728916,0.37824371829628944,0.3351413676176559,11.0,-0.048526444980366734
2020-04-23,105.56771850585938,-0.0002715897014399,-1.0,0.06512699493517472,0.2860898453121384,0.6487831600631276,6.0,-0.5836561651279529
2020-04-24,107.35620880126952,0.0169416401218416,1.0,0.1374521786347031,0.3032882481347769,0.55925955157727,8.0,-0.4218073729425669
2020-04-27,109.36465454101562,0.0187082401863127,1.0,0.0237672892399132,0.4539888305589556,0.5222438685595989,2.0,-0.4984765793196857
2020-04-28,109.7950210571289,0.0039351517903061,1.0,0.2438539788126945,0.17913963583608467,0.5770063853512207,9.0,-0.33315240653852624
2020-04-29,112.21471405029295,0.0220382761428228,1.0,0.2706476560292335,0.30004337730889136,0.429308970243885,13.0,-0.15866131421465146
2020-04-30,111.51653289794922,-0.0062218324776091,-1.0,0.1927959711121564,0.13252094692804592,0.6746830642223358,11.0,-0.4818870931101794
2020-05-01,107.34661865234376,-0.0373927895464739,-1.0,0.12683970797806973,0.44193063899874685,0.43122965255752205,10.0,-0.30438994457945234
2020-05-04,107.9300308227539,0.0054348444108853,1.0,0.0114435997481147,0.0626371897136171,0.9259192049503326,6.0,-0.9144756052022179
2020-05-05,108.32215118408205,0.0036330978351344,1.0,0.14383569275113664,0.3880919697271151,0.46807233574376866,11.0,-0.324236642992632
2020-05-06,108.3030242919922,-0.0001765741529388,-1.0,0.2076887648242215,0.4058489849170049,0.38646222713092965,6.0,-0.17877346230670815
2020-05-07,110.00542449951172,0.0157188612104657,1.0,0.5396693545497127,0.21274419087502686,0.24758646844161877,9.0,0.29208288610809385
2020-05-08,112.14777374267578,0.0194749418304691,1.0,0.4542738416542609,0.21281143433103952,0.33291470725089306,6.0,0.12135913440336782
2020-05-11,111.89910125732422,-0.0022173644384786,-1.0,0.18793027708306906,0.3629728468755881,0.4490968838023643,6.0,-0.26116660671929526
2020-05-12,109.4507064819336,-0.0218803792691799,-1.0,0.1647513149239655,0.28202951180615593,0.5532192077620753,14.0,-0.38846789283810984
2020-05-13,107.5666275024414,-0.0172139499145506,-1.0,0.3919370242466147,0.42337765716589415,0.18468532818727765,13.0,0.20725169605933705
2020-05-14,109.17337036132812,0.0149371872688883,1.0,0.11996726067736743,0.6174193123355508,0.26261341795325277,10.0,-0.14264615727588534
2020-05-15,110.44537353515624,0.0116512219932223,1.0,0.1286762366071343,0.4569929391145706,0.4143308405764401,2.0,-0.2856546039693058
2020-05-18,114.62484741210938,0.037842000467523,1.0,0.3250890927655356,0.5909625201353005,0.08394837086754182,7.0,0.2411407218979938
2020-05-19,114.21360778808594,-0.0035877005143999,-1.0,0.1733939581608865,0.34318558988161385,0.4834204447688535,16.0,-0.31002648660796694
2020-05-20,115.70558166503906,0.0130630132945397,1.0,0.3080487563792202,0.2906012108756436,0.40135003657390667,9.0,-0.09330128019468648
2020-05-21,116.1168441772461,0.0035543878375514,1.0,0.27401371133562763,0.4206119635583539,0.30537432388059405,19.0,-0.031360612544966415
2020-05-22,115.9447021484375,-0.001482489728586,-1.0,0.33675296449412895,0.050022992926339264,0.6132240590328971,6.0,-0.27647109453876817
2020-05-26,117.78096771240234,0.0158374253410387,1.0,0.4555020140483975,0.19618884772062298,0.3483091348782182,10.0,0.10719287917017933
2020-05-27,119.79899597167967,0.0171337381452405,1.0,0.40661286283284426,0.27659620670601726,0.31679091369733214,4.0,0.08982194913551211
2020-05-28,118.3452606201172,-0.0121347874393382,-1.0,0.1215982233639806,0.4326675707474351,0.4457342023029923,10.0,-0.3241359789390117
2020-05-29,118.77565002441406,0.0036367269972761,1.0,0.21270248746233325,0.3940954990684986,0.39320201533181326,7.0,-0.18049952786948
2020-06-01,119.90418243408205,0.0095013785185433,1.0,0.2818466075696051,0.4500355578493327,0.26811784482561046,8.0,0.013728762743994649
2020-06-02,120.92752838134766,0.0085346976768572,1.0,0.23039201114858895,0.391534909739026,0.3780730886917029,7.0,-0.14768107754311396
2020-06-03,123.21334075927734,0.0189023327320585,1.0,0.3829769747098907,0.3668990863952785,0.25012393062934274,8.0,0.132853044080548
2020-06-04,122.59168243408205,-0.0050453816231623,-1.0,0.1014876500703394,0.5480522230888406,0.3504601436046262,6.0,-0.2489724935342868
2020-06-05,125.52782440185548,0.0239505805734594,1.0,0.2755434790936609,0.2050541465481122,0.5194023742030064,6.0,-0.2438588951093455
2020-06-08,127.44063568115234,0.0152381457132031,1.0,0.0849268808960914,0.8984076976776123,0.0166654456406831,1.0,0.0682614352554083
2020-06-09,126.44596862792967,-0.0078049442229027,-1.0,0.04613562207669017,0.071090611629188,0.8827736973762512,3.0,-0.836638075299561
2020-06-10,125.26004028320312,-0.0093789336077306,-1.0,0.2181254890747368,0.4559105420485139,0.3259639801690355,8.0,-0.10783849109429869
2020-06-11,118.69912719726562,-0.052378340858775,-1.0,0.12214197904210194,0.5163655948232521,0.36149241605942894,11.0,-0.239350437017327
2020-06-12,119.87548065185548,0.0099103799864921,1.0,0.36781886275857684,0.2840614181011915,0.34811971243470907,5.0,0.019699150323867765
2020-06-15,121.0136260986328,0.0094943973578944,1.0,0.22615942412189072,0.5016128945031336,0.2722276882933718,7.0,-0.04606826417148108
2020-06-16,123.55765533447266,0.0210226675941958,1.0,0.5470680389553308,0.214566133916378,0.2383658170001581,8.0,0.3087022219551727
2020-06-17,123.23246002197266,-0.0026319317214275,-1.0,0.15914712252561,0.6776453712955117,0.1632075057132169,8.0,-0.004060383187606903
2020-06-18,122.78296661376952,-0.0036475244275979,-1.0,0.26505417283624405,0.4130473615867751,0.32189848234078716,7.0,-0.05684430950454311
2020-06-19,121.82656860351562,-0.0077893378587469,-1.0,0.25325909775814837,0.3494070834879364,0.3973338401078113,7.0,-0.14407474234966294
2020-06-22,123.07853698730467,0.0102766448906852,1.0,0.18224810715764758,0.77924944460392,0.0385024398565292,4.0,0.14374566730111837
2020-06-23,124.04674530029295,0.0078665893882712,1.0,0.22120957449078557,0.4430547294517358,0.33573571996142465,3.0,-0.11452614547063908
2020-06-24,121.3146514892578,-0.0220247117683038,-1.0,0.15288998372852797,0.4048039309680462,0.44230608372017743,10.0,-0.28941609999164947
2020-06-25,121.47760772705078,0.0013432527381691,1.0,0.257945989491418,0.43669838923960924,0.30535562965087587,4.0,-0.047409640159457866
2020-06-26,118.63048553466795,-0.0234374239471364,-1.0,0.30433938146701883,0.23980398249945464,0.4558566541277936,7.0,-0.15151727266077475
2020-06-29,120.88327026367188,0.0189899309511429,1.0,0.4811873932679494,0.09015736728906626,0.4286551959812641,3.0,0.05253219728668529
2020-06-30,122.42666625976562,0.0127676558776683,1.0,0.5328527212142944,0.38222808465361596,0.08491919431835407,5.0,0.44793352689594035
2020-07-01,123.66329956054688,0.0101010126189122,1.0,0.2329237380996346,0.38808234985917806,0.3789939207024872,10.0,-0.14607018260285262
2020-07-02,124.15220642089844,0.0039535323906847,1.0,0.1336501326411962,0.22002677023410797,0.6463230806402862,10.0,-0.51267294799909
2020-07-06,127.09519958496094,0.023704718980871,1.0,0.18444062689585342,0.41924937229071346,0.3963099929637143,7.0,-0.21186936606786086
2020-07-07,125.10124969482422,-0.0156886325891781,-1.0,0.33568681264296174,0.2202255898155272,0.44408761779777706,4.0,-0.10840080515481532
2020-07-08,126.43373107910156,0.0106512236090994,1.0,0.2785402012523263,0.34386842977255583,0.3775913478651394,12.0,-0.09905114661281311
2020-07-09,126.2899398803711,-0.0011372851018729,-1.0,0.16020599814752734,0.35952908845825327,0.48026491667971843,18.0,-0.3200589185321911
2020-07-10,127.79499053955078,0.0119174231978045,1.0,0.14172508533705358,0.6274389970031652,0.23083591901443218,11.0,-0.0891108336773786
2020-07-13,126.17489624023438,-0.0126772911244514,-1.0,0.16512969732284544,0.3886421285569668,0.4462281558662653,5.0,-0.28109845854341986
2020-07-14,127.4307098388672,0.0099529592339968,1.0,0.21681136304202175,0.6089492853110036,0.17423935436333216,12.0,0.0425720086786896
2020-07-15,129.25210571289062,0.0142932255209637,1.0,0.23121066484600306,0.37371176450202864,0.3950775337095062,12.0,-0.16386686886350316
2020-07-16,128.90701293945312,-0.0026699199330961,-1.0,0.22774375094608823,0.4646531314673749,0.3076030958274548,11.0,-0.07985934488136659
2020-07-17,128.30307006835938,-0.0046851048466806,-1.0,0.22214800417423247,0.23167835213243956,0.5461736023426056,5.0,-0.3240255981683731
