Date,Price,Return,Sign,avg_positive_XLK,avg_neutral_XLK,avg_negative_XLK,n_XLK,sent_index_XLK,is_trading_day
2018-03-20,63.31021881103516,,,0.2588432903091113,0.6836492667595545,0.057507415922979456,6.0,0.20133587438613185,1.0
2018-03-21,62.92961120605469,-0.0060117878618694,-1.0,0.07969397430618597,0.8912883798281351,0.029017627860108964,3.0,0.050676346446077006,1.0
2018-03-22,61.30509567260742,-0.0258148032748526,-1.0,0.348508702032268,0.22629762589931485,0.42519366890192034,5.0,-0.07668496686965232,1.0
2018-03-23,59.67128753662109,-0.0266504459060221,-1.0,0.24143942445516586,0.4821221485733986,0.27643843162804843,5.0,-0.03499900717288257,1.0
2018-03-26,61.93634414672852,0.0379589029098348,1.0,0.23463690280914304,0.6256008421381315,0.13976223875458035,6.0,0.09487466405456269,1.0
2018-03-27,59.94976043701172,-0.0320746039677535,-1.0,0.07507168834230725,0.5315885895064899,0.393339709511825,7.0,-0.31826802116951775,1.0
2018-03-28,59.55060195922852,-0.0066582163944188,-1.0,0.3107881686753697,0.47713174753718907,0.2120800941354698,9.0,0.09870807453989988,1.0
2018-03-29,60.72953414916992,0.0197971498381923,1.0,0.37014078348875046,0.61338542898496,0.016473710071295434,3.0,0.353667073417455,1.0
2018-04-02,59.28140258789063,-0.0238455898199753,-1.0,0.13471909184008832,0.35149625409394497,0.5137846590951085,10.0,-0.37906556725502016,1.0
2018-04-03,59.86621475219727,0.0098650190241298,1.0,0.1964406310063269,0.35361757771008545,0.4499417930427525,9.0,-0.2535011620364256,1.0
2018-04-04,60.70168685913086,0.0139556527900057,1.0,0.12501144424701724,0.3210514358555277,0.5539371282793581,6.0,-0.4289256840323409,1.0
2018-04-05,60.95234680175781,0.0041293735906986,1.0,0.1001649498939514,0.8866465091705322,0.0131885102018713,1.0,0.0869764396920801,1.0
2018-04-06,59.45777130126953,-0.0245203930432614,-1.0,0.578851580619812,0.0354473516345024,0.385701060295105,1.0,0.19315052032470703,1.0
2018-04-09,59.92191696166992,0.0078063077414824,1.0,0.13379318006336685,0.49244664758443835,0.37376019954681394,5.0,-0.2399670194834471,1.0
2018-04-10,61.39793014526367,0.0246322757754546,1.0,0.028401026812692434,0.2261090775330861,0.7454898357391357,3.0,-0.7170888089264433,1.0
2018-04-11,61.035892486572266,-0.0058965775855122,-1.0,,,,,,
2018-04-12,61.76925277709961,0.0120152300662872,1.0,0.42888028422991437,0.5539459226032099,0.017173796271284365,3.0,0.41170648795863,1.0
2018-04-13,61.56501770019531,-0.00330641974319,-1.0,0.0366798406466841,0.9048992097377777,0.058420964516699245,2.0,-0.021741123870015144,1.0
2018-04-16,62.038455963134766,0.0076900532254366,1.0,0.09597605541348452,0.5718657352030277,0.3321582248434424,5.0,-0.23618216942995784,1.0
2018-04-17,63.189552307128906,0.0185545614590756,1.0,0.1620664423331618,0.2175480334088206,0.6203855216503144,10.0,-0.45831907931715254,1.0
2018-04-18,63.02245330810547,-0.0026444086549507,-1.0,0.14105900311842556,0.33268007859587667,0.5262609254568815,5.0,-0.38520192233845596,1.0
2018-04-19,62.32622528076172,-0.0110473012521429,-1.0,0.3400107369137306,0.42292919661849737,0.23706003961463765,12.0,0.10295069729909298,1.0
2018-04-20,61.4629020690918,-0.0138516845482122,-1.0,0.16401818022131914,0.48536053150892255,0.3506212631240487,10.0,-0.18660308290272953,1.0
2018-04-23,61.24012756347656,-0.0036245360716096,-1.0,0.13680599909275765,0.606793088465929,0.2564008926041424,5.0,-0.11959489351138475,1.0
2018-04-24,60.17256546020508,-0.0174323951589574,-1.0,0.20712612465851832,0.5261238428453604,0.26675004460331464,9.0,-0.05962391994479632,1.0
2018-04-25,60.18185043334961,0.000154305755015,1.0,0.1899263938888907,0.6077823206782341,0.20229127630591387,10.0,-0.01236488241702316,1.0
2018-04-26,61.27724075317383,0.018201339971049,1.0,0.25407557629726146,0.4781264335933057,0.2677979942580515,11.0,-0.013722417960790045,1.0
2018-04-27,61.16584777832031,-0.0018178523295819,-1.0,0.14602560247294602,0.6098629683256149,0.24411145260091868,8.0,-0.09808585012797266,1.0
2018-04-30,60.76666641235352,-0.006526213245887,-1.0,0.21516513591632244,0.429888064507395,0.35494676837697625,8.0,-0.1397816324606538,1.0
2018-05-01,61.52788543701172,0.0125269176277118,1.0,0.3192189348240693,0.43395988705257577,0.246821134040753,6.0,0.07239780078331631,1.0
2018-05-02,61.4629020690918,-0.001056161242311,-1.0,0.22377039988835645,0.5749566902716955,0.2012728999058405,3.0,0.02249749998251596,1.0
2018-05-03,61.60215377807617,0.0022656220955501,1.0,0.409271284006536,0.4841527957469225,0.1065759444609284,4.0,0.3026953395456076,1.0
2018-05-04,62.77179336547852,0.0189869917798006,1.0,0.42641950910910964,0.30119874421507115,0.2723817438818514,6.0,0.15403776522725826,1.0
2018-05-07,63.20811462402344,0.0069509127452278,1.0,0.3187389300966805,0.5408353002911265,0.1404257581823251,11.0,0.17831317191435536,1.0
2018-05-08,63.34733963012695,0.0022026445011318,1.0,0.0224284213036298,0.9195247292518616,0.058046881109476,1.0,-0.0356184598058462,1.0
2018-05-09,64.12713623046875,0.0123098555502865,1.0,0.435337483882904,0.5521481037139893,0.0125144412741065,1.0,0.4228230426087975,1.0
2018-05-10,64.96260833740234,0.0130283707653957,1.0,0.23858072209571085,0.4397954121232033,0.32162390170352795,7.0,-0.0830431796078171,1.0
2018-05-11,64.86976623535156,-0.0014291621661584,-1.0,0.0715426402166485,0.43981096241623163,0.48864637315273285,2.0,-0.4171037329360844,1.0
2018-05-14,64.86048126220703,-0.0001431325204849,-1.0,0.07599722035229205,0.6639444579680761,0.2600582965339223,3.0,-0.18406107618163026,1.0
2018-05-15,64.247802734375,-0.0094460990098916,-1.0,0.09237235132604832,0.6697919197380543,0.23783572409301992,5.0,-0.1454633727669716,1.0
2018-05-16,64.53556823730469,0.0044789936882265,1.0,0.0665096510201692,0.6564784930087626,0.2770118431653827,4.0,-0.21050219214521348,1.0
2018-05-17,64.20138549804688,-0.0051782722053207,-1.0,0.45207772254943845,0.5311499260365963,0.0167723279446363,5.0,0.43530539460480216,1.0
2018-05-18,63.93218231201172,-0.0041931055528909,-1.0,0.3177613541483879,0.6615845449268818,0.020654112799093075,4.0,0.29710724134929484,1.0
2018-05-21,64.4891586303711,0.0087119866429887,1.0,0.0367967681959271,0.75290247797966,0.2103007030673325,2.0,-0.17350393487140542,1.0
2018-05-22,64.39634704589844,-0.0014391811964026,-1.0,0.14235398266464463,0.7032762169837952,0.1543698105961084,2.0,-0.012015827931463774,1.0
2018-05-23,64.86976623535156,0.0073516466565362,1.0,0.05141530558466905,0.8833225667476654,0.065262135118246,2.0,-0.013846829533576945,1.0
2018-05-24,64.79552459716797,-0.0011444721091523,-1.0,0.9057323038578033,0.07109283283352849,0.02317483816295855,2.0,0.8825574656948448,1.0
2018-05-25,64.74909210205078,-0.0007166003424751,-1.0,0.2208760678768158,0.12926512397825715,0.6498588174581528,2.0,-0.428982749581337,1.0
2018-05-29,64.39634704589844,-0.005447876482907,-1.0,0.1188758416101336,0.6147866249084473,0.26633755505705864,6.0,-0.14746171344692505,1.0
2018-05-30,64.86976623535156,0.0073516466565362,1.0,0.20864962507039306,0.41538807811836403,0.37596230922887713,3.0,-0.16731268415848408,1.0
2018-05-31,64.8883285522461,0.0002861474300244,1.0,0.0788158001378178,0.44891179725527763,0.4722724440507591,2.0,-0.3934566439129413,1.0
2018-06-01,65.99303436279297,0.0170247228614834,1.0,0.2805629152804613,0.4228025019168854,0.2966346114873886,5.0,-0.016071696206927333,1.0
2018-06-04,66.52216339111328,0.0080179527040908,1.0,0.27315877315898734,0.6288878358900547,0.09795340616255993,12.0,0.17520536699642741,1.0
2018-06-05,66.75423431396484,0.0034886256101911,1.0,0.45651945695281027,0.34035447686910625,0.2031260468065738,5.0,0.25339341014623645,1.0
2018-06-06,67.1905288696289,0.006535833421623,1.0,0.038813796515266036,0.542953759431839,0.41823244094848633,3.0,-0.37941864443322026,1.0
2018-06-07,66.65210723876953,-0.0080133560476073,-1.0,0.16896139038726685,0.34107754038025934,0.489961052313447,6.0,-0.3209996619261801,1.0
2018-06-08,66.54071807861328,-0.0016712023786017,-1.0,0.3150883108377457,0.5983887791633606,0.08652293253689998,5.0,0.22856537830084572,1.0
2018-06-11,66.614990234375,0.0011161910767776,1.0,0.42244177106767894,0.3459051679819822,0.2316530723124742,5.0,0.19078869875520474,1.0
2018-06-12,66.93988037109375,0.0048771325429257,1.0,0.5283557710548242,0.4357423906524976,0.035901823391516964,3.0,0.49245394766330725,1.0
2018-06-13,66.5964126586914,-0.0051309878430954,-1.0,0.0490998849272728,0.0554801188409328,0.8954200148582458,1.0,-0.846320129930973,1.0
2018-06-14,67.06985473632812,0.0071091228301307,1.0,0.31739289810260135,0.4691073404004176,0.21349974481078482,6.0,0.10389315329181653,1.0
2018-06-15,66.81364440917969,-0.003820051916851,-1.0,0.30399776808917517,0.5383510701358318,0.15765116495701173,6.0,0.14634660313216344,1.0
2018-06-18,66.88821411132812,0.0011160849375579,1.0,0.27062338106334205,0.4744841417297721,0.25489247413352134,10.0,0.01573090692982071,1.0
2018-06-19,66.54350280761719,-0.0051535432406253,-1.0,0.05520179569721219,0.5259159713983536,0.4188822124153376,5.0,-0.3636804167181254,1.0
2018-06-20,66.6832504272461,0.0021000941298947,1.0,0.42656773775815954,0.5050894632935524,0.0683428235352039,5.0,0.35822491422295566,1.0
2018-06-21,66.17086791992188,-0.0076838262088505,-1.0,0.2510564932599664,0.4022587326665719,0.34668475901708007,6.0,-0.0956282657571137,1.0
2018-06-22,65.95658874511719,-0.0032382705794943,-1.0,0.0117771127261221,0.07043066993355745,0.9177922010421752,2.0,-0.906015088316053,1.0
2018-06-25,64.58717346191406,-0.020762372785759,-1.0,0.06553850565105672,0.5878198370337486,0.3466416489332914,5.0,-0.2811031432822347,1.0
2018-06-26,64.84801483154297,0.0040385939753613,1.0,0.16402044147253036,0.8206221461296082,0.015357388183474499,2.0,0.14866305328905588,1.0
2018-06-27,63.96298599243164,-0.0136477398947428,-1.0,0.20931167760863897,0.6045726388692856,0.18611570820212361,4.0,0.02319596940651536,1.0
2018-06-28,64.74552917480469,0.0122343128644062,1.0,0.45919818431138987,0.08978153392672535,0.45102029014378786,2.0,0.008177894167602007,1.0
2018-06-29,64.71759033203125,-0.0004315177144974,-1.0,0.4421372413635254,0.5399896651506424,0.01787313818931575,2.0,0.42426410317420965,1.0
2018-07-02,65.29515838623047,0.0089244369457519,1.0,0.2946507936343551,0.4450366675853729,0.2603125464171171,5.0,0.034338247217237994,1.0
2018-07-03,64.52196502685547,-0.0118415113537431,-1.0,0.031600396614521714,0.5046366720149914,0.4637629520148039,6.0,-0.43216255540028214,1.0
2018-07-05,65.4349136352539,0.0141494235028094,1.0,0.013003472238779,0.060760918383796964,0.9262355367342631,3.0,-0.9132320644954841,1.0
2018-07-06,66.19882202148438,0.011674324054107,1.0,0.0291352998465299,0.9216955304145812,0.0491691417992115,1.0,-0.0200338419526816,1.0
2018-07-09,66.7018814086914,0.0075992196212157,1.0,0.08730595625404795,0.5731715852660793,0.3395224655313151,7.0,-0.25221650927726713,1.0
2018-07-10,66.8602523803711,0.0023743104142643,1.0,0.0877480283379554,0.6433814167976379,0.2688705623149872,1.0,-0.18112253397703176,1.0
2018-07-11,66.59938049316406,-0.0039017484666812,-1.0,0.022387797012925075,0.31535358773544425,0.6622586390003562,4.0,-0.6398708419874312,1.0
2018-07-12,67.65210723876953,0.0158068549258281,1.0,0.3721276224694318,0.3449008295105563,0.2829715338432126,9.0,0.08915608862621921,1.0
2018-07-13,67.57759094238281,-0.0011014630501268,-1.0,0.0269188396632671,0.9382525086402892,0.034828670322895,1.0,-0.0079098306596279,1.0
2018-07-16,67.41919708251953,-0.0023438814206668,-1.0,0.14669570885598654,0.2856004238128662,0.567703902721405,2.0,-0.4210081938654185,1.0
2018-07-17,67.9222640991211,0.0074617770363805,1.0,0.15717466920614237,0.787137046456337,0.055688270367681925,4.0,0.10148639883846045,1.0
2018-07-18,67.81047058105469,-0.001645903880696,-1.0,0.3074591192416846,0.46815390058327466,0.2243869818630628,16.0,0.08307213737862182,1.0
2018-07-19,67.56825256347656,-0.0035719854987379,-1.0,0.13834340823814267,0.1599854692816734,0.7016711412928999,10.0,-0.5633277330547573,1.0
2018-07-20,67.58689880371094,0.0002759615577871,1.0,0.2644553985446691,0.6857427395880222,0.049801843473687726,4.0,0.21465355507098138,1.0
2018-07-23,67.93155670166016,0.0050994779173134,1.0,0.6315648307402929,0.11863559732834494,0.24979955175270632,3.0,0.3817652789875866,1.0
2018-07-24,68.30422973632812,0.0054860075753109,1.0,0.3956185226727809,0.13165329183850963,0.47272818908095354,7.0,-0.07710966640817263,1.0
2018-07-25,69.16127014160156,0.0125473987274555,1.0,0.32811613875674084,0.08645124593749638,0.5854326108237728,8.0,-0.257316472067032,1.0
2018-07-26,68.09925079345703,-0.015355694682445,-1.0,0.1298163835890591,0.2749994788318872,0.5951841335433224,12.0,-0.46536774995426333,1.0
2018-07-27,66.93476867675781,-0.0170997786779043,-1.0,0.20533787924796337,0.2838136494159698,0.5108484821394086,5.0,-0.3055106028914452,1.0
2018-07-30,65.89136505126953,-0.0155883653012547,-1.0,0.2800732655450701,0.3082413420613323,0.41168537536369904,7.0,-0.13161210981862892,1.0
2018-07-31,66.06840515136719,0.0026868482685082,1.0,0.28339157333331444,0.4216295714889253,0.29497884200619795,7.0,-0.01158726867288351,1.0
2018-08-01,66.66462707519531,0.0090243123390392,1.0,0.2395186384932862,0.3176974724564287,0.4427838892572456,9.0,-0.2032652507639594,1.0
2018-08-02,67.50304412841797,0.0125766405664724,1.0,0.3385683434704939,0.5407097396544285,0.1207219156591842,18.0,0.2178464278113097,1.0
2018-08-03,67.74524688720703,0.003588027205533,1.0,0.5918301492929459,0.366624154150486,0.041545710526406696,2.0,0.5502844387665392,1.0
2018-08-06,68.10856628417969,0.0053630241775863,1.0,0.16764754988253114,0.5555735727151235,0.2767788600176573,6.0,-0.10913131013512614,1.0
2018-08-07,68.36939239501953,0.0038295639604504,1.0,0.5954496553167701,0.3352084355428815,0.06934190401807422,4.0,0.5261077512986958,1.0
2018-08-08,68.55574035644531,0.0027256050536343,1.0,0.7499908208847046,0.2415875047445297,0.0084217032417654,1.0,0.7415691176429392,1.0
2018-08-09,68.58370971679688,0.000407979845395,1.0,0.07181876152753826,0.45082968100905413,0.4773515532724559,2.0,-0.40553279174491763,1.0
2018-08-10,68.03404235839844,-0.0080145469043331,-1.0,0.28237904608249664,0.521211002022028,0.1964099360629916,4.0,0.08596911001950505,1.0
2018-08-13,67.94088745117188,-0.0013692396335327,-1.0,,,,,,
2018-08-14,68.36011505126953,0.0061704757742375,1.0,0.5118361711502075,0.4623610105897699,0.025802807350243786,7.0,0.48603336379996376,1.0
2018-08-15,67.74524688720703,-0.0089945454831571,-1.0,0.2649593167006969,0.5023459484800696,0.2326947660185396,4.0,0.03226455068215728,1.0
2018-08-16,68.04335021972656,0.0044003579028335,1.0,0.8837736248970032,0.1062740832567215,0.0099522853270173,1.0,0.8738213395699859,1.0
2018-08-17,68.14583587646484,0.0015061818150829,1.0,0.09973463074614601,0.5484784636646509,0.35178691645463306,3.0,-0.25205228570848703,1.0
2018-08-20,68.04335021972656,-0.0015039166431837,-1.0,0.2773147504776716,0.40312110135952633,0.31956418091431255,3.0,-0.04224943043664092,1.0
2018-08-21,68.1551513671875,0.0016430870481818,1.0,0.0675824955105781,0.0816010981798172,0.8508164882659912,1.0,-0.783233992755413,1.0
2018-08-22,68.36011505126953,0.0030073102321757,1.0,0.42768263816833496,0.4138103723526001,0.158507019902269,3.0,0.26917561826606595,1.0
2018-08-23,68.50916290283203,0.0021803335387997,1.0,0.138546730702122,0.25891784081856406,0.6025354351537923,3.0,-0.4639887044516703,1.0
2018-08-24,69.19851684570312,0.0100622152375269,1.0,0.14938372969627375,0.4732509687542915,0.37736534308642145,5.0,-0.2279816133901477,1.0
2018-08-27,69.83202362060547,0.0091549183968049,1.0,0.46148423478007317,0.17011666670441628,0.36839910969138145,2.0,0.09308512508869171,1.0
2018-08-28,69.953125,0.0017341811552313,1.0,0.8466957211494446,0.1429577469825744,0.010346557945013,1.0,0.8363491632044315,1.0
2018-08-29,70.58660125732422,0.0090557249204266,1.0,,,,,,
2018-08-30,70.3723373413086,-0.0030354757446745,-1.0,0.21269510313868517,0.4354541853070259,0.3518506951630115,5.0,-0.1391555920243263,1.0
2018-08-31,70.42822265625,0.0007941375411528,1.0,0.0818090662360191,0.9045637845993042,0.0136271361261606,1.0,0.06818193010985851,1.0
2018-09-04,70.15808868408203,-0.0038355926357315,-1.0,0.19543386669829485,0.4350286466069519,0.36953750951215625,4.0,-0.1741036428138614,1.0
2018-09-05,69.28237915039062,-0.012481946844856,-1.0,0.23899493971839542,0.5426889322698116,0.21831610286608336,4.0,0.02067883685231206,1.0
2018-09-06,68.77933502197266,-0.0072607802241608,-1.0,0.2563436154276132,0.5500987969338894,0.19355760682374237,5.0,0.06278600860387082,1.0
2018-09-07,68.54642486572266,-0.003386339169688,-1.0,0.04539138637483115,0.04359334707260125,0.9110152721405029,2.0,-0.8656238857656717,1.0
2018-09-10,68.76067352294922,0.0031255992948757,1.0,0.06353671010583635,0.4994026940936844,0.43706060557936627,6.0,-0.37352389547352993,1.0
2018-09-11,69.34759521484375,0.008535717610425,1.0,0.5696663931012154,0.14867898263037196,0.2816546229490389,6.0,0.28801177015217644,1.0
2018-09-12,69.05879211425781,-0.0041645726818818,-1.0,0.1563474577851593,0.5797652048058808,0.26388736162334675,8.0,-0.10753990383818746,1.0
2018-09-13,69.86927795410156,0.0117361716738804,1.0,0.16937722151892048,0.5929874723984135,0.23763532532999912,9.0,-0.06825810381107864,1.0
2018-09-14,69.81338500976562,-0.0007999645333769,-1.0,0.10150652891024946,0.0819531232118606,0.8165403604507446,2.0,-0.7150338315404952,1.0
2018-09-17,68.93768310546875,-0.0125434671900579,-1.0,0.035285634121724495,0.24390203159834653,0.7208123342799289,7.0,-0.6855267001582044,1.0
2018-09-18,69.37554168701172,0.006351512871024,1.0,0.32677723257802427,0.4900819608010351,0.1831407947465777,8.0,0.14363643783144656,1.0
2018-09-19,69.19851684570312,-0.0025516895004185,-1.0,0.133685427904129,0.48863340020179746,0.3776811568066477,5.0,-0.24399572890251872,1.0
2018-09-20,70.01834106445312,0.011847424715446,1.0,0.27993719559162855,0.6992504522204399,0.020812351955100825,4.0,0.2591248436365277,1.0
2018-09-21,69.74163818359375,-0.0039518628498305,-1.0,0.17351110605522987,0.7254398912191391,0.10104899527505037,4.0,0.0724621107801795,1.0
2018-09-24,70.08751678466797,0.0049594275397388,1.0,0.1815931603312492,0.7762793362140655,0.04212748464196914,5.0,0.13946567568928006,1.0
2018-09-25,70.00336456298828,-0.0012006734656933,-1.0,0.048650539014488424,0.4380180584266782,0.513331416528672,4.0,-0.4646808775141836,1.0
2018-09-26,69.74163818359375,-0.0037387685724595,-1.0,0.1148180346935987,0.5218694359064102,0.36331252101808786,5.0,-0.24849448632448917,1.0
2018-09-27,70.1529541015625,0.0058977094413235,1.0,0.11017899960279462,0.673063862323761,0.2167571352794766,5.0,-0.10657813567668198,1.0
2018-09-28,70.4146728515625,0.0037306875148992,1.0,0.10000235913321373,0.420478181913495,0.47951947036199266,4.0,-0.37951711122877896,1.0
2018-10-01,70.75116729736328,0.0047787546568613,1.0,0.4964183022578557,0.4744863609472911,0.029095401366551667,3.0,0.46732290089130407,1.0
2018-10-02,70.760498046875,0.0001318812094293,1.0,0.1726461177070935,0.6042306330054998,0.22312323624889052,6.0,-0.05047711854179701,1.0
2018-10-03,70.97550964355469,0.0030385822968239,1.0,0.3330318480730057,0.3170389980077743,0.3499291706830263,2.0,-0.016897322610020638,1.0
2018-10-04,69.69489288330078,-0.0180430794605812,-1.0,0.3620000332593918,0.6248649507761002,0.013134989577035067,3.0,0.3488650436823567,1.0
2018-10-05,68.81626892089844,-0.0126067194603991,-1.0,0.0773036666214466,0.45155144482851023,0.47114487364888197,2.0,-0.39384120702743536,1.0
2018-10-08,68.04041290283203,-0.0112743110057045,-1.0,0.05740286347766715,0.5515073152879874,0.3910898392399152,6.0,-0.33368697576224804,1.0
2018-10-09,68.28345489501953,0.0035720240636192,1.0,0.2562887467710035,0.5817616156169346,0.16194964892097877,7.0,0.09433909785002473,1.0
2018-10-10,64.97444152832031,-0.0484599581521844,-1.0,0.03544275229796762,0.3561216965317726,0.6084355612595876,6.0,-0.5729928089616201,1.0
2018-10-11,64.15185546875,-0.0126601482093812,-1.0,0.37325130589306355,0.47789983699719113,0.1488488630081216,6.0,0.22440244288494193,1.0
2018-10-12,66.20831298828125,0.0320560879261395,1.0,0.3088616719469428,0.35362110286951065,0.3375172461383044,6.0,-0.02865557419136161,1.0
2018-10-15,65.12399291992188,-0.016377400652865,-1.0,0.054349284619092914,0.7211883426643908,0.22446236037649211,8.0,-0.1701130757573992,1.0
2018-10-16,67.08696746826172,0.0301421098481102,1.0,0.08051292523741718,0.5955437891185283,0.32394330203533167,5.0,-0.2434303767979145,1.0
2018-10-17,66.77850341796875,-0.004597972779719,-1.0,0.2822704613208771,0.7077980637550354,0.0099314637482166,1.0,0.2723389975726605,1.0
2018-10-18,65.46983337402344,-0.0195971753927204,-1.0,0.09377736908694101,0.8933928708235422,0.012829766919215451,6.0,0.08094760216772556,1.0
2018-10-19,65.44178771972656,-0.0004283752203346,-1.0,0.05683176716168717,0.7785516381263733,0.16461659471193948,3.0,-0.10778482755025232,1.0
2018-10-22,65.98395538330078,0.0082847318581242,1.0,0.27873433002969245,0.442029882222414,0.27923581190407276,8.0,-0.0005014818743803162,1.0
2018-10-23,65.73155212402344,-0.0038252217196003,-1.0,0.2996510412544012,0.30488080009818075,0.3954681880772113,5.0,-0.09581714682281012,1.0
2018-10-24,62.787105560302734,-0.0447950256547277,-1.0,0.10274597663771018,0.24287286045199086,0.6543811668049205,11.0,-0.5516351901672103,1.0
2018-10-25,64.94638061523438,0.0343904219769743,1.0,0.15111921347367263,0.3556875033924977,0.49319327529519796,6.0,-0.34207406182152533,1.0
2018-10-26,63.647071838378906,-0.0200058689113569,-1.0,0.32905047722160813,0.21224760785698887,0.45870193727314473,5.0,-0.1296514600515366,1.0
2018-10-29,62.57211685180664,-0.0168893077956819,-1.0,0.34918608309494126,0.47918971959087586,0.17162418500002882,9.0,0.17756189809491243,1.0
2018-10-30,63.273170471191406,0.0112039300355637,1.0,0.18083336018025872,0.3927650141219298,0.4264016328379512,6.0,-0.24556827265769246,1.0
2018-10-31,64.77815246582031,0.0237854683655236,1.0,0.16283430345356464,0.24852178121606508,0.5886439324046174,3.0,-0.4258096289510528,1.0
2018-11-01,65.5352783203125,0.0116879816060155,1.0,0.14030922909400287,0.5314529506223542,0.3282377960692559,7.0,-0.18792856697525304,1.0
2018-11-02,64.2546615600586,-0.0195408761979268,-1.0,0.23448622336780484,0.3692885046316818,0.39622526421126997,11.0,-0.16173904084346513,1.0
2018-11-05,64.18923950195312,-0.001018168277866,-1.0,0.03448031917214388,0.24468055553734297,0.7208391159772873,5.0,-0.6863587968051434,1.0
2018-11-06,64.59117889404297,0.0062617877265489,1.0,0.17403223756700753,0.4243660166859627,0.40160172488540413,5.0,-0.2275694873183966,1.0
2018-11-07,66.48872375488281,0.0293777709794185,1.0,0.12009035721421238,0.5614099640399217,0.31849969048053023,10.0,-0.19840933326631785,1.0
2018-11-08,66.43263244628906,-0.0008436213755663,-1.0,0.338107335070769,0.4830748836199443,0.17881780024617908,3.0,0.15928953482458993,1.0
2018-11-09,65.28289031982422,-0.0173068879574268,-1.0,0.4771611765027046,0.5032357424497604,0.0196031183004379,2.0,0.4575580582022667,1.0
2018-11-12,62.98339080810547,-0.0352236167922924,-1.0,0.05153639405034476,0.5819251895882189,0.3665384368505329,8.0,-0.3150020428001881,1.0
2018-11-13,63.0582160949707,0.0011880161722828,1.0,0.13437447297785957,0.10063103054250984,0.7649944855698517,7.0,-0.6306200125919922,1.0
2018-11-14,62.30104064941406,-0.0120075620981138,-1.0,0.21082125992203748,0.619229254933695,0.16994948413533464,12.0,0.04087177578670284,1.0
2018-11-15,63.862083435058594,0.0250564480042791,1.0,0.12206690665334459,0.5466061644256115,0.33132693109412986,3.0,-0.20926002444078529,1.0
2018-11-16,63.759239196777344,-0.0016104115736504,-1.0,0.055446110665798166,0.540010105073452,0.40454381164163344,5.0,-0.34909770097583526,1.0
2018-11-19,61.32890319824219,-0.0381173933245112,-1.0,0.07381784512350952,0.4061117625484864,0.5200703920175631,6.0,-0.4462525468940536,1.0
2018-11-20,60.01090621948242,-0.021490633453845,-1.0,0.20957966335117814,0.4592091127165726,0.33121120370924473,7.0,-0.12163154035806659,1.0
2018-11-21,60.450233459472656,0.0073207899641349,1.0,0.4413539431989193,0.2892087170233329,0.26943733690616983,6.0,0.17191660629274946,1.0
2018-11-23,59.89874267578125,-0.0091230546538937,-1.0,0.04617130616679782,0.4946461305953562,0.4591825483366847,4.0,-0.4130112421698869,1.0
2018-11-26,61.25411605834961,0.022627743455396,1.0,0.297916985116899,0.5893932208418846,0.11268979357555504,4.0,0.18522719154134398,1.0
2018-11-27,61.37563705444336,0.0019838829439313,1.0,0.19277678336948156,0.33549601770937443,0.47172717889770865,4.0,-0.2789503955282271,1.0
2018-11-28,63.52556610107422,0.0350290302440976,1.0,0.40980611299164593,0.3005097275599837,0.2896841600304469,8.0,0.12012195296119904,1.0
2018-11-29,62.908653259277344,-0.009711252959404,-1.0,0.2358413893729448,0.32334211580455297,0.44081650115549564,5.0,-0.20497511178255085,1.0
2018-11-30,63.50685119628906,0.0095089928971496,1.0,0.41120186522603036,0.4606801599264145,0.1281179707497358,5.0,0.28308389447629456,1.0
2018-12-03,64.90900421142578,0.0220787677033915,1.0,0.26848566299304366,0.632725615054369,0.09878874185960736,8.0,0.16969692113343632,1.0
2018-12-04,62.45060729980469,-0.0378745128120198,-1.0,0.34843899328261607,0.4393721863627434,0.21218884326517579,5.0,0.13625015001744029,1.0
2018-12-06,62.5908088684082,0.0022449992828805,1.0,0.17725660414858294,0.3423000050877983,0.48044339330358937,11.0,-0.3031867891550064,1.0
2018-12-07,60.38480758666992,-0.0352448118441193,-1.0,0.06717974552884692,0.8618185520172119,0.07100171083584425,4.0,-0.003821965306997327,1.0
2018-12-10,61.21672821044922,0.0137769855867346,1.0,0.3434742709828747,0.41598232773443056,0.24054341566645432,9.0,0.10293085531642038,1.0
2018-12-11,61.29152297973633,0.0012218027894268,1.0,0.03541518142446875,0.5298128351569176,0.4347719764336943,2.0,-0.39935679500922555,1.0
2018-12-12,61.76823806762695,0.0077778306805695,1.0,0.29700232576578856,0.27484609931707377,0.42815158143639565,4.0,-0.1311492556706071,1.0
2018-12-13,61.871055603027344,0.0016645696658503,1.0,0.3040108244866132,0.38426431752741336,0.3117248870432377,5.0,-0.00771406255662449,1.0
2018-12-14,60.35676956176758,-0.0244748699775807,-1.0,0.04707789840176695,0.6693351902067661,0.28358687087893486,4.0,-0.2365089724771679,1.0
2018-12-17,59.07615661621094,-0.0212173871274885,-1.0,0.24812167004815164,0.45538659606661114,0.296491749850767,7.0,-0.048370079802615346,1.0
2018-12-18,59.54353332519531,0.007911427143453,1.0,0.3087152205407619,0.297367749735713,0.39391704276204104,3.0,-0.08520182222127914,1.0
2018-12-19,58.36574935913086,-0.0197802162601271,-1.0,0.4797945438573758,0.19357499976952866,0.3266304042190313,3.0,0.15316413963834452,1.0
2018-12-20,57.31882858276367,-0.0179372455226329,-1.0,0.03641882725059981,0.4150262927370412,0.5485548890594926,7.0,-0.5121360618088927,1.0
2018-12-21,55.57734298706055,-0.03038243520955,-1.0,0.13732752731690803,0.38415767314533394,0.47851481071362895,6.0,-0.3411872833967209,1.0
2018-12-24,54.09403610229492,-0.0266890571776877,-1.0,0.017468424513936,0.14271270980437598,0.8398188948631287,3.0,-0.8223504703491926,1.0
2018-12-26,57.36106872558594,0.0603954309697443,1.0,0.5115221813321114,0.47591904550790787,0.01255879411473865,2.0,0.4989633872173727,1.0
2018-12-27,57.77415466308594,0.007201503505386,1.0,0.1861899569630622,0.800221582253774,0.0135884492968519,3.0,0.1726015076662103,1.0
2018-12-28,57.64271926879883,-0.0022749860219259,-1.0,0.1069212332367897,0.8648257851600647,0.0282528977841138,1.0,0.0786683354526759,1.0
2018-12-31,58.18722152709961,0.0094461584256924,1.0,,,,,,
2019-01-02,58.22478103637695,0.0006454941186675,1.0,0.21652407175861296,0.30215724697336555,0.4813186950050294,4.0,-0.26479462324641645,1.0
2019-01-03,55.28631591796875,-0.0504676027303966,-1.0,0.09844229871836989,0.1817768673197581,0.719780810463887,13.0,-0.6213385117455171,1.0
2019-01-04,57.73659896850586,0.0443198829557158,1.0,0.15328705159481612,0.4887210708111524,0.35799188318196684,8.0,-0.20470483158715072,1.0
2019-01-07,58.25293350219727,0.008942932956149,1.0,0.2998879969120026,0.5029635772109031,0.19714840250089763,10.0,0.10273959441110495,1.0
2019-01-08,58.741119384765625,0.0083804514763181,1.0,0.434134525557359,0.23546340223401777,0.33040207407126826,6.0,0.10373245148609073,1.0
2019-01-09,59.50154876708984,0.0129454356724674,1.0,0.19692961954408217,0.6133287217881944,0.18974167667329309,9.0,0.0071879428707890825,1.0
2019-01-10,59.76442337036133,0.0044179455613915,1.0,0.3954244079068303,0.3645372604951262,0.24003831623122093,4.0,0.15538609167560938,1.0
2019-01-11,59.65176773071289,-0.0018849950069844,-1.0,0.2943623583497746,0.41669560383473125,0.288942052184471,7.0,0.00542030616530359,1.0
2019-01-14,59.09787368774414,-0.0092854589904058,-1.0,0.1540069356560707,0.4388347069422404,0.4071583524346351,3.0,-0.2531514167785644,1.0
2019-01-15,59.98973846435547,0.0150913175205538,1.0,0.3153899800446298,0.4587804534369045,0.22582956651846564,9.0,0.08956041352616417,1.0
2019-01-16,60.04606628417969,0.0009389575828486,1.0,0.09926680335775012,0.6527036959305406,0.24802950024604792,4.0,-0.1487626968882978,1.0
2019-01-17,60.43098449707031,0.0064103818403178,1.0,0.03855138691142197,0.46277870796620846,0.49866992654278874,4.0,-0.4601185396313668,1.0
2019-01-18,61.35099411010742,0.0152241374303889,1.0,0.200403778348118,0.3876466080546379,0.4119495786726474,2.0,-0.2115458003245294,1.0
2019-01-22,60.318321228027344,-0.01683221106779,-1.0,0.26791619770228864,0.42376579642295836,0.30831800214946264,5.0,-0.040401804447174006,1.0
2019-01-23,60.524845123291016,0.0034238999206051,1.0,0.24551238107960668,0.5308182276785374,0.22366938984487203,8.0,0.021842991234734654,1.0
2019-01-24,61.03180313110352,0.0083760314756662,1.0,0.19850264629349107,0.3926903411746025,0.4088070172816514,10.0,-0.21030437098816035,1.0
2019-01-25,61.8955078125,0.0141517149598404,1.0,0.08755147550255056,0.49194683507084846,0.4205016481379668,3.0,-0.33295017263541626,1.0
2019-01-28,61.06937026977539,-0.0133472940431674,-1.0,0.22695930829892552,0.2343768750627835,0.5386638273485005,6.0,-0.31170451904957497,1.0
2019-01-29,60.41219711303711,-0.0107610927349537,-1.0,0.23478703780306706,0.32072425385316206,0.444488697581821,9.0,-0.20970165977875396,1.0
2019-01-30,62.2898063659668,0.031079969652759,1.0,0.29735649227061206,0.25968461732069653,0.4429588813541664,9.0,-0.14560238908355433,1.0
2019-01-31,62.22410202026367,-0.0010548169842926,-1.0,0.10596568705514069,0.4884253978729248,0.4056089119054377,10.0,-0.299643224850297,1.0
2019-02-01,62.5902214050293,0.005883883782628,1.0,0.7746803760528564,0.2156134843826294,0.0097061889246106,1.0,0.7649741871282458,1.0
2019-02-04,63.59474563598633,0.0160492199645152,1.0,0.3880948949266564,0.49293195456266403,0.11897313535552129,11.0,0.2691217595711351,1.0
2019-02-05,64.12987518310547,0.0084146817754755,1.0,0.17509625945240256,0.5258524680717124,0.2990512868596447,9.0,-0.12395502740724215,1.0
2019-02-06,64.34578704833984,0.0033667906668755,1.0,0.18453742843121287,0.5973896359403928,0.2180729225898782,6.0,-0.03353549415866533,1.0
2019-02-07,63.46330642700195,-0.0137146604590433,-1.0,0.1042117302616437,0.7349271178245544,0.16086119258155424,3.0,-0.05664946231991054,1.0
2019-02-08,63.82942962646485,0.0057690533329528,1.0,0.3290075392772754,0.3395212485144535,0.33147122835119563,3.0,-0.00246368907392025,1.0
2019-02-11,63.801307678222656,-0.0004405796574834,-1.0,0.28183460747823114,0.3482938692905009,0.3698715067002922,4.0,-0.08803689922206104,1.0
2019-02-12,64.6462173461914,0.0132428268121085,1.0,0.2882367730140686,0.5104848563671112,0.20127836056053633,5.0,0.08695841245353225,1.0
2019-02-13,64.7306900024414,0.0013066914000186,1.0,0.35461275707930323,0.4692821683362126,0.17610504934564228,10.0,0.17850770773366095,1.0
2019-02-14,64.84336853027344,0.0017407280507557,1.0,0.16148033447097984,0.4820270042400807,0.3564926377730444,8.0,-0.19501230330206457,1.0
2019-02-15,65.35971069335938,0.0079629139384527,1.0,0.35641024392098186,0.43906138017773627,0.20452836286276574,5.0,0.15188188105821612,1.0
2019-02-19,65.37847137451172,0.0002870373958716,1.0,0.09917524904012676,0.8275237679481506,0.0733009791001677,5.0,0.02587426993995906,1.0
2019-02-20,65.45358276367188,0.0011488703785973,1.0,0.030942414576808564,0.4108895907799402,0.5581680067504445,3.0,-0.527225592173636,1.0
2019-02-21,65.48174285888672,0.0004302300046206,1.0,0.3187447083605961,0.5386228541081602,0.14263243723491373,11.0,0.17611227112568237,1.0
2019-02-22,66.31729125976562,0.0127600207996831,1.0,0.4839771706610918,0.45223843306303024,0.06378436344675714,4.0,0.42019280721433466,1.0
2019-02-25,66.63648986816406,0.0048132033491556,1.0,0.25988395301004247,0.5484160306553046,0.19170000764230885,15.0,0.06818394536773362,1.0
2019-02-26,66.7773208618164,0.0021134215492288,1.0,0.0387214347720146,0.9325491786003112,0.0287293978035449,1.0,0.009992036968469696,1.0
2019-02-27,66.71158599853516,-0.0009843890475521,-1.0,0.5022673979401588,0.3131219148635864,0.18461069301702077,4.0,0.3176567049231381,1.0
2019-02-28,66.52381896972656,-0.0028146089768082,-1.0,0.16946357302367684,0.6230588406324387,0.20747761940583587,2.0,-0.03801404638215902,1.0
2019-03-01,66.97444152832031,0.0067738528180232,1.0,0.4037801995873451,0.585412010550499,0.0108078070916235,2.0,0.39297239249572163,1.0
2019-03-04,66.7209701538086,-0.0037845985532337,-1.0,0.18747270712628958,0.4003135735789935,0.41221370501443744,6.0,-0.22474099788814786,1.0
2019-03-05,66.52381896972656,-0.0029548608724895,-1.0,0.452274888753891,0.5291654467582703,0.0185596533119678,1.0,0.4337152354419232,1.0
2019-03-06,66.17646026611328,-0.0052215688905556,-1.0,0.21900275349617,0.7713590860366821,0.0096381781622767,1.0,0.2093645753338933,1.0
2019-03-07,65.54747772216797,-0.0095046265910265,-1.0,0.4559662137180567,0.4761459566652775,0.06788783473893995,2.0,0.38807837897911673,1.0
2019-03-08,65.53807067871094,-0.0001435149571568,-1.0,,,,,,
2019-03-11,66.94628143310547,0.0214869119553129,1.0,0.24212221261113878,0.7027048915624619,0.05517291203141206,10.0,0.18694930057972672,1.0
2019-03-12,67.3405990600586,0.0058900601872433,1.0,0.366100513531516,0.3140879467440148,0.3198115080595016,6.0,0.04628900547201442,1.0
2019-03-13,67.78181457519531,0.0065519986649245,1.0,0.21117119225008144,0.3420218000454562,0.44680702699614416,7.0,-0.23563583474606273,1.0
2019-03-14,67.92266845703125,0.0020780482599751,1.0,0.35716199191908043,0.5010215938091278,0.14181640588988856,3.0,0.21534558602919188,1.0
2019-03-15,68.74486541748047,0.0121048978069722,1.0,0.2732561702973076,0.36678694295031683,0.3599568872845599,7.0,-0.08670071698725229,1.0
2019-03-18,69.03684997558594,0.0042473653316836,1.0,0.3504609949886799,0.5334390625357628,0.1160999266430735,4.0,0.23436106834560638,1.0
2019-03-19,69.17811584472656,0.002046238627495,1.0,0.17362108407542104,0.8035233169794083,0.022855586605146475,4.0,0.15076549747027457,1.0
2019-03-20,68.9897232055664,-0.0027232982115762,-1.0,0.13975818101316687,0.3218006584793329,0.5384411463513971,10.0,-0.3986829653382302,1.0
2019-03-21,70.72273254394531,0.0251198186897361,1.0,0.13956803036853666,0.46403579662243527,0.3963961911698182,6.0,-0.25682816080128157,1.0
2019-03-22,69.0556869506836,-0.0235715665005712,-1.0,0.07734059507492926,0.5800606068223715,0.3425987858790904,8.0,-0.26525819080416113,1.0
2019-03-25,68.75428009033203,-0.0043646928104098,-1.0,0.12093215888100008,0.5690068030463797,0.3100610413987721,14.0,-0.18912888251777205,1.0
2019-03-26,69.1310043334961,0.0054792842375646,1.0,0.2930976795653502,0.5313700462381045,0.17553227959821616,15.0,0.11756539996713405,1.0
2019-03-27,68.73546600341797,-0.0057215765037926,-1.0,0.3610620296427181,0.6093926238162177,0.029545337826545698,7.0,0.3315166918161724,1.0
2019-03-28,69.01801300048828,0.0041106435076219,1.0,0.40526658594608306,0.5590976398438215,0.03563578808680174,5.0,0.3696307978592813,1.0
2019-03-29,69.69612121582031,0.0098250903764389,1.0,0.4880447685718536,0.3566393777728081,0.15531583060510457,4.0,0.332728937966749,1.0
2019-04-01,70.64740753173828,0.0136490567813984,1.0,0.24145658101354323,0.70738086104393,0.051162565925291545,7.0,0.19029401508825167,1.0
2019-04-02,70.89225006103516,0.0034656972966329,1.0,0.11187264682458974,0.6037539549704108,0.28437340831650154,7.0,-0.1725007614919118,1.0
2019-04-03,71.466796875,0.0081045080875579,1.0,0.26060607703402633,0.35034201410599053,0.38905191444791853,8.0,-0.1284458374138922,1.0
2019-04-04,71.16539764404297,-0.0042173323016588,-1.0,0.07168175410479305,0.38492146879434586,0.5433967936784029,5.0,-0.47171503957360983,1.0
2019-04-05,71.50446319580078,0.0047644721027733,1.0,0.060408290009945596,0.4344768840819597,0.5051148608326912,4.0,-0.4447065708227456,1.0
2019-04-08,71.77760314941406,0.0038199007643109,1.0,0.18375949445180592,0.5777912389021367,0.2384492317214608,8.0,-0.05468973726965487,1.0
2019-04-09,71.43852996826172,-0.0047239412612667,-1.0,0.28531368790815276,0.25750548454622424,0.45718085393309593,6.0,-0.17186716602494317,1.0
2019-04-10,71.93770599365234,0.0069874901626949,1.0,0.37084205200274784,0.5988764961560568,0.0302814360087116,3.0,0.34056061599403625,1.0
2019-04-11,71.843505859375,-0.0013094681429743,-1.0,0.1029729048411051,0.5829508453607559,0.31407621596008534,3.0,-0.21110331111898023,1.0
2019-04-12,72.34268188476562,0.0069481022594819,1.0,0.9230551719665528,0.0672622472047805,0.0096825240179896,1.0,0.9133726479485632,1.0
2019-04-15,72.31444549560547,-0.0003903143818352,-1.0,0.33773557934910053,0.3929004976525903,0.2693639484350569,8.0,0.06837163091404364,1.0
2019-04-16,72.68177032470703,0.0050795498269275,1.0,0.232400112918445,0.4578119536329593,0.3097879290580749,7.0,-0.07738781613962989,1.0
2019-04-17,73.08677673339844,0.0055723244890986,1.0,0.34871546830981964,0.4120388239622116,0.23924571508541698,10.0,0.10946975322440267,1.0
2019-04-18,73.29396057128906,0.0028347650170204,1.0,0.38426082879304885,0.5810927286744118,0.03464646553620692,5.0,0.3496143632568419,1.0
2019-04-22,73.46349334716797,0.0023130524610415,1.0,0.19171042554080484,0.555441789329052,0.25284774159081275,4.0,-0.06113731605000791,1.0
2019-04-23,74.26405334472656,0.0108973853690208,1.0,0.32587979710660875,0.40430830465629697,0.2698118895059451,8.0,0.05606790760066366,1.0
2019-04-24,74.29230499267578,0.0003804215724407,1.0,0.54330018684268,0.422977464646101,0.03372236471623178,5.0,0.5095778221264482,1.0
2019-04-25,74.2734603881836,-0.0002536548636369,-1.0,0.3055052559024521,0.5292677858046123,0.16522695350327657,7.0,0.14027830239917552,1.0
2019-04-26,73.99092864990234,-0.0038039393452873,-1.0,0.26163832582533353,0.5390164867043495,0.19934519007802007,5.0,0.06229313574731346,1.0
2019-04-29,74.00975799560547,0.0002544818134695,1.0,0.23874565240527898,0.5476754291781357,0.21357891988009212,7.0,0.025166732525186863,1.0
2019-04-30,74.1322021484375,0.0016544325525196,1.0,0.1554942123422568,0.25299873304637993,0.5915070729838177,11.0,-0.43601286064156086,1.0
2019-05-01,73.9438247680664,-0.0025411005596986,-1.0,0.3654416044009849,0.25503558618947864,0.3795228066155687,8.0,-0.01408120221458381,1.0
2019-05-02,73.55764770507812,-0.0052225735441677,-1.0,0.13929193342725435,0.7657175610462824,0.09499051530535015,6.0,0.044301418121904204,1.0
2019-05-03,74.25462341308594,0.0094752310569019,1.0,,,,,,
2019-05-06,73.68013000488281,-0.0077368032022351,-1.0,0.16273895129561422,0.8066203773021698,0.030640690401196418,5.0,0.1320982608944178,1.0
2019-05-07,72.09781646728516,-0.0214754444311213,-1.0,0.45602944989999133,0.5082563410202662,0.035714214357236936,3.0,0.4203152355427544,1.0
2019-05-08,72.0130615234375,-0.0011755549335688,-1.0,0.1915086951727668,0.47632569695512456,0.3321655935918291,6.0,-0.14065689841906232,1.0
2019-05-09,71.52330017089844,-0.0068010072364395,-1.0,0.9494243860244752,0.0284190773963928,0.0221565384417772,1.0,0.927267847582698,1.0
2019-05-10,71.74932861328125,0.003160207119117,1.0,0.06578225363045925,0.6255699843168259,0.3086477816104889,2.0,-0.24286552798002964,1.0
2019-05-13,69.0462646484375,-0.0376737178881894,-1.0,0.17413077751795447,0.49284149209658307,0.3330277592564622,6.0,-0.15889698173850775,1.0
2019-05-14,70.15764617919922,0.0160961861792312,1.0,0.23518719042961791,0.2928200966368119,0.4719927152618766,6.0,-0.23680552483225867,1.0
2019-05-15,70.92052459716797,0.0108737744139844,1.0,0.7309012804180384,0.2476444435305893,0.021454288391396348,4.0,0.709446992026642,1.0
2019-05-16,71.57040405273438,0.0091634891205014,1.0,0.24520312746365866,0.3919132699569066,0.36288356594741344,3.0,-0.11768043848375478,1.0
2019-05-17,70.99588012695312,-0.0080273953093505,-1.0,0.10447582416236394,0.6406255379319191,0.2548986401408911,5.0,-0.15042281597852714,1.0
2019-05-20,69.76205444335938,-0.0173788349603871,-1.0,0.09275806735136674,0.37814057405505863,0.529101351142994,7.0,-0.43634328379162723,1.0
2019-05-21,70.619140625,0.0122858506458765,1.0,0.4500259786312069,0.2664883647646223,0.2834856266688023,7.0,0.16654035196240463,1.0
2019-05-22,70.25180053710938,-0.0052017071383134,-1.0,0.11197391385212535,0.5814561108127236,0.3065699780127033,8.0,-0.19459606416057795,1.0
2019-05-23,69.01801300048828,-0.0175623617784623,-1.0,0.02785155150507173,0.2129585059093577,0.7591899452464921,7.0,-0.7313383937414204,1.0
2019-05-24,69.03684997558594,0.000272928388963,1.0,0.12055576251198846,0.5663203075528145,0.3131238948553801,3.0,-0.19256813234339165,1.0
2019-05-28,68.83903503417969,-0.0028653529452199,-1.0,0.06766202513660699,0.5680318740861756,0.3643060950562358,7.0,-0.2966440699196288,1.0
2019-05-29,68.43408203125,-0.0058826071970448,-1.0,0.23480369430035344,0.46040800400078297,0.3047882865648716,4.0,-0.06998459226451817,1.0
2019-05-30,68.85790252685547,0.0061931201972129,1.0,0.10914393809313572,0.5494496288398901,0.3414064592992266,6.0,-0.23226252120609087,1.0
2019-05-31,67.70883178710938,-0.0166875652260528,-1.0,0.3131649315357208,0.5209402918815613,0.1658947767689824,5.0,0.14727015476673838,1.0
2019-06-03,66.52212524414062,-0.017526613761407,-1.0,0.0934546856830517,0.5492151875048876,0.35733010694384576,15.0,-0.26387542126079405,1.0
2019-06-04,68.74486541748047,0.0334135472248104,1.0,0.16006192530039692,0.5259516006335616,0.31398646277375514,8.0,-0.15392453747335821,1.0
2019-06-05,69.63961791992188,0.0130155539182115,1.0,0.22085660174489016,0.48338742554187775,0.295755969826132,5.0,-0.07489936808124184,1.0
2019-06-06,70.4496078491211,0.0116311656122327,1.0,0.3407175838947296,0.5685205360253652,0.09076191547016299,3.0,0.24995566842456662,1.0
2019-06-07,71.75875091552734,0.0185826877732233,1.0,0.10119174700230357,0.7327640205621719,0.16604426037520165,4.0,-0.06485251337289807,1.0
2019-06-10,72.49341583251953,0.0102379836273489,1.0,0.1267939194105565,0.4770589631050825,0.3961471168324351,10.0,-0.2693531974218786,1.0
2019-06-11,72.49341583251953,0.0,0.0,0.29821237106807524,0.5274627348408103,0.17432489321799943,8.0,0.12388747785007581,1.0
2019-06-12,72.08839416503906,-0.0055870131491139,-1.0,0.04351874285687996,0.4893491479257743,0.4671320915222168,3.0,-0.42361334866533684,1.0
2019-06-13,72.30501556396484,0.003004941383905,1.0,0.05423178104683753,0.3930673003196716,0.5527008809149265,4.0,-0.498469099868089,1.0
2019-06-14,71.67398834228516,-0.0087272952886849,-1.0,0.19031971623189742,0.16622817423194644,0.6434520864859223,4.0,-0.4531323702540249,1.0
2019-06-17,71.73051452636719,0.000788656880821,1.0,0.041698075365275096,0.47968518175184716,0.4786167675629258,2.0,-0.4369186921976507,1.0
2019-06-18,73.0302505493164,0.0181197086279292,1.0,0.6273641244818767,0.2244475365926822,0.14818832937938467,6.0,0.4791757951024921,1.0
2019-06-19,73.29396057128906,0.0036109697007622,1.0,0.27194269879588057,0.503136521205306,0.22492078971117732,7.0,0.047021909084703245,1.0
2019-06-20,74.36766052246094,0.0146492281601775,1.0,0.08065254762768742,0.6356008142232895,0.28374663647264237,5.0,-0.20309408884495495,1.0
2019-06-21,74.01605987548828,-0.0047278702127043,-1.0,0.05212442918370164,0.6158291896184286,0.33204643117884786,3.0,-0.2799220019951462,1.0
2019-06-24,74.15784454345703,0.0019155932943102,1.0,0.1301892541348934,0.6607527438551187,0.20905800387263293,5.0,-0.07886874973773952,1.0
2019-06-25,72.79679870605469,-0.0183533629622252,-1.0,,,,,,
2019-06-26,73.5812759399414,0.01077626005306,1.0,0.22251100577414032,0.2233008049428462,0.5541881894692778,5.0,-0.33167718369513755,1.0
2019-06-27,73.77030181884766,0.0025689399441855,1.0,0.33218251013507444,0.33838140529890853,0.32943615286300576,3.0,0.002746357272068678,1.0
2019-06-28,73.76085662841797,-0.000128035133337,-1.0,0.33855593639115494,0.5255985433856646,0.1358455377630889,6.0,0.20271039862806603,1.0
2019-07-01,74.932861328125,0.0158892501155618,1.0,0.46576190292835234,0.45408295691013334,0.08015514239668842,5.0,0.38560676053166393,1.0
2019-07-02,75.13136291503906,0.002649059216421,1.0,0.24203264527022839,0.47881457954645157,0.2791527523659169,4.0,-0.037120107095688526,1.0
2019-07-03,75.70790100097656,0.0076737338917898,1.0,0.33324164773027104,0.4409247674047947,0.22583357244729993,3.0,0.10740807528297111,1.0
2019-07-05,75.5661392211914,-0.0018724832931681,-1.0,0.2794156186282634,0.34369292802044316,0.37689143499093397,7.0,-0.09747581636267055,1.0
2019-07-08,74.98957824707031,-0.0076298852907309,-1.0,0.26726637501269573,0.48330863658338785,0.2494250193703919,4.0,0.017841355642303824,1.0
2019-07-09,75.25422668457031,0.0035291362304779,1.0,0.33041954822838304,0.5406189739704133,0.12896146737039083,5.0,0.20145808085799222,1.0
2019-07-10,75.84969329833984,0.0079127331447499,1.0,0.1775555536150932,0.6908566504716873,0.13158781058154997,4.0,0.04596774303354323,1.0
2019-07-11,76.13323211669922,0.0037381669724638,1.0,0.09507846087217327,0.8479558229446411,0.05696567396322883,3.0,0.038112786908944436,1.0
2019-07-12,76.69086456298828,0.0073244289094978,1.0,0.1339459717273712,0.2018402069807052,0.6642138957977295,1.0,-0.5302679240703583,1.0
2019-07-15,76.94607543945312,0.0033277871871588,1.0,0.10491048855086164,0.5655466243624687,0.32954290012518567,6.0,-0.224632411574324,1.0
2019-07-16,76.2277603149414,-0.0093353055423462,-1.0,0.3065524771809578,0.3308074729783194,0.36264007072895765,7.0,-0.05608759354799986,1.0
2019-07-17,76.02928924560547,-0.0026036586738995,-1.0,0.22356497347354884,0.39007976055145266,0.38635528553277254,5.0,-0.1627903120592237,1.0
2019-07-18,76.59637451171875,0.0074587737402274,1.0,0.40233674868941305,0.21020005978643894,0.3874632054939866,5.0,0.014873543195426442,1.0
2019-07-19,76.26554870605469,-0.0043190791701694,-1.0,0.4369939025491476,0.4955794168636203,0.06742671248503027,4.0,0.3695671900641173,1.0
2019-07-22,77.14456176757812,0.0115256898617666,1.0,0.2995492511428892,0.4240144368261099,0.27643631566315885,10.0,0.023112935479730368,1.0
2019-07-23,77.56985473632812,0.0055129351830569,1.0,0.30834176657455303,0.29206502943166657,0.39959318403686794,7.0,-0.09125141746231491,1.0
2019-07-24,78.21259307861328,0.0082859294305748,1.0,0.4833455579355359,0.28386354477455217,0.23279088642448184,6.0,0.25055467151105404,1.0
2019-07-25,77.8912353515625,-0.0041087721861846,-1.0,0.5466798848162094,0.4059419818222523,0.047378130412350054,6.0,0.4993017544038594,1.0
2019-07-26,78.06136322021484,0.002184172171419,1.0,0.3169622186284799,0.4989559967070818,0.18408177047967908,13.0,0.13288044814880082,1.0
2019-07-29,78.01412200927734,-0.0006051804502085,-1.0,0.3442775253206491,0.41216304898262024,0.24355939961969844,3.0,0.10071812570095065,1.0
2019-07-30,77.51317596435547,-0.0064212226199547,-1.0,0.22316456492990253,0.520947452634573,0.25588794716168195,4.0,-0.032723382231779424,1.0
2019-07-31,76.34114837646484,-0.0151203659675818,-1.0,0.3567473959410563,0.27671060827560723,0.36654197901953006,8.0,-0.009794583078473751,1.0
2019-08-01,75.95364379882812,-0.0050759595038549,-1.0,0.21056139245629302,0.29441039822995657,0.49502818696200845,5.0,-0.28446679450571544,1.0
2019-08-02,74.7154769897461,-0.0163016117088662,-1.0,0.09855453031403676,0.6299009626465184,0.2715445110308272,7.0,-0.17298998071679045,1.0
2019-08-05,71.59640502929688,-0.0417459954231073,-1.0,0.18257664225529877,0.5784894870594144,0.23893389024306086,8.0,-0.056357247987762094,1.0
2019-08-06,72.78734588623047,0.0166340873741672,1.0,0.1933322191238403,0.607826991379261,0.1988408146426081,5.0,-0.0055085955187678115,1.0
2019-08-07,73.24100494384766,0.0062326638249219,1.0,0.4273839220404625,0.5593548516432444,0.013261249909798267,3.0,0.4141226721306642,1.0
2019-08-08,75.03683471679688,0.0245194583870884,1.0,0.29227062277495863,0.32285494506359097,0.3848744485527277,5.0,-0.09260382577776904,1.0
2019-08-09,74.1861801147461,-0.0113364936735579,-1.0,0.4870879724621773,0.49863428622484207,0.0142777487635612,2.0,0.4728102236986161,1.0
2019-08-12,73.21265411376953,-0.0131227406434834,-1.0,0.07600966654717918,0.6131040249019861,0.3108863141387701,4.0,-0.23487664759159094,1.0
2019-08-13,75.04630279541016,0.0250455157491109,1.0,0.30774930731526445,0.5088077299296856,0.18344297951885627,7.0,0.12430632779640818,1.0
2019-08-14,72.74005889892578,-0.0307309462369067,-1.0,0.0830214420954386,0.8795458873112997,0.037432674939433704,3.0,0.0455887671560049,1.0
2019-08-15,72.60777282714844,-0.0018186137567081,-1.0,0.42840664957960445,0.539789634446303,0.03180371814717844,3.0,0.39660293143242603,1.0
2019-08-16,73.98770141601562,0.0190052460657659,1.0,0.44176045308510464,0.5319901357094446,0.02624937395254767,3.0,0.41551107913255697,1.0
2019-08-19,75.11245727539062,0.0152019300214607,1.0,0.2855532516592315,0.32356253266334534,0.39088422738547834,7.0,-0.10533097572624683,1.0
2019-08-20,74.7343978881836,-0.0050332448294285,-1.0,0.30153157413005827,0.646382038295269,0.052086400054395146,5.0,0.24944517407566313,1.0
2019-08-21,75.61338806152344,0.01176152077461,1.0,0.5972029669210315,0.3895086571574211,0.013288371730595775,4.0,0.5839145951904356,1.0
2019-08-22,75.43382263183594,-0.0023747835441707,-1.0,0.3724707560613751,0.6115869870409368,0.015942260390147525,4.0,0.3565284956712276,1.0
2019-08-23,72.93856811523438,-0.033078722906301,-1.0,0.0684063136577606,0.1461793929338455,0.7854142785072327,1.0,-0.717007964849472,1.0
2019-08-26,73.94990539550781,0.0138656037046909,1.0,0.1662318222224712,0.8222143451372782,0.011553824724008566,3.0,0.15467799749846264,1.0
2019-08-27,73.83648681640625,-0.0015337217606292,-1.0,0.1560696420492604,0.4775237347930669,0.36640660773264244,8.0,-0.21033696568338203,1.0
2019-08-28,73.90266418457031,0.0008962691890881,1.0,0.27491734176874155,0.28607273101806635,0.43900989027072984,3.0,-0.1640925485019883,1.0
2019-08-29,75.18807220458984,0.0173932568494317,1.0,0.2759307667613029,0.7014692485332489,0.022600028663873638,5.0,0.2533307380974293,1.0
2019-08-30,75.16915893554688,-0.000251546136088,-1.0,0.046176793985068756,0.4189129251986741,0.5349102426320315,5.0,-0.4887334486469627,1.0
2019-09-03,74.25235748291016,-0.0121965107182164,-1.0,0.02929030079394575,0.47018749453127384,0.500522194430232,4.0,-0.4712318936362863,1.0
2019-09-04,75.51887512207031,0.0170569350535658,1.0,0.45282774697989225,0.0730292089283466,0.4741430813446641,2.0,-0.021315334364771843,1.0
2019-09-05,77.09730529785156,0.0209011346266723,1.0,0.07552493410184977,0.9000080972909927,0.024466992123052426,4.0,0.051057941978797344,1.0
2019-09-06,77.03114318847656,-0.0008581637077896,-1.0,0.3512357054278254,0.3797536678612232,0.2690106446389109,4.0,0.0822250607889145,1.0
2019-09-09,76.45458984375,-0.0074846785450901,-1.0,0.033920697557429436,0.12095022791375713,0.8451290627320608,6.0,-0.8112083651746314,1.0
2019-09-10,76.06709289550781,-0.005068328128293,-1.0,0.2988435231770078,0.5117175026486317,0.18943895896275834,6.0,0.10940456421424946,1.0
2019-09-11,76.86103057861328,0.0104373343700157,1.0,0.04857349970067538,0.6020422782748938,0.34938423273464037,6.0,-0.300810733033965,1.0
2019-09-12,77.2768783569336,0.0054103851482316,1.0,0.25040766822972466,0.32997587216751917,0.41961642926824944,7.0,-0.16920876103852478,1.0
2019-09-13,76.70980834960938,-0.0073381588307046,-1.0,0.04930664133280513,0.23830482643097636,0.7123885662294924,4.0,-0.6630819248966873,1.0
2019-09-16,76.52075958251953,-0.0024644666849934,-1.0,0.10036476577321682,0.7139860830373235,0.18564916102008683,9.0,-0.08528439524687001,1.0
2019-09-17,76.8326644897461,0.0040760822151824,1.0,0.16124741137027737,0.46074302345514295,0.3780095811933279,5.0,-0.21676216982305052,1.0
2019-09-18,76.82321166992188,-0.0001230312639421,-1.0,0.46897085942327976,0.05013335868716235,0.4808957991190254,2.0,-0.011924939695745651,1.0
2019-09-19,76.99331665039062,0.0022142393785828,1.0,0.2529871806036681,0.5490308857988566,0.197981949429959,8.0,0.05500523117370909,1.0
2019-09-20,76.095458984375,-0.01166150134943,-1.0,0.5350701063871384,0.37666586413979525,0.08826403168495738,4.0,0.446806074702181,1.0
2019-09-23,76.3324966430664,0.0031150039943919,1.0,0.4964405931532383,0.49010034650564194,0.0134591017849743,2.0,0.482981491368264,1.0
2019-09-24,75.59298706054688,-0.0096880046512497,-1.0,0.09246496794124441,0.8725408911705017,0.034994135300318335,3.0,0.057470832640926076,1.0
2019-09-25,76.4936752319336,0.0119149699781715,1.0,0.11374167026951908,0.5031281393021345,0.3831302251201123,4.0,-0.2693885548505932,1.0
2019-09-26,76.57898712158203,0.0011152803076825,1.0,0.0581618674099445,0.6034136340022087,0.33842448629438876,5.0,-0.28026261888444426,1.0
2019-09-27,75.55503845214844,-0.0133711440686451,-1.0,0.3195989206433296,0.6632460504770279,0.0171550142889221,3.0,0.30244390635440754,1.0
2019-09-30,76.35144805908203,0.010540787527201,1.0,0.3803593819029629,0.054536791518330546,0.56510379165411,2.0,-0.18474440975114703,1.0
2019-10-01,75.64037322998047,-0.0093131806557397,-1.0,0.03944619372487063,0.5889959745109081,0.37155785659948987,3.0,-0.33211166287461924,1.0
2019-10-02,74.21822357177734,-0.0188014627304806,-1.0,0.041411974777777937,0.7456924120585123,0.212895614405473,3.0,-0.17148363962769506,1.0
2019-10-03,75.12841796875,0.0122637588609539,1.0,0.43330690264701843,0.34882482637961704,0.21786825545132157,3.0,0.21543864719569686,1.0
2019-10-04,76.37044525146484,0.0165320569272664,1.0,0.32193558538953465,0.39720331877470016,0.28086108528077597,3.0,0.04107450010875868,1.0
2019-10-07,76.04806518554688,-0.0042212673352429,-1.0,0.7788141171137491,0.20756942033767692,0.013616492971777866,3.0,0.7651976241419712,1.0
2019-10-08,74.65433502197266,-0.0183269641400305,-1.0,0.0435802601277828,0.812538206577301,0.1438815146684646,1.0,-0.10030125454068181,1.0
2019-10-09,75.76361846923828,0.0148589287807483,1.0,0.1061912508681416,0.652999897301197,0.2408088594675064,5.0,-0.1346176085993648,1.0
2019-10-10,76.28507995605469,0.0068827426323114,1.0,0.2553026296664029,0.4962423946708441,0.2484549593646079,4.0,0.006847670301794978,1.0
2019-10-11,77.33748626708984,0.0137957030606956,1.0,0.0194796398282051,0.4323993623256683,0.5481210350990295,1.0,-0.5286413952708244,1.0
2019-10-14,77.29008483886719,-0.0006129165881982,-1.0,0.3956916950643062,0.5771641708910465,0.02714412230998272,5.0,0.3685475727543235,1.0
2019-10-15,78.14339447021484,0.0110403505588927,1.0,0.32254878325121744,0.6066751014441252,0.07077614098255118,7.0,0.25177264226866625,1.0
2019-10-16,77.60296630859375,-0.0069158521367673,-1.0,0.19372113394950113,0.4700269007257053,0.3362519922001021,7.0,-0.14253085825060097,1.0
2019-10-17,77.45127868652344,-0.0019546626796083,-1.0,0.5827548007170359,0.19967002173264817,0.21757519897073505,3.0,0.3651796017463008,1.0
2019-10-18,76.71174621582031,-0.009548357151033,-1.0,0.044638554565608474,0.7952968627214432,0.160064578987658,4.0,-0.11542602442204952,1.0
2019-10-21,77.5365982055664,0.0107526165214055,1.0,0.28983296593651175,0.4580196440219879,0.25214739819057286,8.0,0.0376855677459389,1.0
2019-10-22,76.4936752319336,-0.0134507187285647,-1.0,0.35891640993456037,0.5949045786013205,0.04617903071145213,3.0,0.31273737922310824,1.0
2019-10-23,76.56004333496094,0.0008676286349964,1.0,0.3116128617548384,0.3340173666365444,0.35436976631171996,8.0,-0.04275690455688158,1.0
2019-10-24,77.67881774902344,0.014613032664672,1.0,0.34551380970515305,0.20203039329499003,0.45245582796633244,4.0,-0.10694201826117938,1.0
2019-10-25,78.61746215820312,0.0120836598236138,1.0,0.26202167721930886,0.5860970029607415,0.15188131935428825,8.0,0.1101403578650206,1.0
2019-10-28,79.61297607421875,0.0126627582306375,1.0,0.516776870403971,0.4060281419328281,0.0771949962779347,14.0,0.43958187412603633,1.0
2019-10-29,78.89240264892578,-0.0090509545155204,-1.0,0.13050056677311656,0.497525370772928,0.37197407055646176,10.0,-0.2414735037833452,1.0
2019-10-30,79.3759536743164,0.0061292470396985,1.0,0.2757722221107946,0.5853522192272875,0.13887556321505037,9.0,0.13689665889574423,1.0
2019-10-31,79.32855224609375,-0.000597176172738,-1.0,0.2484517073258757,0.197301997244358,0.5542463008314371,5.0,-0.3057945935055614,1.0
2019-11-01,80.27665710449219,0.0119516218505693,1.0,0.3228519708383828,0.5489903632551432,0.12815765468403692,10.0,0.19469431615434588,1.0
2019-11-04,80.69381713867188,0.0051965297164366,1.0,0.21567730270326133,0.48811385631561277,0.2962088162079453,5.0,-0.08053151350468399,1.0
2019-11-05,80.5989990234375,-0.0011750356916618,-1.0,0.13720445032231504,0.5313524040393531,0.3314431548351422,8.0,-0.19423870451282715,1.0
2019-11-06,80.56108856201172,-0.0004703589608445,-1.0,0.2003774089472634,0.7150775965835366,0.08454497451228753,7.0,0.11583243443497589,1.0
2019-11-07,81.19630432128906,0.0078848954329655,1.0,0.14739183097013403,0.33838630680527004,0.514221863954195,7.0,-0.36683003298406097,1.0
2019-11-08,81.65140533447266,0.0056049473801516,1.0,0.44009935110807413,0.48793929070234293,0.0719613200053572,2.0,0.3681380311027169,1.0
2019-11-11,81.68932342529297,0.0004643899350535,1.0,0.14337973456297598,0.5716212461037296,0.28499899511890747,7.0,-0.1416192605559315,1.0
2019-11-12,81.96427917480469,0.0033658713034043,1.0,0.04644335131160909,0.28774135233834386,0.6658152821473777,4.0,-0.6193719308357686,1.0
2019-11-13,82.1444320678711,0.0021979439687647,1.0,0.10358026131455382,0.6089114512183836,0.28750825806387825,7.0,-0.18392799674932442,1.0
2019-11-14,82.04962921142578,-0.0011540996030866,-1.0,0.24126239916817704,0.5082921135154638,0.25044549027965823,11.0,-0.00918309111148119,1.0
2019-11-15,82.71329498291016,0.008088589526398,1.0,0.2580092059448361,0.5493891425430775,0.19260167423635718,10.0,0.06540753170847893,1.0
2019-11-18,82.95980834960938,0.0029803354678368,1.0,0.0712900515645742,0.6775793433189392,0.25113059766590595,4.0,-0.17984054610133177,1.0
2019-11-19,83.12095642089844,0.0019424836495518,1.0,0.30938416958919596,0.5385410056582519,0.15207483952066725,7.0,0.1573093300685287,1.0
2019-11-20,82.61846160888672,-0.00604534444319,-1.0,0.05750423111021514,0.6221651650137372,0.32033057873033816,9.0,-0.262826347620123,1.0
2019-11-21,82.20130157470703,-0.0050492350747767,-1.0,0.28324333904311055,0.48192561976611614,0.23483104386832562,4.0,0.04841229517478493,1.0
2019-11-22,82.09701538085938,-0.0012686684012281,-1.0,0.03344979323446747,0.12778091679016748,0.838769276936849,3.0,-0.8053194837023815,1.0
2019-11-25,83.2916259765625,0.0145512061572661,1.0,0.04107638122513885,0.4972398597747087,0.46168377855792636,4.0,-0.4206073973327875,1.0
2019-11-26,83.36750793457031,0.0009110394606675,1.0,0.014872932806611,0.0397981069982051,0.945328950881958,1.0,-0.9304560180753471,1.0
2019-11-27,83.8320541381836,0.0055722692823907,1.0,0.23220600094646215,0.5113461874425411,0.2564478332642465,4.0,-0.024241832317784373,1.0
2019-11-29,83.58556365966797,-0.0029402891417801,-1.0,0.3296764227561652,0.6326022543944418,0.03772132762242104,8.0,0.2919550951337442,1.0
2019-12-02,82.39094543457031,-0.0142921597078861,-1.0,0.0443342612124979,0.5145474703361591,0.4411182614664237,6.0,-0.3967840002539258,1.0
2019-12-03,81.660888671875,-0.0088608858515293,-1.0,0.3414050421367089,0.6294614883760611,0.029133460872496117,6.0,0.3122715812642128,1.0
2019-12-04,81.99272155761719,0.004063547325275,1.0,0.126327415721284,0.6134855349858602,0.26018704949981636,9.0,-0.13385963377853236,1.0
2019-12-05,82.29611206054688,0.0037002126184637,1.0,0.0222406798663238,0.5262124867488941,0.45154681367178756,6.0,-0.4293061338054638,1.0
2019-12-06,83.20631408691406,0.0110600853865068,1.0,0.0368126817047596,0.8946466445922852,0.0685406252741813,1.0,-0.0317279435694217,1.0
2019-12-09,82.77018737792969,-0.0052415097792796,-1.0,0.040881753433495704,0.2921628775075078,0.6669553553219885,4.0,-0.6260736018884927,1.0
2019-12-10,82.83654022216797,0.0008016514924065,1.0,0.05025726172607387,0.5683090717066079,0.38143367576412857,8.0,-0.3311764140380547,1.0
2019-12-11,83.39594268798828,0.0067530882424591,1.0,0.05112382955849165,0.6485765874385834,0.3002995252609253,2.0,-0.24917569570243364,1.0
2019-12-12,84.28716278076172,0.0106866121306139,1.0,0.1176151286344975,0.3976684850640595,0.48471642402000725,4.0,-0.36710129538550973,1.0
2019-12-13,84.84651947021484,0.0066363212498687,1.0,0.4796121083199978,0.4916188288480043,0.028769103810191102,2.0,0.4508430045098067,1.0
2019-12-16,85.60503387451172,0.0089398411276393,1.0,0.2832332607358694,0.6649907818064094,0.0517759751528501,4.0,0.2314572855830193,1.0
2019-12-17,85.40592956542969,-0.0023258481431582,-1.0,0.5456584095954895,0.4426682889461517,0.0116733284667134,1.0,0.5339850811287761,1.0
2019-12-18,85.39645385742188,-0.0001109490647315,-1.0,0.3632529631722718,0.25104002561420197,0.3857070173835382,8.0,-0.022454054211266394,1.0
2019-12-19,86.01274108886719,0.007216777788856,1.0,0.40326855033636094,0.38721462041139604,0.2095168119296431,5.0,0.19375173840671783,1.0
2019-12-20,86.51210021972656,0.0058056414030969,1.0,0.3550263117067516,0.3151362622156739,0.3298374202568084,4.0,0.025188891449943185,1.0
2019-12-23,86.75943756103516,0.0028589912934768,1.0,0.0178896151483058,0.0357486605644226,0.9463617205619812,1.0,-0.9284721054136754,1.0
2019-12-24,86.7879638671875,0.0003287977303019,1.0,,,,,,
2019-12-26,87.43478393554688,0.007452877559718,1.0,0.8313443859418234,0.14208300908406574,0.0265725982996324,3.0,0.8047717876421909,1.0
2019-12-27,87.4252700805664,-0.0001088108708254,-1.0,0.7373477816581726,0.1152355670928955,0.1474166363477707,1.0,0.5899311453104019,1.0
2019-12-30,86.92113494873047,-0.0057664692527841,-1.0,0.0173543002456426,0.0743775740265846,0.9082680940628052,1.0,-0.8909137938171626,1.0
2019-12-31,87.19697570800781,0.0031734601652411,1.0,0.0996520295739173,0.8504030704498291,0.0499449260532856,1.0,0.04970710352063171,1.0
2020-01-02,88.83305358886719,0.0187630117624495,1.0,0.12188341422006485,0.39851892925798893,0.4795976835303008,2.0,-0.357714269310236,1.0
2020-01-03,87.83428192138672,-0.0112432436703452,-1.0,0.9414448738098145,0.0313180983066558,0.0272370241582393,1.0,0.9142078496515752,1.0
2020-01-06,88.0435562133789,0.0023826037785508,1.0,0.3356562263797968,0.42238481016829604,0.24195896927267307,8.0,0.09369725710712373,1.0
2020-01-07,88.00550842285156,-0.0004321473616437,-1.0,0.0842662900686264,0.9021100997924804,0.0136236110702157,1.0,0.0706426789984107,1.0
2020-01-08,88.94720458984375,0.0107004230061089,1.0,0.29913440346717834,0.16120867213855186,0.5396569464355707,3.0,-0.24052254296839237,1.0
2020-01-09,89.9554672241211,0.0113355179505267,1.0,0.42899469099938864,0.5266837682574987,0.04432153445668513,4.0,0.3846731565427035,1.0
2020-01-10,89.74620056152344,-0.0023263362311961,-1.0,0.11629604734480375,0.5014254003763199,0.38227854529395694,2.0,-0.2659824979491532,1.0
2020-01-13,90.8686065673828,0.0125064459424097,1.0,0.14324427820328206,0.566200559751855,0.29055516090657973,9.0,-0.14731088270329767,1.0
2020-01-14,90.4405746459961,-0.0047104488288736,-1.0,0.31676998858650524,0.09388866027196242,0.589341419438521,3.0,-0.2725714308520158,1.0
2020-01-15,90.54522705078124,0.0011571399805316,1.0,0.17135355621576304,0.8171310871839523,0.011515341931953974,4.0,0.15983821428380907,1.0
2020-01-16,91.76276397705078,0.0134467267455931,1.0,0.10652537867426867,0.7027576208114624,0.19071699064224956,5.0,-0.08419161196798089,1.0
2020-01-17,92.38103485107422,0.006737709798912,1.0,0.03381744710107643,0.6140081242968639,0.3521744906902313,3.0,-0.3183570435891549,1.0
2020-01-21,92.3429946899414,-0.0004117745724989,-1.0,0.13177107106894254,0.4079773869365454,0.4602515663951635,10.0,-0.328480495326221,1.0
2020-01-22,92.67591857910156,0.003605296647331,1.0,0.342520889959165,0.3858388577188764,0.2716402927679675,7.0,0.07088059719119755,1.0
2020-01-23,93.1134796142578,0.0047214102850543,1.0,0.3084478109143674,0.4368369966745377,0.254715206567198,10.0,0.05373260434716942,1.0
2020-01-24,92.67591857910156,-0.004699223323722,-1.0,0.34871802532247126,0.4382099032934223,0.21307206579617088,7.0,0.13564595952630037,1.0
2020-01-27,90.4691162109375,-0.0238120366325853,-1.0,0.19140129505346215,0.5868885343273481,0.22171016549691555,6.0,-0.0303088704434534,1.0
2020-01-28,92.20033264160156,0.0191359936204922,1.0,0.2573824567099412,0.47210763407250245,0.2705098963653047,15.0,-0.013127439655363504,1.0
2020-01-29,92.4381103515625,0.0025789246432028,1.0,0.5826782492490915,0.17608020741205946,0.24124154036578074,13.0,0.3414367088833108,1.0
2020-01-30,93.23712921142578,0.008643825115252,1.0,0.03997518718242642,0.5566499250009656,0.403374882042408,5.0,-0.3633996948599816,1.0
2020-01-31,90.67839050292967,-0.0274433450508099,-1.0,0.24713057838380334,0.7309740483760834,0.021895418874919352,2.0,0.22523515950888398,1.0
2020-02-03,91.87689971923828,0.0132171425811742,1.0,0.17169124573203062,0.35857899061271115,0.4697297763611589,7.0,-0.29803853062912833,1.0
2020-02-04,94.2834701538086,0.0261934223066344,1.0,0.08126114557186757,0.6199697069823742,0.29876913363113994,6.0,-0.21750798805927235,1.0
2020-02-05,94.83514404296876,0.0058512259705778,1.0,0.4523425243794918,0.4935775116086005,0.05407998468726868,5.0,0.39826253969222314,1.0
2020-02-06,95.70074462890624,0.0091274241703611,1.0,0.04099993947893376,0.5052121926099062,0.45378788765519856,5.0,-0.4127879481762648,1.0
2020-02-07,94.82563018798828,-0.0091442803743203,-1.0,0.16164079960435623,0.49559673964977263,0.34276246335357424,5.0,-0.181121663749218,1.0
2020-02-10,96.10977935791016,0.0135422160377536,1.0,0.12122901394549339,0.5064151924517419,0.3723557860487037,9.0,-0.25112677210321027,1.0
2020-02-11,95.78634643554688,-0.0033652446662979,-1.0,0.22002878153903613,0.5028386347823672,0.27713256981223816,9.0,-0.05710378827320203,1.0
2020-02-12,96.82317352294922,0.0108243724286947,1.0,0.41348258033394814,0.31347383807102835,0.2730436096899211,3.0,0.14043897064402705,1.0
2020-02-13,96.56634521484376,-0.0026525499915015,-1.0,0.3127757965454033,0.3131434390587466,0.37408075268779484,7.0,-0.061304956142391565,1.0
2020-02-14,96.98489379882812,0.0043343111210552,1.0,0.21200177871755188,0.34408369074974743,0.44391453572149786,7.0,-0.23191275700394598,1.0
2020-02-18,96.62340545654295,-0.0037272644030006,-1.0,0.19731336200077615,0.18133144333426438,0.6213551829569042,14.0,-0.424041820956128,1.0
2020-02-19,97.77436065673828,0.0119117639743402,1.0,0.2926453354635409,0.4909247383475303,0.21642992392714536,7.0,0.07621541153639552,1.0
2020-02-20,96.75659942626952,-0.0104092854571749,-1.0,0.06462305597960946,0.4268011400210005,0.508575812115201,7.0,-0.4439527561355915,1.0
2020-02-21,94.5878448486328,-0.0224145390650004,-1.0,0.071450300514698,0.4565384183079004,0.47201131423935294,2.0,-0.4005610137246549,1.0
2020-02-24,90.67839050292967,-0.0413314665532273,-1.0,0.34096828824840486,0.30299255531281233,0.3560391468927264,8.0,-0.01507085864432156,1.0
2020-02-25,87.77721405029297,-0.0319941326323273,-1.0,0.23233895935118196,0.2846545381471514,0.4830064902780577,8.0,-0.25066753092687577,1.0
2020-02-26,88.17671203613281,0.00455127210589,1.0,0.19650683295913038,0.3441920801997185,0.4593010755876699,6.0,-0.26279424262853956,1.0
2020-02-27,83.42068481445312,-0.0539374525524468,-1.0,0.23946923700471714,0.46908362872070736,0.2914471644908189,9.0,-0.05197792748610178,1.0
2020-02-28,84.0579833984375,0.0076395750694431,1.0,0.3548821993172168,0.5624937266111374,0.0826240554451942,2.0,0.27225814387202263,1.0
2020-03-02,88.91864776611328,0.0578251365445692,1.0,0.18922599684447047,0.3728434935212135,0.4379305191338062,5.0,-0.24870452228933573,1.0
2020-03-03,85.54190826416016,-0.0379756056438814,-1.0,0.17662543058395383,0.3678549329439799,0.4555196240544319,3.0,-0.27889419347047806,1.0
2020-03-04,89.2135238647461,0.0429218341639947,1.0,0.3070586199561754,0.6155143678188324,0.07742706593126057,3.0,0.2296315540249148,1.0
2020-03-05,86.39796447753906,-0.0315597822531437,-1.0,0.35373805966228244,0.272075243294239,0.3741867197677492,5.0,-0.020448660105466754,1.0
2020-03-06,84.57164001464844,-0.021138512625091,-1.0,0.0223782286047935,0.8334749937057495,0.1441468000411987,1.0,-0.12176857143640521,1.0
2020-03-09,78.15101623535156,-0.075919348119355,-1.0,0.45038810931146145,0.0623081754893064,0.4873036751523614,2.0,-0.036915565840899944,1.0
2020-03-10,83.36361694335938,0.0666990777485232,1.0,0.2457200802552203,0.4084531472374995,0.3458267596239845,6.0,-0.10010667936876422,1.0
2020-03-11,79.42562866210938,-0.0472386926772339,-1.0,0.1543104946613311,0.7017922401428223,0.1438973397016525,1.0,0.010413154959678594,1.0
2020-03-12,71.67330932617188,-0.0976047588986325,-1.0,0.359731176123023,0.27721975520253184,0.3630490630865097,5.0,-0.0033178869634866714,1.0
2020-03-13,80.08195495605469,0.1173190649202011,1.0,0.2718318983912468,0.5965947687625885,0.13157336357980962,5.0,0.14025853481143716,1.0
2020-03-16,69.01943969726562,-0.1381399250912351,-1.0,0.12235822031895315,0.4141752605016033,0.46346650552004576,6.0,-0.3411082852010926,1.0
2020-03-17,73.71839141845703,0.0680815686392419,1.0,,,,,,
2020-03-18,70.94088745117188,-0.0376772188573522,-1.0,0.1331027001142501,0.8522053360939026,0.0146920047700405,1.0,0.1184106953442096,1.0
2020-03-19,71.19771575927734,0.0036203142832438,1.0,0.08578267451375719,0.38295808695256706,0.5312592266127467,5.0,-0.4454765520989895,1.0
2020-03-20,67.93508911132812,-0.0458248781320499,-1.0,0.0136597948148846,0.3644197173416614,0.6219204664230347,2.0,-0.6082606716081501,1.0
2020-03-23,67.31449127197266,-0.0091351589800444,-1.0,0.26467598741874093,0.371509363874793,0.363814678043127,4.0,-0.09913869062438607,1.0
2020-03-24,74.20850372314453,0.1024149825825437,1.0,0.0642405902035534,0.4506041165441274,0.48515532165765757,2.0,-0.4209147314541042,1.0
2020-03-25,74.1129150390625,-0.0012881095735153,-1.0,0.5532454773783684,0.3190361000597477,0.127718411386013,2.0,0.42552706599235535,1.0
2020-03-26,78.70252227783203,0.0619272259949632,1.0,0.09738866984844205,0.4434242583811283,0.45918709319084877,2.0,-0.36179842334240675,1.0
2020-03-27,75.14555358886719,-0.045195104121418,-1.0,0.20769826578907666,0.4353220257908106,0.3569797100499272,4.0,-0.14928144426085052,1.0
2020-03-30,78.31049346923828,0.042117460438005,1.0,0.38099511861801144,0.2766187913715839,0.34238607473671434,5.0,0.0386090438812971,1.0
2020-03-31,76.8475570678711,-0.0186812307847588,-1.0,0.6700651446978251,0.3068295270204544,0.023105331075688133,3.0,0.646959813622137,1.0
2020-04-01,73.18539428710938,-0.0476549017365292,-1.0,0.32647869860132533,0.5551113486289978,0.1184099602202574,3.0,0.20806873838106793,1.0
2020-04-02,74.89696502685547,0.0233867803325829,1.0,0.7248069047927856,0.2570169866085052,0.0181761234998703,1.0,0.7066307812929153,1.0
2020-04-03,73.73998260498047,-0.0154476542735763,-1.0,0.0706550128757953,0.33709899783134456,0.5922459777444601,5.0,-0.5215909648686647,1.0
2020-04-06,80.03160858154297,0.0853217719112611,1.0,0.28964022019257146,0.3241271668424208,0.38623263748983533,3.0,-0.09659241729726387,1.0
2020-04-07,79.31446838378906,-0.008960712029463,-1.0,0.23707415461540218,0.556683662161231,0.2062421932816505,5.0,0.030831961333751684,1.0
2020-04-08,81.44672393798828,0.0268835635874353,1.0,0.3613144968237196,0.3709710698042597,0.26771443031196085,7.0,0.09360006651175873,1.0
2020-04-09,81.46586608886719,0.0002350266524344,1.0,,,,,,
2020-04-13,81.64752960205078,0.0022299341049836,1.0,0.1428499432901541,0.5501611729462942,0.30698886296401423,3.0,-0.16413891967386013,1.0
2020-04-14,85.07062530517578,0.0419252819994571,1.0,0.22590848430991173,0.596258482336998,0.17783302515745159,5.0,0.04807545915246014,1.0
2020-04-15,83.21566009521484,-0.0218050026469956,-1.0,0.2681580446660518,0.528979229927063,0.2028627004474401,5.0,0.06529534421861172,1.0
2020-04-16,84.22920989990234,0.0121797964893604,1.0,0.27948412951081986,0.6495660947014888,0.07094979177539544,6.0,0.2085343377354244,1.0
2020-04-17,85.3479232788086,0.0132817745795754,1.0,0.1764791270252317,0.45463548833504314,0.3688853938365355,8.0,-0.19240626681130382,1.0
2020-04-20,83.98059844970703,-0.0160205987043747,-1.0,0.42788631608709693,0.0838394798338413,0.48827419802546507,2.0,-0.06038788193836814,1.0
2020-04-21,80.4618911743164,-0.0418990497846696,-1.0,0.3632072422653437,0.39296879395842554,0.2438239792361855,5.0,0.11938326302915817,1.0
2020-04-22,83.55989074707031,0.0385026939777273,1.0,0.34464092055956524,0.05711668605605757,0.5982424182196457,3.0,-0.2536014976600805,1.0
2020-04-23,82.98617553710938,-0.0068659162288463,-1.0,0.07816472649574274,0.9094493389129639,0.01238591363653535,2.0,0.06577881285920739,1.0
2020-04-24,84.74553680419922,0.0212006548765837,1.0,0.17607093788683412,0.42540844455361365,0.3985206112265587,5.0,-0.22244967333972457,1.0
2020-04-27,85.47220611572266,0.0085747207336992,1.0,0.4098148248158395,0.2636700356379151,0.326515139080584,4.0,0.08329968573525548,1.0
2020-04-28,84.33438110351562,-0.0133122223458992,-1.0,0.48739668503403666,0.16829081922769543,0.3443124854937195,5.0,0.14308419954031715,1.0
2020-04-29,87.79573059082031,0.0410431598834653,1.0,0.340371653670445,0.25415443582460284,0.40547393029555673,4.0,-0.06510227662511175,1.0
2020-04-30,87.40369415283203,-0.0044653246274058,-1.0,0.5095070437528193,0.2381333410739898,0.2523596286773681,4.0,0.2571474150754512,1.0
2020-05-01,85.00370025634766,-0.027458723795905,-1.0,0.08659076504409306,0.2781419493257999,0.6352672924598058,3.0,-0.5486765274157128,1.0
2020-05-04,86.1319808959961,0.0132733120587205,1.0,0.09942572861909864,0.6987112332135439,0.20186304152011866,5.0,-0.10243731290102003,1.0
2020-05-05,87.317626953125,0.0137654567420266,1.0,0.252240240573883,0.740479052066803,0.0072807068936526,1.0,0.2449595336802304,1.0
2020-05-06,87.99651336669922,0.0077749068230938,1.0,0.0247216708958148,0.43086237646639347,0.5444158837199211,2.0,-0.5196942128241063,1.0
2020-05-07,89.31604766845703,0.0149953021008804,1.0,0.521423660684377,0.12071823142468925,0.3578581362962723,4.0,0.16356552438810468,1.0
2020-05-08,90.6259994506836,0.0146664772616129,1.0,0.1814995296299457,0.403039637953043,0.4154608095064759,5.0,-0.2339612798765302,1.0
2020-05-11,91.2283935546875,0.0066470340482336,1.0,,,,,,
2020-05-12,89.3447265625,-0.0206478149925803,-1.0,,,,,,
2020-05-13,87.80528259277344,-0.0172303842538447,-1.0,0.4728466123342514,0.5135081931948662,0.0136451940052211,2.0,0.4592014183290303,1.0
2020-05-14,88.92400360107422,0.01274093055983,1.0,0.09318614937365055,0.8934164643287659,0.01339737931266425,2.0,0.07978877006098631,1.0
2020-05-15,89.37340545654297,0.0050537744283853,1.0,0.030803435792525563,0.08713344608743984,0.8820631504058838,3.0,-0.8512597146133583,1.0
2020-05-18,91.56304168701172,0.0244998634580779,1.0,0.3484700879392524,0.2474665014694134,0.40406339801847935,6.0,-0.055593310079226965,1.0
2020-05-19,91.2283935546875,-0.0036548385260959,-1.0,0.25690311491489404,0.5741684138774872,0.16892846310511228,5.0,0.08797465180978176,1.0
2020-05-20,93.22677612304688,0.0219052697355832,1.0,0.5835662285486857,0.33047357449928916,0.08596015426640707,3.0,0.4976060742822786,1.0
2020-05-21,91.92638397216795,-0.0139486980560453,-1.0,0.30061028748750684,0.5981974251568317,0.10119229601696131,5.0,0.19941799147054554,1.0
2020-05-22,92.26104736328124,0.0036405586367305,1.0,0.08031695708632465,0.8388039767742157,0.08087903447449206,2.0,-0.000562077388167409,1.0
2020-05-26,92.16543579101562,-0.0010363157041686,-1.0,0.36781804077327246,0.4208938583731651,0.21128814406692978,5.0,0.15652989670634268,1.0
2020-05-27,92.69132232666016,0.0057058975648633,1.0,0.03509836147228873,0.6593925058841705,0.3055091289182504,3.0,-0.27041076744596165,1.0
2020-05-28,92.50965118408205,-0.0019599584731121,-1.0,0.11473908238112922,0.4177422232925892,0.4675186786800622,5.0,-0.35277959629893296,1.0
2020-05-29,93.67618560791016,0.0126098672830023,1.0,0.09783719604214026,0.6679496367772421,0.23421315072725213,3.0,-0.13637595468511188,1.0
2020-06-01,93.6475067138672,-0.0003061492508137,-1.0,0.07781331210086737,0.3221120859185854,0.6000746165712675,3.0,-0.5222613044704001,1.0
2020-06-02,94.52717590332033,0.0093934074736328,1.0,0.22320851702243086,0.4464884728193283,0.3303030544891953,5.0,-0.10709453746676442,1.0
2020-06-03,95.26341247558594,0.0077886233797845,1.0,0.29615982932349044,0.3930950512488683,0.31074512066940463,3.0,-0.014585291345914186,1.0
2020-06-04,94.47933197021484,-0.0082306573425766,-1.0,0.04478585366159674,0.38176967203617096,0.5734444834291935,5.0,-0.5286586297675968,1.0
2020-06-05,96.96540832519533,0.0263134412906753,1.0,0.4698957821819931,0.18038021447136993,0.3497240296564996,4.0,0.1201717525254935,1.0
2020-06-08,97.45305633544922,0.0050290925256402,1.0,0.3660009416441123,0.4623871793349584,0.17161188554018733,6.0,0.19438905610392496,1.0
2020-06-09,97.91204071044922,0.0047097996949434,1.0,0.10420782988270116,0.25186468660831446,0.6439274748166403,3.0,-0.5397196449339391,1.0
2020-06-10,99.5470733642578,0.0166989947502349,1.0,0.06605895608663555,0.5724363625049591,0.361504697240889,2.0,-0.2954457411542535,1.0
2020-06-11,93.83873748779295,-0.0573430808515804,-1.0,0.16490224609151477,0.41256164262692135,0.4225361136098702,6.0,-0.25763386751835543,1.0
2020-06-12,95.05307006835938,0.0129406321214027,1.0,0.0791481509804725,0.9104258418083192,0.0104260044172406,1.0,0.06872214656323189,1.0
2020-06-15,95.97098541259766,0.009656872140775,1.0,0.1491853087209165,0.36753440275788307,0.4832803681492805,2.0,-0.334095059428364,1.0
2020-06-16,98.0172119140625,0.0213213034404899,1.0,0.04622377231717104,0.6009515330195427,0.3528246654197573,5.0,-0.30660089310258626,1.0
2020-06-17,97.99807739257812,-0.0001952159331072,-1.0,0.22294224146753547,0.39862177095242907,0.37843597893204,7.0,-0.15549373746450454,1.0
2020-06-18,98.43789672851562,0.0044880404558917,1.0,0.24303421890363097,0.450371946208179,0.3065938474610448,4.0,-0.06355962855741382,1.0
2020-06-19,97.75902557373048,-0.0068964410795714,-1.0,0.0168111640959978,0.0396342715248465,0.943554550409317,2.0,-0.9267433863133192,1.0
2020-06-22,99.60089111328124,0.0188408745764512,1.0,0.23623449094593524,0.23713101148605348,0.5266344655305147,5.0,-0.2903999745845795,1.0
2020-06-23,100.32001495361328,0.0072200542815841,1.0,0.3905266313813627,0.455686318455264,0.1537870902684517,8.0,0.23673954111291098,1.0
2020-06-24,98.05722045898438,-0.022555763131367,-1.0,0.30576382949948305,0.14434998234113053,0.5498861890907089,3.0,-0.2441223595912258,1.0
2020-06-25,99.31326293945312,0.0128092808932325,1.0,0.061159063596278374,0.6869482034817338,0.25189273757860065,4.0,-0.19073367398232227,1.0
2020-06-26,97.35729217529295,-0.0196949602325787,-1.0,0.23368332907557485,0.5452531278133392,0.22106359371294573,3.0,0.012619735362629114,1.0
2020-06-29,98.4215850830078,0.0109318252791847,1.0,0.17046782746911046,0.7481339275836945,0.0813982549589127,2.0,0.08906957251019776,1.0
2020-06-30,100.18577575683594,0.0179248350078922,1.0,0.1301904888823628,0.39813339663669467,0.47167613892816,8.0,-0.34148565004579723,1.0
2020-07-01,100.3487777709961,0.0016269975745437,1.0,0.3246020227670669,0.4262196432266916,0.24917833320796484,7.0,0.07542368955910206,1.0
2020-07-02,100.9336395263672,0.0058282897745483,1.0,0.2653294312767684,0.3626676732674241,0.37200290104374284,4.0,-0.10667346976697445,1.0
2020-07-06,102.69784545898438,0.0174788696899839,1.0,0.15440366650000212,0.45684070761005086,0.38875563256442547,6.0,-0.23435196606442335,1.0
2020-07-07,101.62398529052734,-0.0104565014354259,-1.0,0.43339516054838895,0.359961662441492,0.20664320290088653,5.0,0.22675195764750242,1.0
2020-07-08,103.28273010253906,0.0163223751486385,1.0,0.31593378749676043,0.36805315501987934,0.31601304700598115,8.0,-7.925950922071934e-05,1.0
2020-07-09,103.65665435791016,0.0036203947649318,1.0,0.3030484095215797,0.4377222629263997,0.25922935351263726,4.0,0.043819056008942425,1.0
2020-07-10,103.62789916992188,-0.0002774080271681,-1.0,0.241635026410222,0.500479320064187,0.25788566155824805,8.0,-0.01625063514802605,1.0
2020-07-13,101.48017120361328,-0.0207253836419756,-1.0,0.2329541104845702,0.5971953049302101,0.16985057978890833,10.0,0.06310353069566188,1.0
2020-07-14,102.64989471435548,0.0115266213770492,1.0,0.22026740175982312,0.3637449398636817,0.41598765331630905,15.0,-0.19572025155648592,1.0
2020-07-15,103.20601654052734,0.0054176560796226,1.0,0.31113278125412763,0.44125601928681135,0.2476112002972513,20.0,0.06352158095687632,1.0
2020-07-16,101.9308090209961,-0.0123559416618942,-1.0,0.10151293349917971,0.3951716194860637,0.5033154473640025,8.0,-0.40180251386482274,1.0
2020-07-17,102.42938232421876,0.0048912915340442,1.0,0.3099786421904961,0.45834209024906153,0.23167931443701184,3.0,0.07829932775348425,1.0
