Date,Price,avg_positive_XLE,avg_neutral_XLE,avg_negative_XLE,n_XLE,sent_index_XLE,Sign_next_day
2018-03-20,47.900123596191406,0.6174949208895365,0.3647681586444378,0.0177369058753053,3.0,0.5997580150142312,1.0
2018-03-21,49.15442657470703,0.0729572772979736,0.8961561620235443,0.0308865699917077,2.0,0.0420707073062658,-1.0
2018-03-22,48.15097427368164,0.0884831100702285,0.8751792311668396,0.0363376243039965,2.0,0.0521454857662319,-1.0
2018-03-23,47.85711669921875,0.4277238827198744,0.5187486112117767,0.0535275363363325,2.0,0.3741963463835419,1.0
2018-03-26,48.71721649169922,0.0314373010769486,0.5484990030527115,0.4200637005269527,2.0,-0.3886263994500041,-1.0
2018-03-27,48.258487701416016,0.1038273703306913,0.8770206272602081,0.0191519423387944,2.0,0.0846754279918969,-1.0
2018-03-28,47.319557189941406,,,,,,1.0
2018-03-29,48.31584548950195,0.0156194944866001,0.060177220031619,0.9242032766342164,2.0,-0.9085837821476164,-1.0
2018-04-02,47.34821701049805,0.4431416392326355,0.3757172006492813,0.1811411899204055,6.0,0.26200044931223,1.0
2018-04-03,48.358829498291016,0.8669972717761993,0.101776398718357,0.0312263485975563,2.0,0.835770923178643,-1.0
2018-04-04,48.2943229675293,0.3315628875667849,0.3726087597509225,0.2958283741027116,3.0,0.0357345134640733,1.0
2018-04-05,49.16158676147461,0.3038355149328708,0.3960175067186355,0.3001468908041715,2.0,0.0036886241286993,-1.0
2018-04-06,48.2728271484375,0.0301651268576581,0.0950004681944846,0.874834418296814,3.0,-0.8446692914391558,1.0
2018-04-09,48.50219345092773,0.0727586249510446,0.170578338826696,0.7566630244255066,3.0,-0.6839043994744619,1.0
2018-04-10,50.107704162597656,0.3642207073668639,0.4727238056560357,0.1630554985668924,9.0,0.2011652087999715,1.0
2018-04-11,50.63090515136719,0.2970208475987116,0.3564120847731828,0.3465670297543208,3.0,-0.0495461821556091,-1.0
2018-04-12,50.623756408691406,0.6097460240125656,0.36988640204072,0.0203676000237464,2.0,0.5893784239888192,1.0
2018-04-13,51.18281555175781,0.228786512898902,0.1354165039956569,0.635796976586183,3.0,-0.4070104636872809,1.0
2018-04-16,51.70602798461914,0.4200168872872987,0.3541195765137672,0.2258635461330413,3.0,0.1941533411542573,1.0
2018-04-17,51.9067497253418,0.2138337589567527,0.0583056099712848,0.7278606537729502,4.0,-0.5140268948161975,1.0
2018-04-18,52.72380828857422,0.4474590284128983,0.2129494994878768,0.3395914618546764,3.0,0.1078675665582219,1.0
2018-04-19,52.78832626342773,0.2406971234828233,0.388108903542161,0.3711939776316285,5.0,-0.1304968541488051,-1.0
2018-04-20,52.5374641418457,0.3565279005302322,0.3662947178300884,0.2771774041983816,9.0,0.0793504963318506,1.0
2018-04-23,52.86001205444336,0.8828783631324768,0.0249916110187768,0.0921300575137138,1.0,0.790748305618763,-1.0
2018-04-24,52.29378509521485,0.0238895090296864,0.2623612601310014,0.7137492001056671,2.0,-0.6898596910759807,1.0
2018-04-25,52.70949172973633,0.3625715343902508,0.3154894709587096,0.3219390405962865,3.0,0.0406324937939643,1.0
2018-04-26,53.47638320922852,0.4762026206590235,0.0295809935778378,0.4942163568921387,4.0,-0.0180137362331151,-1.0
2018-04-27,52.91015625,0.4621900037995406,0.0785057015184844,0.459304322621652,7.0,0.0028856811778885,-1.0
2018-04-30,52.90299987792969,0.1505293067544698,0.2949357096105814,0.5545349810272455,5.0,-0.4040056742727756,-1.0
2018-05-01,52.58047866821289,0.8602021336555481,0.1045551570132374,0.0352426758036017,2.0,0.8249594578519464,1.0
2018-05-02,52.79550552368164,,,,,,-1.0
2018-05-03,52.67364501953125,0.2211341708898544,0.1328465193510055,0.6460192799568176,1.0,-0.4248851090669632,1.0
2018-05-04,52.931671142578125,0.9030185341835022,0.0445404201745986,0.0524410642683506,1.0,0.8505774699151516,1.0
2018-05-07,53.00334930419922,0.4395484998822211,0.130870271474123,0.4295811541378497,2.0,0.0099673457443714,1.0
2018-05-08,53.4190673828125,0.35506297275424,0.0382755485673744,0.6066614696756005,3.0,-0.2515984969213605,1.0
2018-05-09,54.50850296020508,0.3354359308257699,0.352975444868207,0.3115886339917778,10.0,0.023847296833992,1.0
2018-05-10,54.91706085205078,0.2618119813501834,0.1919473323971032,0.5462407007813453,5.0,-0.2844287194311619,1.0
2018-05-11,54.99591064453125,0.0482070446014404,0.0584740601480007,0.8933188319206238,1.0,-0.8451117873191833,1.0
2018-05-14,55.37577438354492,0.5941613018512726,0.3616173537448048,0.0442213518545031,4.0,0.5499399499967694,1.0
2018-05-15,55.39010620117188,0.2873296967397133,0.2885370170697569,0.4241332579404115,6.0,-0.1368035612006982,1.0
2018-05-16,55.583641052246094,0.3784276381134986,0.5271859250962734,0.0943864312022923,5.0,0.2840412069112062,1.0
2018-05-17,56.42221832275391,0.3481291551142931,0.4867072481662035,0.1651636024937033,10.0,0.1829655526205897,-1.0
2018-05-18,55.985008239746094,0.3297958034090697,0.341114834882319,0.3290893932183583,6.0,0.0007064101907113,1.0
2018-05-21,56.55840301513672,0.5175236612558365,0.3273592051118612,0.1551171243190765,2.0,0.3624065369367599,-1.0
2018-05-22,55.80583190917969,0.0577125869070489,0.3443505683292945,0.5979368487993876,3.0,-0.5402242618923386,-1.0
2018-05-23,55.79866790771485,0.3634000780681769,0.3167593181133269,0.319840588606894,3.0,0.0435594894612829,-1.0
2018-05-24,54.8812370300293,0.0573016032576561,0.0279213320463895,0.9147770404815674,1.0,-0.8574754372239113,-1.0
2018-05-25,53.45489501953125,0.1176326908171176,0.2602265980094671,0.6221407225355506,5.0,-0.504508031718433,-1.0
2018-05-29,53.29004287719727,0.126640420872718,0.7468817885965109,0.1264777720207348,8.0,0.0001626488519832,1.0
2018-05-30,54.90273666381836,0.2058809263010819,0.3924115113914013,0.4017075643253822,6.0,-0.1958266380243003,-1.0
2018-05-31,54.487003326416016,0.1974342043201128,0.4208883196115494,0.3816774686177571,3.0,-0.1842432642976443,1.0
2018-06-01,54.74504089355469,0.0378720002869764,0.0992139279842376,0.8629140655199686,3.0,-0.8250420652329922,-1.0
2018-06-04,54.2719841003418,0.0343860955908894,0.4607463821768759,0.5048675097525119,5.0,-0.4704814141616225,-1.0
2018-06-05,54.14298248291016,0.3196907204886277,0.3275439714392026,0.3527653220420082,3.0,-0.0330746015533804,1.0
2018-06-06,54.4010009765625,0.0938600182533263,0.1730616990476846,0.7330783057957887,5.0,-0.6392182875424623,1.0
2018-06-07,55.22528076171875,0.3482988302906354,0.5973873312274615,0.0543138142675161,3.0,0.2939850160231193,-1.0
2018-06-08,55.11773681640625,0.1497528536245226,0.4484111506491899,0.4018359886482358,5.0,-0.2520831350237131,1.0
2018-06-11,55.40445709228516,0.5339942251642545,0.3644701478381951,0.1015356043353676,3.0,0.4324586208288868,-1.0
2018-06-12,54.9815673828125,0.3347486369311809,0.2445393130183219,0.4207120053470135,4.0,-0.0859633684158325,-1.0
2018-06-13,54.77371597290039,0.2060725063085556,0.4125142119824886,0.3814132617786526,5.0,-0.175340755470097,-1.0
2018-06-14,54.69486618041992,0.2970506935380399,0.3032234460115433,0.3997258662711829,4.0,-0.1026751727331429,-1.0
2018-06-15,53.520111083984375,0.0649328813888132,0.5889938451970617,0.3460732644113402,6.0,-0.281140383022527,1.0
2018-06-18,54.05409622192383,0.1946744980911413,0.4719243502865235,0.3334011314436793,3.0,-0.138726633352538,-1.0
2018-06-19,53.931434631347656,0.2279867410127605,0.518009181533541,0.2540040940844587,7.0,-0.0260173530716981,1.0
2018-06-20,54.16953659057617,0.3219182905223634,0.6160905646781126,0.0619911355897783,9.0,0.259927154932585,-1.0
2018-06-21,53.16655349731445,0.3364042555913329,0.2957076773579631,0.3678880758317454,7.0,-0.0314838202404124,1.0
2018-06-22,54.22728729248047,0.5598083941096609,0.3351132693615826,0.1050783467733046,11.0,0.4547300473363562,-1.0
2018-06-25,53.1376953125,0.3127296321094036,0.2007979497313499,0.4864723717793822,5.0,-0.1737427396699786,1.0
2018-06-26,53.80875778198242,0.2639221030597885,0.3337714790056149,0.402306423522532,6.0,-0.1383843204627434,1.0
2018-06-27,54.53034973144531,0.0547630912624299,0.4199628210626542,0.525274143088609,4.0,-0.470511051826179,-1.0
2018-06-28,54.45819091796875,0.2774144712214668,0.3761176529030005,0.3464679028838872,3.0,-0.0690534316624204,1.0
2018-06-29,54.79733657836914,0.278620754679044,0.0562243163585662,0.6651549388964971,3.0,-0.386534184217453,-1.0
2018-07-02,53.98915481567383,0.2153962987164656,0.0678893644362687,0.716714344608287,6.0,-0.5013180458918214,1.0
2018-07-03,54.32831573486328,0.3718358638385931,0.3005895552535851,0.3275745939463377,3.0,0.0442612698922553,-1.0
2018-07-05,54.27056503295898,0.2020097989588975,0.6728773564100266,0.1251128059811889,4.0,0.0768969929777085,1.0
2018-07-06,54.60249328613281,0.7075127959251404,0.0813600122928619,0.2111271619796753,1.0,0.4963856339454651,1.0
2018-07-09,55.41789245605469,0.4001110523939132,0.3652919501066208,0.2345970064401626,5.0,0.1655140459537506,1.0
2018-07-10,55.82920455932617,0.4915403686463833,0.0359020670875906,0.4725575586780904,2.0,0.0189828099682928,-1.0
2018-07-11,54.64580154418945,0.2067426309610406,0.3606719970703124,0.4325853859384854,3.0,-0.2258427549774448,1.0
2018-07-12,54.73960876464844,0.1618086844682693,0.037644874304533,0.800546407699585,1.0,-0.6387377232313156,1.0
2018-07-13,55.02824783325195,0.0187587179243564,0.199237160384655,0.7820040881633759,2.0,-0.7632453702390194,-1.0
2018-07-16,54.39323043823242,0.2229790737852454,0.3842835277318954,0.3927374040707946,5.0,-0.1697583302855491,-1.0
2018-07-17,54.1767692565918,0.2968975268304347,0.678831160068512,0.0242713047191499,2.0,0.2726262221112847,1.0
2018-07-18,54.21285629272461,,,,,,1.0
2018-07-19,54.22728729248047,0.9528038501739502,0.0294631049036979,0.0177330952137708,1.0,0.9350707549601794,-1.0
2018-07-20,54.039669036865234,,,,,,-1.0
2018-07-23,53.80153274536133,0.4630122627131641,0.106718573719263,0.4302691586781292,4.0,0.0327431040350348,1.0
2018-07-24,54.4798469543457,0.0453509222716092,0.7268608212471008,0.2277882737107574,2.0,-0.1824373514391482,1.0
2018-07-25,54.93442916870117,0.0234270468354225,0.0949259176850318,0.8816470503807068,1.0,-0.8582200035452843,1.0
2018-07-26,55.533348083496094,0.1022752672433853,0.568482518196106,0.3292422592639923,1.0,-0.226966992020607,-1.0
2018-07-27,55.29523468017578,0.0359104531817137,0.1074568629264831,0.856632649898529,2.0,-0.8207221967168153,1.0
2018-07-30,55.74983215332031,0.4642630778253078,0.1851952336728572,0.350541662890464,2.0,0.1137214149348437,-1.0
2018-07-31,55.6488037109375,0.4615772534161806,0.2205499187111854,0.3178728570540746,3.0,0.143704396362106,-1.0
2018-08-01,54.87671661376953,0.5085052810609341,0.4702468942850828,0.0212477566674351,2.0,0.4872575243934989,-1.0
2018-08-02,54.57363128662109,,,,,,-1.0
2018-08-03,54.2922248840332,0.1390761805232613,0.3834642507135868,0.4774595345370471,4.0,-0.3383833540137857,1.0
2018-08-06,54.4942741394043,0.2944221980869769,0.4751759320497513,0.2304018810391425,2.0,0.0640203170478344,1.0
2018-08-07,54.89836502075195,0.7315264344215393,0.083460509777069,0.1850130259990691,2.0,0.5465134084224701,-1.0
2018-08-08,54.50148391723633,0.4100590618327259,0.1206297952060897,0.4693111513430872,6.0,-0.0592520895103613,-1.0
2018-08-09,53.996360778808594,,,,,,1.0
2018-08-10,54.32831573486328,0.0158203653991222,0.0558456294238567,0.9283339977264404,1.0,-0.9125136323273182,-1.0
2018-08-13,53.63558578491211,0.0192652232944965,0.8011510968208313,0.1795836687088012,1.0,-0.1603184454143046,1.0
2018-08-14,53.76545333862305,,,,,,-1.0
2018-08-15,51.88934326171875,0.0537681132555007,0.4040609846512477,0.5421708871920904,3.0,-0.4884027739365896,1.0
2018-08-16,52.26456451416016,0.2525949776172638,0.7363816499710083,0.0110233826562762,1.0,0.2415715949609876,1.0
2018-08-17,52.394439697265625,0.4831668461362521,0.1669525243341922,0.3498806317026416,3.0,0.1332862144336104,1.0
2018-08-20,52.7480354309082,0.7211044207215309,0.2521129315719008,0.0267826213967054,4.0,0.6943217993248254,1.0
2018-08-21,53.01501083374024,,,,,,1.0
2018-08-22,53.6500129699707,0.0657638683915138,0.9128437638282776,0.0213923566043376,1.0,0.0443715117871762,-1.0
2018-08-23,53.3974494934082,0.2259598292876034,0.3641066811978817,0.4099334881175309,4.0,-0.1839736588299275,1.0
2018-08-24,53.78712844848633,0.0740388308962185,0.4219716116786002,0.5039895623922348,3.0,-0.4299507314960162,1.0
2018-08-27,54.18398666381836,0.042943075299263,0.1551267057657241,0.8019302487373352,1.0,-0.7589871734380722,-1.0
2018-08-28,53.953067779541016,0.0209943875670433,0.0413856469094753,0.937619924545288,1.0,-0.9166255369782448,1.0
2018-08-29,54.28501892089844,0.6738672256469727,0.2766481637954712,0.0494845882058143,1.0,0.6243826374411584,-1.0
2018-08-30,54.13347244262695,0.0280235074460506,0.3442350924015045,0.6277413368225098,1.0,-0.5997178293764591,-1.0
2018-08-31,53.714962005615234,0.2620895504951477,0.4729786217212677,0.2649317979812622,1.0,-0.0028422474861145,-1.0
2018-09-04,53.59950637817383,0.1512858892480532,0.3444166183471679,0.5042974762618542,3.0,-0.353011587013801,-1.0
2018-09-05,53.52734756469727,0.1607977822422981,0.821869969367981,0.0173322381451725,2.0,0.1434655440971255,-1.0
2018-09-06,52.53875732421875,,,,,,-1.0
2018-09-07,52.53154754638672,0.0663779228925705,0.920442759990692,0.0131792826578021,1.0,0.0531986402347684,-1.0
2018-09-10,52.50990676879883,0.2182306939115127,0.3964923992753029,0.3852768652141094,3.0,-0.1670461713025967,1.0
2018-09-11,53.00779724121094,0.3430243099906614,0.2480248920619487,0.4089508035353252,7.0,-0.0659264935446637,1.0
2018-09-12,53.282005310058594,0.2667711562244221,0.2325636502355336,0.5006651915609837,4.0,-0.2338940353365615,1.0
2018-09-13,53.30365753173828,0.1109569519758224,0.0825967639684677,0.8064463138580322,2.0,-0.6954893618822098,1.0
2018-09-14,53.58506774902344,0.4535437038168311,0.1088921088725328,0.4375642247498035,5.0,0.0159794790670275,1.0
2018-09-17,53.67165756225586,0.1289770305156707,0.3160046935081482,0.5550183057785034,1.0,-0.4260412752628327,1.0
2018-09-18,54.02522277832031,,,,,,1.0
2018-09-19,54.19119644165039,,,,,,1.0
2018-09-20,54.20563888549805,0.2382168993353843,0.4092760905623436,0.3525069886818528,4.0,-0.1142900893464684,1.0
2018-09-21,54.56381988525391,0.0243113515898584,0.3497024960815906,0.6259861811995506,3.0,-0.6016748296096922,1.0
2018-09-24,55.36302947998047,0.5419807286933065,0.094844714924693,0.3631745193153619,5.0,0.1788062093779445,1.0
2018-09-25,55.719024658203125,0.3163621932268142,0.2559069998562335,0.4277308039367199,5.0,-0.1113686107099056,-1.0
2018-09-26,55.18138122558594,0.5819458613793055,0.3483503212531407,0.0697038422028223,3.0,0.5122420191764832,0.0
2018-09-27,55.18138122558594,0.0894325468689202,0.1121398024260997,0.7984276115894318,2.0,-0.7089950647205115,-1.0
2018-09-28,55.02880859375,0.4303741445764898,0.1091187447309494,0.4605070520192384,2.0,-0.0301329074427486,1.0
2018-10-01,55.79169464111328,0.1677545085549354,0.4172980772952239,0.4149474298271039,3.0,-0.2471929212721685,1.0
2018-10-02,55.84981918334961,0.3265828828637798,0.4866409730166197,0.1867761424121757,6.0,0.1398067404516041,1.0
2018-10-03,56.30026245117188,0.4929906111210584,0.3800321258604526,0.1269772700034081,8.0,0.3660133411176502,-1.0
2018-10-04,56.067779541015625,0.4217702150344848,0.0584186054766178,0.5198111534118652,1.0,-0.0980409383773804,-1.0
2018-10-05,56.06052017211914,0.624116912484169,0.2217201888561248,0.1541629210114478,2.0,0.4699539914727211,-1.0
2018-10-08,56.01691055297852,0.4748301226645707,0.0424860101193189,0.482683845795691,2.0,-0.0078537231311203,1.0
2018-10-09,56.51824569702149,0.0988603448495268,0.4285947196185589,0.4725449527613817,2.0,-0.3736846079118548,-1.0
2018-10-10,54.74544525146485,0.0285309087485075,0.1147550418972969,0.856714129447937,1.0,-0.8281832206994295,-1.0
2018-10-11,52.89275741577149,0.4437959128990769,0.043643089942634,0.5125609524548054,2.0,-0.0687650395557284,1.0
2018-10-12,53.038082122802734,0.0391127355396747,0.2921305894851684,0.6687566637992859,1.0,-0.6296439282596111,-1.0
2018-10-15,52.59486770629883,0.2411946207284927,0.7414698004722595,0.0173355657607316,1.0,0.2238590549677611,1.0
2018-10-16,53.030799865722656,0.3202190312246481,0.1322645048300424,0.5475164353847503,3.0,-0.2272974041601021,-1.0
2018-10-17,52.69659805297852,0.1173664990812539,0.3105448581278324,0.5720886539667844,5.0,-0.4547221548855304,-1.0
2018-10-18,52.43503952026367,0.1620213662584622,0.4097345229238271,0.4282440772900979,3.0,-0.2662227110316356,-1.0
2018-10-19,51.97004318237305,0.1570550799369811,0.3047512033954262,0.5381937175989151,2.0,-0.3811386376619339,-1.0
2018-10-22,51.39606475830078,0.3218870696922143,0.347707146157821,0.3304057673861583,3.0,-0.0085186976939439,-1.0
2018-10-23,50.05195999145508,0.316920048246781,0.3502806201577186,0.3327993435474733,6.0,-0.0158792953006922,-1.0
2018-10-24,48.07573699951172,0.0314732203260063,0.2659568656235933,0.7025699019432068,2.0,-0.6710966816172005,1.0
2018-10-25,48.66424179077149,0.3778412972709962,0.2871719590787376,0.3349867292812892,7.0,0.0428545679897069,-1.0
2018-10-26,48.30097579956055,0.0211535785347223,0.0456872284412384,0.9331592321395874,1.0,-0.9120056536048652,-1.0
2018-10-29,47.400047302246094,0.2766582695767283,0.1400293316692113,0.5833124397322536,4.0,-0.3066541701555252,1.0
2018-10-30,48.49713134765625,0.1156015207525342,0.4095593891106546,0.474839067319408,4.0,-0.3592375465668738,1.0
2018-10-31,48.795021057128906,,,,,,1.0
2018-11-01,49.20915222167969,,,,,,-1.0
2018-11-02,49.08565521240234,0.4277406508723895,0.3488853201270103,0.2233740538358688,3.0,0.2043665970365207,1.0
2018-11-05,49.90663528442383,0.2143693664111197,0.3810216415052612,0.4046089861852426,12.0,-0.1902396197741229,1.0
2018-11-06,50.13913345336914,0.3072077723918482,0.3084814648609608,0.3843107506399974,8.0,-0.0771029782481491,1.0
2018-11-07,50.96014022827149,,,,,,-1.0
2018-11-08,49.85578536987305,0.0277428552508354,0.1261333674192428,0.8461237549781799,1.0,-0.8183808997273445,-1.0
2018-11-09,49.76860046386719,0.0385670920368283,0.2748731020838022,0.6865597994765267,8.0,-0.6479927074396983,-1.0
2018-11-12,48.73689651489258,0.0443010693415999,0.3195642375697692,0.6361346884320179,3.0,-0.591833619090418,-1.0
2018-11-13,47.61800765991211,0.1404809088192202,0.2857829167253591,0.5737361555749719,11.0,-0.4332552467557516,-1.0
2018-11-14,47.53808975219727,0.2615803148597478,0.1507339175790548,0.5876857697963714,5.0,-0.3261054549366236,1.0
2018-11-15,48.23556900024414,0.0368637293577194,0.1057244166731834,0.8574118614196777,1.0,-0.8205481320619583,1.0
2018-11-16,48.80954360961914,0.1045736819505691,0.019054708071053,0.8763716518878937,2.0,-0.7717979699373245,-1.0
2018-11-19,48.795021057128906,0.3519336380995809,0.3184363665059208,0.3296299697831272,6.0,0.0223036683164536,-1.0
2018-11-20,47.19661331176758,0.1021329712122678,0.142968326807022,0.7548987433314324,5.0,-0.6527657721191645,1.0
2018-11-21,47.93770217895508,0.3429496095826227,0.0383485419054825,0.6187018205722173,3.0,-0.2757522109895945,-1.0
2018-11-23,46.43374252319336,0.0327434721402823,0.0492266103004415,0.9180299043655396,6.0,-0.8852864322252572,1.0
2018-11-26,47.1312255859375,0.4108034744858742,0.2432914466730185,0.3459050611459783,7.0,0.0648984133398958,-1.0
2018-11-27,47.00045394897461,0.0209743343293666,0.0373854003846645,0.9416402578353882,1.0,-0.9206659235060216,1.0
2018-11-28,47.80692672729492,0.2521810759790241,0.5064466185867786,0.2413723194040358,4.0,0.0108087565749883,1.0
2018-11-29,48.11933898925781,0.4915738105773926,0.1251749098300933,0.3832513391971588,1.0,0.1083224713802337,-1.0
2018-11-30,48.03215026855469,0.3636428415775299,0.4307628603031238,0.205594269093126,6.0,0.1580485724844038,1.0
2018-12-03,49.10017395019531,0.1811419096775352,0.3514230968430638,0.4674349962733686,8.0,-0.2862930865958333,-1.0
2018-12-04,47.69066619873047,0.1961423200555145,0.350560060236603,0.4532976385671645,8.0,-0.2571553185116499,-1.0
2018-12-06,46.81154251098633,0.2250219856460506,0.346737499277179,0.4282404985278845,13.0,-0.2032185128818338,-1.0
2018-12-07,46.549991607666016,0.3192906068870798,0.15521692042239,0.5254924347391352,8.0,-0.2062018278520554,-1.0
2018-12-10,45.82344818115234,0.3831105530261993,0.5912097692489624,0.0256796702742576,1.0,0.3574308827519417,1.0
2018-12-11,45.83796310424805,0.0874103382229805,0.1586037725210189,0.7539858818054199,1.0,-0.6665755435824394,1.0
2018-12-12,46.01960372924805,,,,,,1.0
2018-12-13,46.16492462158203,0.4498219927772879,0.1137933373451232,0.4363846473395824,5.0,0.0134373454377055,-1.0
2018-12-14,45.111419677734375,0.0723804676284392,0.3168130318323771,0.6108064875006675,3.0,-0.5384260198722283,-1.0
2018-12-17,44.2904167175293,0.026165694463998,0.4762913016602397,0.4975430108606815,2.0,-0.4713773163966834,-1.0
2018-12-18,43.24418258666992,0.0229059322737157,0.1874811130110174,0.7896129339933395,4.0,-0.7667070017196238,-1.0
2018-12-19,42.73560333251953,0.4973412174731493,0.4371898425742984,0.0654689595103263,4.0,0.4318722579628229,-1.0
2018-12-20,41.55132675170898,0.0242616403847932,0.3465543172011772,0.6291840529690186,3.0,-0.6049224125842253,-1.0
2018-12-21,41.14799118041992,0.0355569671839475,0.1745198026299476,0.789923220872879,5.0,-0.7543662536889315,-1.0
2018-12-24,39.48329544067383,0.0411231601610779,0.1128834942355751,0.8459933698177338,2.0,-0.8048702096566558,1.0
2018-12-26,41.93999862670898,0.2944238496944308,0.3663630716502666,0.3392130548134446,5.0,-0.0447892051190138,1.0
2018-12-27,42.16001129150391,0.6167230159044266,0.1942942738533019,0.1889827330596744,2.0,0.4277402828447521,-1.0
2018-12-28,41.83734130859375,0.0906417894487579,0.2751914293815692,0.6341667889306942,3.0,-0.5435249994819363,1.0
2018-12-31,42.05733871459961,0.0174109637737274,0.0209592264145612,0.9616298675537108,1.0,-0.9442189037799834,1.0
2019-01-02,42.886024475097656,0.883352130651474,0.0372151024639606,0.079432725906372,2.0,0.803919404745102,-1.0
2019-01-03,42.4606819152832,0.061011146288365,0.0546067571267485,0.884382039308548,2.0,-0.823370893020183,1.0
2019-01-04,43.905364990234375,0.8626747727394104,0.0495697259902954,0.08775544911623,1.0,0.7749193236231804,1.0
2019-01-07,44.55804443359375,0.5410024672746658,0.1817862838506698,0.2772112507373094,3.0,0.2637912165373564,1.0
2019-01-08,44.9027214050293,0.009654383175075,0.064674936234951,0.9256706833839417,1.0,-0.9160163002088666,1.0
2019-01-09,45.61405944824219,0.5001490823924541,0.221800860017538,0.2780500808730721,2.0,0.222099001519382,1.0
2019-01-10,45.74605941772461,0.2891487744636833,0.167771678417921,0.5430795392021537,4.0,-0.2539307647384703,-1.0
2019-01-11,45.47472381591797,,,,,,-1.0
2019-01-14,45.36472702026367,0.3871629126369953,0.4830479472875595,0.1297891344875097,2.0,0.2573737781494856,1.0
2019-01-15,45.52606201171875,0.5770357847213745,0.380375678340594,0.0425885350753863,3.0,0.5344472496459882,-1.0
2019-01-16,45.46739196777344,0.5073347426950932,0.449649579823017,0.0430156597867607,2.0,0.4643190829083324,1.0
2019-01-17,45.8853874206543,0.9387014508247375,0.0375286564230918,0.0237698219716548,1.0,0.9149316288530828,1.0
2019-01-18,46.81674575805664,0.5819099470973015,0.3483602004125714,0.0697298636659979,4.0,0.5121800834313035,-1.0
2019-01-22,45.797393798828125,0.0240595756719509,0.3243862732003132,0.651554194589456,3.0,-0.627494618917505,-1.0
2019-01-23,45.32805252075195,0.0156617369502782,0.1366200776149828,0.8477181593577067,3.0,-0.8320564224074284,1.0
2019-01-24,45.57006454467773,0.3238435732200741,0.3345554123322169,0.3416010346263647,3.0,-0.0177574614062905,1.0
2019-01-25,46.1494026184082,0.3767102208609382,0.2703871975342432,0.3529025615813831,6.0,0.023807659279555,-1.0
2019-01-28,45.68739318847656,0.0883808881044387,0.4868027501340423,0.4248164019414356,7.0,-0.3364355138369969,1.0
2019-01-29,45.82672882080078,0.1866042455658316,0.1766211511567234,0.6367745660245419,4.0,-0.4501703204587102,1.0
2019-01-30,46.47207260131836,0.3691276237368583,0.5797594748437405,0.0511128784467776,3.0,0.3180147452900807,1.0
2019-01-31,46.772743225097656,0.3752631660550832,0.1786403413861989,0.4460965074598789,5.0,-0.0708333414047956,1.0
2019-02-01,47.58676528930664,0.3557298587014277,0.428718735360437,0.2155514201149344,9.0,0.1401784385864933,1.0
2019-02-04,47.69675827026367,0.1711036739870905,0.3929244428873061,0.4359718947671353,2.0,-0.2648682207800448,1.0
2019-02-05,47.77009582519531,0.0881861820816993,0.87636598944664,0.0354478200897574,2.0,0.0527383619919419,-1.0
2019-02-06,47.418094635009766,0.5161697976291179,0.4701999295502901,0.0136302979663014,2.0,0.5025394996628164,-1.0
2019-02-07,46.36940383911133,0.293506920337677,0.6961540579795837,0.0103390123695135,1.0,0.2831679079681635,-1.0
2019-02-08,46.15673828125,0.1126055780798196,0.1233044736087321,0.7640899658203125,5.0,-0.6514843877404929,1.0
2019-02-11,46.376747131347656,0.1737977061420678,0.2553864649186531,0.5708158190051714,6.0,-0.3970181128631035,1.0
2019-02-12,46.96341323852539,0.4520383238792419,0.1349898900836705,0.4129717364907265,5.0,0.0390665873885154,1.0
2019-02-13,47.550079345703125,0.1692256943012276,0.3465435512674351,0.4842307552074392,6.0,-0.3150050609062116,1.0
2019-02-14,47.71875762939453,0.0145238330587744,0.0374702202777067,0.94800599416097,3.0,-0.9334821611021956,1.0
2019-02-15,48.48877334594727,0.2855046212983628,0.098808629438281,0.6156867675017565,6.0,-0.3301821462033937,1.0
2019-02-19,48.63544845581055,0.4822881733998655,0.1634443243965506,0.354267516406253,4.0,0.1280206569936126,1.0
2019-02-20,48.84077453613281,0.5051868848502636,0.3263765573501586,0.1684365568682551,5.0,0.3367503279820085,-1.0
2019-02-21,48.0854377746582,0.1996041053906083,0.2853249862790107,0.5150709103792905,5.0,-0.3154668049886822,1.0
2019-02-22,48.22477722167969,0.3936896460751692,0.4512591079498331,0.1550512152413526,6.0,0.2386384308338165,1.0
2019-02-25,48.30543518066406,0.2325492361560463,0.2916955854743718,0.4757551709190011,6.0,-0.2432059347629548,-1.0
2019-02-26,48.15143585205078,0.1860414291732013,0.3137040548026562,0.5002545275104543,6.0,-0.3142130983372529,1.0
2019-02-27,48.33477783203125,0.2299447134137153,0.4280624948441982,0.341992755420506,2.0,-0.1120480420067907,-1.0
2019-02-28,47.85076904296875,0.2811566008520977,0.296137555369309,0.4227058472377913,7.0,-0.1415492463856935,1.0
2019-03-01,48.73077392578125,0.3145204689353704,0.6656406847760081,0.0198388695716857,4.0,0.2946815993636846,1.0
2019-03-04,48.81878662109375,0.5111099245647589,0.2109760095675786,0.2779140298565228,3.0,0.233195894708236,-1.0
2019-03-05,48.65744400024414,0.1054370353619257,0.6761552294095358,0.2184077464044093,3.0,-0.1129707110424836,-1.0
2019-03-06,48.04143905639648,0.2141206040978431,0.1523037627339362,0.6335756480693816,2.0,-0.4194550439715385,-1.0
2019-03-07,47.75542449951172,,,,,,-1.0
2019-03-08,46.86074447631836,0.040192911401391,0.0133195365779101,0.9464875161647796,2.0,-0.9062946047633886,1.0
2019-03-11,47.59408950805664,0.6830669268965721,0.2854896895587444,0.031443380517885,4.0,0.651623546378687,1.0
2019-03-12,47.902099609375,0.4046299705902735,0.5574007891118526,0.0379692455753683,3.0,0.3666607250149052,1.0
2019-03-13,48.38610076904297,0.0621050732831159,0.3295722110196947,0.6083227080913881,6.0,-0.5462176348082721,1.0
2019-03-14,48.437442779541016,0.4595908448100089,0.0917832143604755,0.4486259650439023,2.0,0.0109648797661066,-1.0
2019-03-15,48.41822052001953,0.1523536965250968,0.8016970753669739,0.0459492141380906,2.0,0.1064044823870062,1.0
2019-03-18,49.09080505371094,0.3265266939997673,0.4992536343634128,0.1742196748964488,2.0,0.1523070191033185,-1.0
2019-03-19,48.957767486572266,0.4851078987121581,0.0416343547403812,0.4732577162794769,2.0,0.0118501824326812,1.0
2019-03-20,49.38643646240234,0.202735045691952,0.3747450385708362,0.4225199038628489,8.0,-0.2197848581708968,1.0
2019-03-21,49.73381805419922,0.01770656183362,0.156337097287178,0.8259562849998474,1.0,-0.8082497231662275,-1.0
2019-03-22,48.388671875,0.2585545408849914,0.4169676825404167,0.3244777756432692,3.0,-0.0659232347582777,1.0
2019-03-25,48.410831451416016,0.0390308729062477,0.3742151471475759,0.5867539849132299,3.0,-0.5477231120069822,1.0
2019-03-26,49.1055908203125,0.7863724827766418,0.2037821263074875,0.0098454877734184,1.0,0.7765269950032234,-1.0
2019-03-27,48.75820159912109,0.3715348169207572,0.5268356651067734,0.1016295233275741,2.0,0.2699052935931831,1.0
2019-03-28,48.94297790527344,0.0612011179327964,0.0214983187615871,0.9173005223274232,1.0,-0.8560994043946268,-1.0
2019-03-29,48.86907196044922,,,,,,1.0
2019-04-01,49.5120735168457,0.4637455977499484,0.0408385265618562,0.4954159315675497,2.0,-0.0316703338176012,-1.0
2019-04-02,49.17210006713867,0.5444834365376404,0.1519986292613404,0.303517921029457,7.0,0.2409655155081834,-1.0
2019-04-03,48.6990852355957,0.1614225306548178,0.2575170388445257,0.581060454249382,4.0,-0.4196379235945642,1.0
2019-04-04,49.1055908203125,0.1208228275645524,0.2611649883911013,0.6180121768265963,4.0,-0.4971893492620438,1.0
2019-04-05,49.97032165527344,0.3062609952175989,0.2265044567175209,0.4672345711151137,8.0,-0.1609735758975148,1.0
2019-04-08,50.19204711914063,0.4045085897669196,0.2341887063036362,0.3613027174336214,6.0,0.0432058723332981,-1.0
2019-04-09,49.578609466552734,0.4522701483219862,0.0407223906368016,0.5070074312388897,2.0,-0.0547372829169034,1.0
2019-04-10,49.76337814331055,0.4539601678649584,0.3119022361934184,0.2341375748316446,3.0,0.2198225930333138,1.0
2019-04-11,49.800331115722656,0.0676889792084693,0.4535843823105097,0.4787266245111823,2.0,-0.411037645302713,1.0
2019-04-12,49.93338394165039,0.4147359728813171,0.5076395608484745,0.0776244902517646,4.0,0.3371114826295525,-1.0
2019-04-15,49.63774108886719,0.039597248037656,0.0971510497232278,0.8632517059644064,3.0,-0.8236544579267503,1.0
2019-04-16,49.96293258666992,0.4749283147975802,0.217938993902256,0.3071326725184917,6.0,0.1677956422790885,-1.0
2019-04-17,49.89641189575195,0.073849208652973,0.4668827578425406,0.4592680404894054,2.0,-0.3854188318364323,-1.0
2019-04-18,49.6599006652832,0.2794725292672713,0.038236574580272,0.6822908967733383,3.0,-0.402818367506067,1.0
2019-04-22,50.70942306518555,0.5731429029256105,0.2919065539414683,0.1349505484104156,12.0,0.4381923545151949,-1.0
2019-04-23,50.62812042236328,0.3595527351135387,0.4077559104189276,0.2326913404976948,16.0,0.1268613946158439,-1.0
2019-04-24,49.741207122802734,0.4348063399083912,0.1378547009080648,0.4273389345034956,4.0,0.0074674054048955,-1.0
2019-04-25,49.58599090576172,0.3333257306367159,0.3589764414355159,0.3076978093013167,4.0,0.0256279213353992,-1.0
2019-04-26,48.94297790527344,0.0210675999211767,0.3584648932640751,0.6204675252859791,6.0,-0.5993999253648024,-1.0
2019-04-29,48.89863967895508,0.2325097592547535,0.3196383053436875,0.4478519469266757,8.0,-0.2153421876719221,-1.0
2019-04-30,48.86167907714844,0.2627518493682146,0.5138202384114265,0.2234279089607298,4.0,0.0393239404074848,-1.0
2019-05-01,47.88607406616211,0.0418074424378573,0.4622697047889232,0.4959228411316871,4.0,-0.4541153986938298,-1.0
2019-05-02,47.0508918762207,,,,,,1.0
2019-05-03,47.486961364746094,0.115105961759885,0.092418444653352,0.7924755613009135,3.0,-0.6773695995410284,1.0
2019-05-06,47.53130340576172,0.661775141954422,0.0961368083953857,0.2420880757272243,2.0,0.4196870662271976,-1.0
2019-05-07,47.1174201965332,0.3231343504739924,0.4231851799413562,0.2536804968258365,8.0,0.0694538536481559,0.0
2019-05-08,47.1174201965332,0.5090598434209823,0.4411657806485891,0.0497743537649511,5.0,0.4592854896560311,0.0
2019-05-09,47.1174201965332,0.0754201039671897,0.5175005545218786,0.4070793669670819,3.0,-0.3316592629998922,1.0
2019-05-10,47.33913803100586,0.4340561255812645,0.5372409770886103,0.0287029029180606,3.0,0.4053532226632039,-1.0
2019-05-13,46.52614212036133,0.1396810250977675,0.0759235384563604,0.7843954761823019,3.0,-0.6447144510845344,1.0
2019-05-14,47.09523010253906,0.223374297027476,0.4765280080027878,0.3000977009069174,8.0,-0.0767234038794413,1.0
2019-05-15,47.33913803100586,0.442697437480092,0.5154938362538815,0.0418086918070912,2.0,0.4008887456730008,1.0
2019-05-16,47.59783172607422,0.2833280796185135,0.5357598634436727,0.1809120289981364,4.0,0.102416050620377,-1.0
2019-05-17,47.1174201965332,0.0434913827727237,0.053008610382676,0.9035000403722128,3.0,-0.860008657599489,1.0
2019-05-20,47.13958358764648,0.0469313136612375,0.2674708080788453,0.6855978866418203,3.0,-0.6386665729805828,1.0
2019-05-21,47.6865119934082,0.1969426749274134,0.2691380511969327,0.5339192599058151,2.0,-0.3369765849784017,-1.0
2019-05-22,46.94741821289063,0.0198552496731281,0.0329088019207119,0.9472359716892242,2.0,-0.927380722016096,-1.0
2019-05-23,45.37314987182617,0.1513831643387675,0.3680993178859353,0.4805175289511679,2.0,-0.3291343646124004,1.0
2019-05-24,45.54313278198242,0.4062782824039459,0.0480253174901008,0.5456964373588562,1.0,-0.1394181549549102,-1.0
2019-05-28,45.07011413574219,0.130096361041069,0.8612921833992004,0.0086114602163434,1.0,0.1214849008247256,-1.0
2019-05-29,44.78186798095703,0.080019203480333,0.4830221831798553,0.4369585737586021,2.0,-0.3569393702782691,-1.0
2019-05-30,44.21276473999024,0.3436777748167514,0.0623442228883504,0.5939779972657562,5.0,-0.2503002224490047,-1.0
2019-05-31,43.43670654296875,0.0167822432704269,0.2462688088417053,0.7369489371776581,2.0,-0.7201666939072311,1.0
2019-06-03,43.99102783203125,0.1031437935307621,0.2473868504166602,0.6494693756103516,2.0,-0.5463255820795894,1.0
2019-06-04,44.7523078918457,0.0146836722269654,0.0509174801409244,0.934398889541626,1.0,-0.9197152173146604,-1.0
2019-06-05,44.25710678100586,,,,,,1.0
2019-06-06,45.07750701904297,0.2169847041368484,0.1239008083939552,0.6591144800186157,1.0,-0.4421297758817673,1.0
2019-06-07,45.28445053100586,0.3687881678342819,0.4943436831235885,0.1368681751191615,2.0,0.2319199927151203,1.0
2019-06-10,45.41748809814453,0.1311296994487444,0.5296557750552893,0.3392145046964288,3.0,-0.2080848052476843,1.0
2019-06-11,45.50617980957031,0.0336811318993568,0.0826600044965744,0.8836588859558105,1.0,-0.8499777540564537,-1.0
2019-06-12,44.86317443847656,0.3207447664812207,0.3179722622036933,0.3612829441204667,5.0,-0.0405381776392459,1.0
2019-06-13,45.38792037963867,0.2647859264165163,0.1886066406965255,0.5466074436903,5.0,-0.2818215172737837,-1.0
2019-06-14,45.09228515625,0.0616149321819344,0.3383545633405447,0.6000304815048972,6.0,-0.5384155493229628,1.0
2019-06-17,45.46923065185547,0.0343136452138423,0.0338058806955814,0.9318804740905762,1.0,-0.8975668288767339,1.0
2019-06-18,46.09745788574219,0.5358202811330557,0.0995045648887753,0.3646751474589109,4.0,0.1711451336741447,-1.0
2019-06-19,46.04572296142578,0.2799349596723913,0.4835794247686863,0.2364856259897351,5.0,0.0434493336826562,1.0
2019-06-20,47.065677642822266,0.5302223563194275,0.0656327009201049,0.4041449129581451,1.0,0.1260774433612824,1.0
2019-06-21,47.40578079223633,0.3161318633291456,0.3559773160765568,0.3278908156272437,9.0,-0.011758952298098,-1.0
2019-06-24,46.98065185546875,0.1282013530532518,0.2278559630115826,0.643942654132843,3.0,-0.5157413010795912,-1.0
2019-06-25,46.607723236083984,0.4412764348089694,0.0995038785040378,0.4592197239398956,2.0,-0.0179432891309261,1.0
2019-06-26,47.32373809814453,0.4094923064112662,0.1834509428590536,0.4070568233728408,2.0,0.0024354830384254,-1.0
2019-06-27,46.97319030761719,0.3531667359173297,0.5215739801526069,0.1252592841163277,5.0,0.227907451801002,1.0
2019-06-28,47.51765823364258,0.2711866622169812,0.4740289871891339,0.2547843332091967,3.0,0.0164023290077845,1.0
2019-07-01,47.56241607666016,0.2740850692082728,0.4325997848063707,0.2933151279576122,14.0,-0.0192300587493393,-1.0
2019-07-02,46.8016357421875,0.1765323467552661,0.3027095509072144,0.5207581073045731,3.0,-0.3442257605493068,1.0
2019-07-03,46.98811721801758,0.3534886687994003,0.258822988718748,0.3876883350312709,2.0,-0.0341996662318706,1.0
2019-07-05,47.05522918701172,0.1471359506249427,0.3154734155784051,0.5373906195163727,3.0,-0.3902546688914299,1.0
2019-07-08,47.12236022949219,0.3629616312682628,0.4887377023696899,0.1483006794005632,2.0,0.2146609518676996,1.0
2019-07-09,47.15965270996094,0.272009597858414,0.2177017321810126,0.5102886867243797,4.0,-0.2382790888659656,1.0
2019-07-10,47.76377868652344,0.2007906840493281,0.0508962130794921,0.7483131090799967,3.0,-0.5475224250306686,1.0
2019-07-11,47.86074066162109,0.1855821673137445,0.070305034207801,0.7441127697626749,3.0,-0.5585306024489304,1.0
2019-07-12,48.06211853027344,0.3760754819959401,0.0279309637844562,0.5959935635328292,2.0,-0.219918081536889,-1.0
2019-07-15,47.6295280456543,0.3364289903547614,0.372908990830183,0.2906620111316442,4.0,0.0457669792231171,-1.0
2019-07-16,47.12236022949219,0.123017318546772,0.1262369155883789,0.7507457137107849,1.0,-0.6277283951640129,-1.0
2019-07-17,46.585357666015625,0.0243352688848972,0.0196502264589071,0.9560145735740662,1.0,-0.9316793046891688,1.0
2019-07-18,46.59281539916992,0.2510833659519751,0.1281444660077492,0.6207721531391143,3.0,-0.3696887871871391,1.0
2019-07-19,46.80910873413086,0.2922573809822399,0.3140690426031748,0.3936736285686493,3.0,-0.1014162475864093,1.0
2019-07-22,47.0254020690918,0.4142363825812935,0.0714942387172153,0.5142693833581038,7.0,-0.1000330007768102,1.0
2019-07-23,47.152191162109375,0.3293415978550911,0.4984518885612487,0.1722065098583697,2.0,0.1571350879967213,1.0
2019-07-24,47.35357284545898,0.3898099263509114,0.1445726752281188,0.4656174064924319,3.0,-0.0758074801415205,-1.0
2019-07-25,46.81655883789063,0.0284161900635808,0.2001135181635618,0.7714702934026718,4.0,-0.7430541033390909,-1.0
2019-07-26,46.577884674072266,0.8760266502698263,0.0662043566505114,0.0577690210193395,3.0,0.8182576292504868,-1.0
2019-07-29,46.39144134521485,0.7151939868927002,0.2202696707099675,0.0645363815128803,2.0,0.6506576053798199,1.0
2019-07-30,46.91352462768555,0.4096289556473493,0.2666563379267851,0.3237147023901343,6.0,0.085914253257215,-1.0
2019-07-31,46.76436233520508,0.1089873521899183,0.1923835203051566,0.698629155755043,3.0,-0.5896418035651247,-1.0
2019-08-01,45.70525360107422,0.1520276707597076,0.4142110712127759,0.4337612612871453,8.0,-0.2817335905274377,-1.0
2019-08-02,45.04891586303711,0.3410832602530717,0.0211049928329884,0.6378117329441011,4.0,-0.2967284726910293,-1.0
2019-08-05,43.70640563964844,0.0729281163463989,0.3941426097104947,0.5329292894651492,3.0,-0.4600011731187502,-1.0
2019-08-06,43.65418243408203,0.4528583446517586,0.0744600854814052,0.4726815652102231,2.0,-0.0198232205584645,-1.0
2019-08-07,43.326019287109375,0.0186729510314762,0.0272440128028392,0.9540829956531524,2.0,-0.9354100446216764,1.0
2019-08-08,44.57157516479492,0.4477660097181797,0.3007839829660952,0.2514500117395072,4.0,0.1963159979786724,-1.0
2019-08-09,44.07931900024414,0.776250958442688,0.0632870644330978,0.1604619622230529,1.0,0.6157889962196351,-1.0
2019-08-12,43.55723190307617,0.646929919719696,0.0705256909132003,0.2825443744659424,1.0,0.3643855452537536,1.0
2019-08-13,43.9599838256836,0.0846719170610109,0.6117156023780504,0.3036124821131428,3.0,-0.2189405650521318,-1.0
2019-08-14,42.23708724975586,0.0162957301363348,0.0212676636874675,0.9624366462230682,2.0,-0.9461409160867332,-1.0
2019-08-15,41.97603988647461,0.1625804156064987,0.057856410741806,0.7795631885528564,1.0,-0.6169827729463577,1.0
2019-08-16,42.52797317504883,0.2833249002695083,0.3591558769345283,0.3575192209333181,5.0,-0.0741943206638098,1.0
2019-08-19,43.46772766113281,0.314930369456609,0.0369907698283592,0.6480788352588812,3.0,-0.3331484658022722,-1.0
2019-08-20,43.10226440429688,0.1851049523800611,0.3971653491258621,0.4177296902984381,5.0,-0.2326247379183769,1.0
2019-08-21,43.378231048583984,0.1474113538861274,0.1778889782726764,0.6746996492147445,2.0,-0.527288295328617,-1.0
2019-08-22,43.1843147277832,0.219773565729459,0.5368066728115082,0.2434197990223764,3.0,-0.0236462332929173,-1.0
2019-08-23,41.73737335205078,0.0316207989429433,0.1185177986820538,0.8498614430427551,3.0,-0.8182406440998118,1.0
2019-08-26,41.9163818359375,0.3186713801696896,0.0398069135844707,0.641521692276001,2.0,-0.3228503121063113,-1.0
2019-08-27,41.65533065795898,0.9194501638412476,0.0415589846670627,0.0389907881617546,1.0,0.880459375679493,1.0
2019-08-28,42.25201034545898,0.4371708435937762,0.4796209433116018,0.0832081548869609,4.0,0.3539626887068153,1.0
2019-08-29,42.871055603027344,,,,,,0.0
2019-08-30,42.871055603027344,0.6657840212186178,0.158952717979749,0.1752632831533749,3.0,0.4905207380652429,-1.0
2019-09-03,42.6622200012207,0.0395315885543822,0.1357958996668458,0.824672520160675,4.0,-0.7851409316062927,1.0
2019-09-04,43.25889587402344,0.4801553227007389,0.0422504004091024,0.4775943076238036,2.0,0.0025610150769352,1.0
2019-09-05,43.79590606689453,0.1396453566849231,0.8394301235675812,0.0209244946017861,4.0,0.118720862083137,1.0
2019-09-06,44.0271110534668,0.0847842947890361,0.5873059593141079,0.327909747759501,3.0,-0.2431254529704649,1.0
2019-09-09,44.907203674316406,0.1432593762874603,0.8412925004959106,0.015448160469532,1.0,0.1278112158179283,1.0
2019-09-10,45.43676376342773,0.0438284017145633,0.6710073351860046,0.2851642668247223,1.0,-0.2413358651101589,1.0
2019-09-11,45.48149871826172,0.1239041527733206,0.4797785095870494,0.3963173292577266,2.0,-0.2724131764844059,-1.0
2019-09-12,45.19808578491211,0.0547430164491136,0.4820886583377917,0.4631682882706324,3.0,-0.4084252718215188,1.0
2019-09-13,45.55608367919922,,,,,,1.0
2019-09-16,47.08506393432617,0.233306923748127,0.3843556893989444,0.3823373850568065,28.0,-0.1490304613086794,-1.0
2019-09-17,46.42872619628906,0.215782611532823,0.4361821830174641,0.3480352133904632,19.0,-0.1322526018576402,-1.0
2019-09-18,46.20497894287109,0.0944121135398745,0.6522110104560852,0.2533769051078707,4.0,-0.1589647915679961,-1.0
2019-09-19,46.085636138916016,0.1884983601048588,0.5345488935708999,0.2769527584314346,6.0,-0.0884543983265757,1.0
2019-09-20,46.12326431274414,0.3820981974713504,0.14937633741647,0.4685254350770265,4.0,-0.086427237605676,1.0
2019-09-23,46.138328552246094,0.2711837738752365,0.4371960163116455,0.2916202275082469,4.0,-0.0204364536330103,-1.0
2019-09-24,45.40823745727539,0.0370696863780418,0.5954588875174522,0.3674714850882688,3.0,-0.330401798710227,1.0
2019-09-25,45.48350524902344,0.1270943277825911,0.4887994493668278,0.3841062330951292,6.0,-0.2570119053125381,-1.0
2019-09-26,44.88889694213867,0.0275884761164585,0.339033905416727,0.6333776141206423,3.0,-0.6057891380041838,-1.0
2019-09-27,44.881385803222656,0.227659155614674,0.0409552692435681,0.7313855811953545,4.0,-0.5037264255806804,-1.0
2019-09-30,44.5577278137207,0.2664758441969752,0.396339730049173,0.337184422959884,3.0,-0.0707085787629088,-1.0
2019-10-01,43.52658081054688,0.012890481079618,0.0290815954407055,0.958027919133504,3.0,-0.945137438053886,-1.0
2019-10-02,42.45780563354492,0.0238465202972292,0.4010309841483831,0.575122494623065,5.0,-0.5512759743258357,1.0
2019-10-03,42.91692733764648,0.1398832080885767,0.4832004532217978,0.3769163675606251,2.0,-0.2370331594720483,1.0
2019-10-04,43.18787384033203,0.2682191708590835,0.2790388115681708,0.4527419875375926,4.0,-0.1845228166785091,-1.0
2019-10-07,42.80401992797852,0.0163226295262575,0.0396245680749416,0.9440526962280272,1.0,-0.9277300667017696,-1.0
2019-10-08,42.07393646240234,0.0538735501468181,0.015433020889759,0.9306934475898744,1.0,-0.8768198974430563,1.0
2019-10-09,42.45780563354492,0.2177012558095157,0.4791617933660745,0.3031369457021355,14.0,-0.0854356898926198,1.0
2019-10-10,42.9921875,0.1429784592241048,0.6278070598840714,0.2292145125567912,5.0,-0.0862360533326864,1.0
2019-10-11,43.571739196777344,0.7400318384170532,0.1434563025832175,0.1165118683129549,2.0,0.6235199701040983,-1.0
2019-10-14,43.54916000366211,0.3049586633220315,0.2392235837876796,0.4558177433907985,5.0,-0.150859080068767,1.0
2019-10-15,43.72979736328125,0.1891157384961843,0.4258000420938645,0.3850842083671263,7.0,-0.195968469870942,-1.0
2019-10-16,43.12014389038086,0.2128540286794304,0.18797193095088,0.5991740450263023,4.0,-0.3863200163468719,1.0
2019-10-17,43.15024566650391,0.7107486724853516,0.0599112622439861,0.2293400466442108,1.0,0.4814086258411407,-1.0
2019-10-18,42.92444610595703,0.0375035502947866,0.329098423144647,0.6333980467170477,7.0,-0.595894496422261,1.0
2019-10-21,43.69215774536133,0.1967759612016379,0.2922242102213204,0.5109998360276222,4.0,-0.3142238748259842,1.0
2019-10-22,44.25666046142578,0.2922972783978496,0.2277848204331738,0.4799178963793175,7.0,-0.1876206179814679,1.0
2019-10-23,44.62547302246094,0.1703161397017538,0.4728785194456577,0.3568053329363465,4.0,-0.1864891932345927,-1.0
2019-10-24,44.43730545043945,0.3411252242513001,0.4259823537431657,0.2328924287576227,4.0,0.1082327954936773,1.0
2019-10-25,44.798587799072266,0.4599804386962205,0.3199685690924524,0.2200509854592382,4.0,0.2399294532369822,-1.0
2019-10-28,44.54267883300781,0.0274966941215097,0.1176638789474963,0.854839488863945,4.0,-0.8273427947424352,1.0
2019-10-29,44.72330474853516,0.482604516359667,0.1862234364574153,0.3311720448546111,6.0,0.1514324715050559,-1.0
2019-10-30,43.812599182128906,0.0347342776755491,0.2786349120239416,0.6866308252016703,3.0,-0.6518965475261211,-1.0
2019-10-31,43.62442779541016,0.0819474909454583,0.33638571575284,0.5816667735576629,5.0,-0.4997192826122045,1.0
2019-11-01,44.617942810058594,0.1003816256831798,0.2461938879319599,0.6534245008868831,7.0,-0.5530428752037032,1.0
2019-11-04,46.07058334350586,0.5000137748817602,0.4775297443072001,0.0224564749126632,3.0,0.477557299969097,1.0
2019-11-05,46.13079833984375,0.4536142377182841,0.2739690747112036,0.2724166689440608,4.0,0.1811975687742233,-1.0
2019-11-06,45.1899642944336,0.1059697456657886,0.4778344519436359,0.4161957772448659,2.0,-0.3102260315790773,1.0
2019-11-07,45.86736297607422,0.2019991415242353,0.4715755991637707,0.3264252450317144,6.0,-0.124426103507479,-1.0
2019-11-08,45.67919921875,0.1019944017753004,0.435765934176743,0.4622396589256823,4.0,-0.3602452571503818,-1.0
2019-11-11,45.42329406738281,0.1076845712959766,0.4667645310983062,0.4255509134382009,2.0,-0.3178663421422243,-1.0
2019-11-12,45.1899642944336,0.0448952205479145,0.2877236306667328,0.6673811078071594,1.0,-0.6224858872592449,-1.0
2019-11-13,44.99427795410156,0.0743473717942833,0.4467058602720499,0.4789467530325055,5.0,-0.4045993812382221,-1.0
2019-11-14,44.87384414672852,0.036858208477497,0.4749062554910778,0.4882355183362961,2.0,-0.451377309858799,1.0
2019-11-15,45.22007369995117,0.4842292470857501,0.4718838054686785,0.0438869697973131,4.0,0.4403422772884369,-1.0
2019-11-18,44.67062759399414,,,,,,-1.0
2019-11-19,44.0082893371582,0.2499187222371498,0.1109813010940948,0.6390999373979867,3.0,-0.3891812151608368,1.0
2019-11-20,44.45235061645508,0.6553047299385071,0.2600769102573395,0.0846183598041534,1.0,0.5706863701343536,1.0
2019-11-21,45.18243789672852,0.3177903965115546,0.5372777059674263,0.1449319014325737,5.0,0.1728584950789808,-1.0
2019-11-22,45.03191375732422,0.2364058494567871,0.644474446773529,0.119119681417942,1.0,0.1172861680388451,1.0
2019-11-25,45.07707214355469,0.5999556183815002,0.0841296538710594,0.3159146904945373,1.0,0.2840409278869629,-1.0
2019-11-26,44.6631088256836,0.6682360072930654,0.2585570259640614,0.0732069608444968,3.0,0.5950290464485686,1.0
2019-11-27,44.775997161865234,0.2546846382319926,0.2749030701816082,0.47041230276227,2.0,-0.2157276645302773,-1.0
2019-11-29,44.32440185546875,0.2201869562268256,0.2606932912021875,0.5191197325475514,4.0,-0.2989327763207257,0.0
2019-12-02,44.32440185546875,0.3493545794859528,0.2724554285407066,0.378189980611205,5.0,-0.0288354011252522,-1.0
2019-12-03,43.662052154541016,0.2109520882368087,0.3460784964263439,0.4429694339632988,2.0,-0.23201734572649,1.0
2019-12-04,44.31687545776367,0.2102253089348474,0.144341858724753,0.6454328348239263,3.0,-0.4352075258890788,-1.0
2019-12-05,44.10612869262695,0.1934302428271621,0.3199007483199238,0.4866690093185752,4.0,-0.2932387664914131,1.0
2019-12-06,44.94911575317383,0.2383581859370072,0.5496860121687254,0.2119558068613211,3.0,0.0264023790756861,-1.0
2019-12-09,44.89643096923828,0.0227532368153333,0.0349391903728246,0.9423075914382936,2.0,-0.91955435462296,1.0
2019-12-10,44.98674774169922,0.2653033796697854,0.3447127394378185,0.3899838864803314,5.0,-0.1246805068105459,-1.0
2019-12-11,44.91148376464844,0.1443536256306937,0.2311615246747221,0.6244848599391324,7.0,-0.4801312343084386,1.0
2019-12-12,45.73941040039063,0.32683527469635,0.1936890532573063,0.4794756658375263,3.0,-0.1526403911411762,-1.0
2019-12-13,45.393192291259766,0.4858554967989524,0.1190185571710267,0.3951259789367516,3.0,0.0907295178622007,1.0
2019-12-16,46.00285339355469,0.2122879545204341,0.1085404846817254,0.6791715448101362,6.0,-0.466883590289702,1.0
2019-12-17,46.03295135498047,0.1200491948984562,0.0760102730710059,0.803940542973578,8.0,-0.6838913480751216,1.0
2019-12-18,46.2060661315918,0.0667200461030006,0.0169489923864603,0.916330873966217,1.0,-0.8496108278632164,-1.0
2019-12-19,46.191009521484375,0.4028077884577214,0.2022638814523815,0.3949283258989453,4.0,0.0078794625587761,1.0
2019-12-20,46.63409805297852,0.0591664283225933,0.0352374849220116,0.9055960575739542,3.0,-0.8464296292513609,1.0
2019-12-23,47.11289978027344,0.2544848142812648,0.4744753291209538,0.2710398298998673,3.0,-0.0165550156186024,-1.0
2019-12-24,47.0900993347168,0.3416920304298401,0.0358943827450275,0.6224136352539062,1.0,-0.2807216048240661,-1.0
2019-12-26,47.07489776611328,0.4776553148403763,0.0326950820162891,0.4896496385335923,2.0,-0.0119943236932159,-1.0
2019-12-27,46.87729644775391,0.3322504460811614,0.2880768477916717,0.3796726833097636,2.0,-0.0474222372286022,-1.0
2019-12-30,46.72936630249024,0.3932078573852777,0.3160210093483329,0.2907711500301957,4.0,0.102436707355082,1.0
2019-12-31,46.995487213134766,0.9099480509757996,0.0588794685900211,0.0311724245548248,1.0,0.8787756264209747,1.0
2020-01-02,47.41817474365234,0.7589021921157837,0.2096053560574849,0.031492452447613,3.0,0.7274097396681707,-1.0
2020-01-03,47.27727890014648,0.1558742461105187,0.4281847469198206,0.4159410130232572,6.0,-0.2600667669127385,1.0
2020-01-06,47.64515686035156,0.1318438872694968,0.1112584136426448,0.7568977177143097,2.0,-0.6250538304448128,-1.0
2020-01-07,47.51991653442383,0.2266256107638279,0.1296653014918168,0.643709099230667,6.0,-0.417083488466839,-1.0
2020-01-08,46.737186431884766,0.1128403954207896,0.2945248521864413,0.5926347387333711,9.0,-0.4797943433125814,1.0
2020-01-09,47.08159255981445,0.1252114279195666,0.5580861506362756,0.3167024441063403,6.0,-0.1914910161867737,-1.0
2020-01-10,46.815460205078125,0.4337122328579426,0.0231897067278623,0.5430980138480663,2.0,-0.1093857809901237,1.0
2020-01-13,46.83112335205078,0.0945967882871627,0.4547524414956569,0.4506507441401481,2.0,-0.3560539558529854,1.0
2020-01-14,46.83894348144531,0.4409350702539086,0.1732122614979743,0.3858526483178138,5.0,0.0550824219360948,-1.0
2020-01-15,46.49454116821289,0.1736406561297674,0.0394631925349433,0.7868961580097675,6.0,-0.6132555018800001,1.0
2020-01-16,46.57281112670898,0.482651530764997,0.1166932266205549,0.4006552342325448,4.0,0.0819962965324521,-1.0
2020-01-17,46.27536392211914,0.7060565873980522,0.2169266520068049,0.0770167424343525,4.0,0.6290398449636996,-1.0
2020-01-21,45.4456787109375,0.4047793513163924,0.4605835992842912,0.1346370102837681,4.0,0.2701423410326243,-1.0
2020-01-22,45.00733947753906,0.328543592360802,0.3384768164250999,0.3329795975005253,8.0,-0.0044360051397233,-1.0
2020-01-23,44.83513259887695,0.1349945962429046,0.4030709125101566,0.461934508010745,5.0,-0.3269399117678404,-1.0
2020-01-24,44.31853485107422,0.0311795184388756,0.0826699822209774,0.886150524020195,4.0,-0.8549710055813193,-1.0
2020-01-27,43.089630126953125,0.0427520163357257,0.0430508181452751,0.9141972064971924,1.0,-0.8714451901614667,1.0
2020-01-28,43.28530883789063,0.3911809932440519,0.1410542137920856,0.467764793895185,5.0,-0.076583800651133,-1.0
2020-01-29,42.83133316040039,0.315009546233341,0.2788803130388259,0.4061101651750504,4.0,-0.0911006189417094,1.0
2020-01-30,43.17573547363281,0.2249151838145085,0.1258610489645174,0.649223747929292,7.0,-0.4243085641147835,-1.0
2020-01-31,41.82942962646485,0.0796888458232084,0.2758424604932467,0.6444687141726414,6.0,-0.564779868349433,-1.0
2020-02-03,41.281517028808594,0.04807777206103,0.208069926748673,0.7438523303717375,6.0,-0.6957745583107074,1.0
2020-02-04,41.43024063110352,0.3460901729995384,0.1572789677884429,0.4966308635193854,8.0,-0.150540690519847,1.0
2020-02-05,42.987884521484375,0.2082942569007475,0.2694054578120509,0.5223002682129542,6.0,-0.3140060113122066,-1.0
2020-02-06,42.549537658691406,0.4897288091480732,0.3096148535609245,0.2006563527509569,5.0,0.2890724563971162,-1.0
2020-02-07,42.25210571289063,0.0412024157121777,0.3308440130203962,0.6279535889625549,2.0,-0.5867511732503772,-1.0
2020-02-10,42.04076766967773,0.0544851553859188,0.5193668878637254,0.426147983293049,8.0,-0.3716628279071302,1.0
2020-02-11,42.51041412353516,0.4438020267989486,0.2967176474630832,0.2594803676474839,4.0,0.1843216591514647,1.0
2020-02-12,43.081809997558594,0.2789622768759727,0.699880450218916,0.0211572658270597,5.0,0.257805011048913,-1.0
2020-02-13,42.94873809814453,0.1226685450722773,0.3613550656785567,0.515976396906707,9.0,-0.3933078518344297,-1.0
2020-02-14,42.72175979614258,0.3888939889147877,0.2491901852190494,0.3619158219546079,5.0,0.0269781669601798,-1.0
2020-02-18,42.36952209472656,0.8984667062759399,0.0315311625599861,0.0700022056698799,1.0,0.82846450060606,1.0
2020-02-19,42.93308639526367,0.59328817948699,0.037973329424858,0.3687384588023026,3.0,0.2245497206846873,-1.0
2020-02-20,42.88612747192383,0.0389692336320877,0.0224769283086061,0.9385539293289183,1.0,-0.8995846956968306,-1.0
2020-02-21,42.377349853515625,0.1360322833061218,0.054502934217453,0.8094647526741028,1.0,-0.673432469367981,-1.0
2020-02-24,40.420509338378906,0.2134587213397025,0.2213034760206937,0.5652377843856812,5.0,-0.3517790630459786,-1.0
2020-02-25,38.6358642578125,0.1833634753711521,0.2177219642326235,0.5989145471248776,8.0,-0.4155510717537254,-1.0
2020-02-26,37.46958923339844,0.0361419036984443,0.2710015334188937,0.6928565263748169,5.0,-0.6567146226763726,-1.0
2020-02-27,35.46577835083008,0.014116478152573,0.0510627161711453,0.9348207910855612,3.0,-0.920704312932988,-1.0
2020-02-28,35.434471130371094,0.0955968210473656,0.5481458182136217,0.3562573647747436,3.0,-0.260660543727378,1.0
2020-03-02,36.86688232421875,0.3887831165455281,0.2391086913645267,0.3721081822179257,5.0,0.0166749343276024,-1.0
2020-03-03,35.7397346496582,0.386798092092459,0.3435001095327047,0.2697017851930398,13.0,0.1170963068994192,1.0
2020-03-04,36.5850944519043,0.1876762621104717,0.3435592452685038,0.4687645236651103,3.0,-0.2810882615546386,-1.0
2020-03-05,35.24661636352539,0.3486331173218787,0.3043848041445016,0.3469820926897228,10.0,0.0016510246321558,-1.0
2020-03-06,33.26629638671875,0.0697628842511524,0.3604181449239452,0.5698189691950878,12.0,-0.5000560849439354,-1.0
2020-03-09,26.566070556640625,0.1010730853304266,0.1339752363661924,0.7649516914453771,18.0,-0.6638786061149504,1.0
2020-03-10,27.82627487182617,0.2483040362815646,0.4063729676691925,0.3453229895847685,17.0,-0.0970189533032038,-1.0
2020-03-11,26.354734420776367,0.3085714590270072,0.2961857651825993,0.3952427736949175,8.0,-0.0866713146679102,-1.0
2020-03-12,23.06724166870117,0.0346917193382977,0.3332446192701657,0.6320636806388696,3.0,-0.5973719613005718,1.0
2020-03-13,25.1962833404541,0.3181212401638427,0.0395321678370237,0.6423466304937998,3.0,-0.324225390329957,-1.0
2020-03-16,21.76789665222168,0.1689189259195699,0.238107141572982,0.5929739083512686,16.0,-0.4240549824316986,1.0
2020-03-17,21.916614532470703,0.0334071665644072,0.1383958903069679,0.8281969143650852,13.0,-0.794789747800678,-1.0
2020-03-18,18.77001571655273,0.0100768183668453,0.0562306145826975,0.933692561255561,9.0,-0.9236157428887156,1.0
2020-03-19,20.045879364013672,0.1233209152705966,0.2421458040674527,0.6345332788924376,15.0,-0.5112123636218409,1.0
2020-03-20,20.241565704345703,0.1946668757054094,0.170289251093681,0.6350438937258261,13.0,-0.4403770180204167,-1.0
2020-03-23,18.86193084716797,0.0489223869517445,0.0509033085157473,0.9001742700735728,6.0,-0.8512518831218283,1.0
2020-03-24,21.886877059936523,0.20999270780012,0.1351297244429588,0.6548775557428599,15.0,-0.4448848479427398,1.0
2020-03-25,22.9192008972168,0.1662166020832955,0.3338255030526356,0.499957870607349,11.0,-0.3337412685240535,1.0
2020-03-26,24.319643020629883,0.049009038756291,0.1757141324794954,0.7752768427340521,9.0,-0.726267803977761,-1.0
2020-03-27,22.671123504638672,0.1783074165694415,0.240782899595797,0.5809096694923938,10.0,-0.4026022529229522,1.0
2020-03-30,22.90320205688477,0.1075002020224928,0.039801551029086,0.8526982367038727,2.0,-0.7451980346813798,1.0
2020-03-31,23.255306243896484,0.1503464020788669,0.3918463105542791,0.4578072674986388,9.0,-0.3074608654197719,-1.0
2020-04-01,22.10294914245605,0.0950648960036535,0.3254115544259548,0.5795235248903433,6.0,-0.4844586288866897,1.0
2020-04-02,24.127582550048828,0.2455140054225921,0.3395514470689436,0.4149345490424072,17.0,-0.1694205436198151,-1.0
2020-04-03,23.87150382995605,0.1570331531887252,0.333048510365188,0.509918357556065,18.0,-0.3528852043673397,1.0
2020-04-06,25.135900497436523,0.0768799940124153,0.4560845738107508,0.4670354320921681,11.0,-0.3901554380797528,1.0
2020-04-07,25.672069549560547,0.0996446710079908,0.3058263406157493,0.5945289760828019,10.0,-0.494884305074811,1.0
2020-04-08,27.38460731506348,0.2603496448136865,0.2021668514547248,0.537483495970567,12.0,-0.2771338511568804,-1.0
2020-04-09,27.13652610778809,0.2937194120604544,0.3509695813059806,0.3553110155276954,20.0,-0.0615916034672409,-1.0
2020-04-13,27.048503875732425,0.2558039393948598,0.1921565475252767,0.5520395039477282,18.0,-0.2962355645528683,-1.0
2020-04-14,26.920459747314453,0.0594408666448933,0.414720750280789,0.5258383881300688,7.0,-0.4663975214851754,-1.0
2020-04-15,25.656064987182617,0.1392871528355912,0.2433459662239659,0.617366892539642,11.0,-0.4780797397040508,-1.0
2020-04-16,24.55971336364746,0.1782506932504474,0.1717166369780897,0.650032672798261,8.0,-0.4717819795478136,1.0
2020-04-17,27.16853904724121,0.2844668820500373,0.3854399930685758,0.3300931263715029,10.0,-0.0456262443214655,-1.0
2020-04-20,26.32027053833008,0.0768224176188761,0.169081945141608,0.754095643420111,11.0,-0.677273225801235,-1.0
2020-04-21,25.856121063232425,0.1643468793904916,0.339685367081653,0.4959677436219697,22.0,-0.3316208642314781,1.0
2020-04-22,26.77641868591309,0.2923242149322673,0.3073357056688379,0.4003400763289796,27.0,-0.1080158613967123,1.0
2020-04-23,27.64068984985352,0.2760117932089737,0.4122923332532601,0.3116958723403513,14.0,-0.0356840791313776,1.0
2020-04-24,27.704708099365234,0.0553133405434588,0.3955617205550273,0.5491249493788928,12.0,-0.4938116088354339,1.0
2020-04-27,28.30488586425781,0.1335486164316534,0.433557529002428,0.4328938582912087,4.0,-0.2993452418595553,1.0
2020-04-28,28.95310401916504,0.0944030918180942,0.3323632730171084,0.5732335895299911,2.0,-0.4788304977118969,1.0
2020-04-29,31.097774505615234,0.069416031319027,0.2307469211518764,0.6998370488484701,6.0,-0.630421017529443,-1.0
2020-04-30,30.40955352783203,0.2134156258932004,0.0640216811249653,0.7225627115306755,6.0,-0.5091470856374751,-1.0
2020-05-01,28.689014434814453,0.0210360405035316,0.4817827958613634,0.4971811082214116,2.0,-0.47614506771788,1.0
2020-05-04,29.681331634521484,0.5319989634056886,0.40064188092947,0.0673591326922178,3.0,0.4646398307134708,1.0
2020-05-05,29.70532989501953,0.4003972808519999,0.5521911333004633,0.047411563185354,3.0,0.3529857176666459,-1.0
2020-05-06,28.929088592529297,0.2438771145728726,0.3363561925167839,0.4197667085876067,6.0,-0.175889594014734,1.0
2020-05-07,29.681331634521484,0.0464875008910894,0.6092733293771744,0.3442391045391559,2.0,-0.2977516036480665,1.0
2020-05-08,31.03374481201172,,,,,,-1.0
2020-05-11,30.48958778381348,0.0235105175524949,0.3398034665733575,0.6366860121488571,2.0,-0.6131754945963621,-1.0
2020-05-12,29.95341110229492,0.1216222303919493,0.408324453048408,0.4700533114373684,4.0,-0.348431081045419,-1.0
2020-05-13,28.59298515319824,0.3497970812022685,0.1402013190090656,0.510001577436924,2.0,-0.1602044962346554,1.0
2020-05-14,28.913089752197266,0.0357428975403308,0.0707703158259391,0.8934867978096008,1.0,-0.85774390026927,-1.0
2020-05-15,28.80104637145996,0.2437362605705857,0.1105438731610774,0.6457198411226273,2.0,-0.4019835805520415,1.0
2020-05-18,31.153789520263672,0.3587924600578844,0.2005605725571513,0.4406469957903027,4.0,-0.0818545357324183,-1.0
2020-05-19,30.28151130676269,0.3091457560658454,0.3009613861019412,0.3898928163883586,6.0,-0.0807470603225131,1.0
2020-05-20,31.48990058898925,0.5483515127561986,0.2326780681808789,0.2189704092840353,6.0,0.3293811034721633,-1.0
2020-05-21,30.985727310180664,0.1993571586906909,0.2227107908576727,0.5779320631176234,5.0,-0.3785749044269324,-1.0
2020-05-22,30.793672561645508,0.1527044620985785,0.2188856272647777,0.6284099314361811,6.0,-0.4757054693376025,1.0
2020-05-26,31.649951934814453,0.4117295865435153,0.0545038529671728,0.5337666058912873,4.0,-0.122037019347772,1.0
2020-05-27,32.05807876586914,0.1417811895953491,0.5671271262690425,0.2910916700493544,8.0,-0.1493104804540053,-1.0
2020-05-28,31.16179084777832,0.8766753971576691,0.0670506432652473,0.0562739712186157,2.0,0.8204014259390533,-1.0
2020-05-29,31.017745971679688,0.1150278185183802,0.4152241600677371,0.4697480139633019,6.0,-0.3547201954449216,1.0
2020-06-01,31.56191635131836,0.2106385007500648,0.4811366852372885,0.3082248200662433,2.0,-0.0975863193161785,1.0
2020-06-02,32.44219207763672,0.4650246533565223,0.0557303875684737,0.4792449409142136,4.0,-0.0142202875576913,1.0
2020-06-03,33.394493103027344,0.2666223146021366,0.5031113870441912,0.2302662929520011,5.0,0.0363560216501354,1.0
2020-06-04,33.40250015258789,0.063924965634942,0.1267222076654434,0.8093528270721435,5.0,-0.7454278614372015,1.0
2020-06-05,35.883277893066406,0.1631036509449283,0.0657122954726219,0.7711840768655142,3.0,-0.6080804259205859,1.0
2020-06-08,37.499786376953125,0.1718599514570087,0.0673875124193727,0.7607525438070297,4.0,-0.588892592350021,-1.0
2020-06-09,36.091339111328125,0.3163744329164425,0.3345039685567219,0.3491216053565342,3.0,-0.0327471724400916,-1.0
2020-06-10,34.31478500366211,0.3233939548954367,0.6309795584529638,0.0456264953827484,8.0,0.2777674595126882,-1.0
2020-06-11,31.081764221191406,0.2441978684316078,0.2203198255350191,0.5354823016872009,3.0,-0.291284433255593,1.0
2020-06-12,31.86601448059082,0.165919766947627,0.2075612865388393,0.626518914103508,5.0,-0.460599147155881,1.0
2020-06-15,31.96203994750977,0.5321882439777255,0.2274490021169185,0.2403627632185816,5.0,0.2918254807591438,1.0
2020-06-16,32.8823356628418,0.9216787815093994,0.0374701209366321,0.040851142257452,1.0,0.8808276392519474,-1.0
2020-06-17,31.76198005676269,0.4731877990998327,0.0622258600778877,0.4645863382611424,4.0,0.0086014608386903,1.0
2020-06-18,32.15410232543945,0.4337562844157219,0.0215253550559282,0.5447183959186077,2.0,-0.1109621115028858,-1.0
2020-06-19,31.66595458984375,0.4164467034861445,0.5091013126075268,0.0744519587606191,2.0,0.3419947447255254,1.0
2020-06-22,31.812658309936523,0.308926448225975,0.3248411171138286,0.3662324085831642,5.0,-0.0573059603571892,1.0
2020-06-23,31.84507369995117,0.1325247883796692,0.3526192605495453,0.5148559808731079,1.0,-0.3823311924934387,-1.0
2020-06-24,30.07815742492676,0.2150846595565477,0.2577807009220123,0.5271345774332682,3.0,-0.3120499178767204,1.0
2020-06-25,30.65361595153809,0.2579267107260724,0.2328157347316543,0.5092575380889078,6.0,-0.2513308273628354,-1.0
2020-06-26,29.59184837341309,0.089099793229252,0.0440143402665853,0.8668858408927917,2.0,-0.7777860476635396,1.0
2020-06-29,29.98900032043457,0.377468392252922,0.2000977794329325,0.42243384445707,3.0,-0.0449654522041479,1.0
2020-06-30,30.67793273925781,0.0999370142817497,0.0351610817015171,0.8649019598960876,1.0,-0.7649649456143379,-1.0
2020-07-01,29.932268142700195,0.4665080457925796,0.0355064123868942,0.4979855865240097,2.0,-0.0314775407314301,1.0
2020-07-02,30.264572143554688,0.4808949548751115,0.4137184722349047,0.1053865626454353,4.0,0.3755083922296762,1.0
2020-07-06,30.35372734069824,0.0850885230116545,0.1713011340238153,0.743610330671072,10.0,-0.6585218076594174,-1.0
2020-07-07,29.389217376708984,0.143936326354742,0.4303002603352069,0.4257633954286575,5.0,-0.2818270690739155,-1.0
2020-07-08,29.364896774291992,0.4777988288551568,0.0313254846259951,0.4908757507801055,2.0,-0.0130769219249487,-1.0
2020-07-09,27.914081573486328,0.0813075304031371,0.2759749274700879,0.6427175253629684,2.0,-0.5614099949598312,1.0
2020-07-10,28.805652618408203,0.6206497674187025,0.1718512767304976,0.2074989417257408,6.0,0.4131508256929617,-1.0
2020-07-13,28.65164566040039,0.1241786375641822,0.1285145975649356,0.7473067656159401,5.0,-0.6231281280517579,1.0
2020-07-14,29.65668487548828,0.4883551970124244,0.2037115171551704,0.3079332634806633,2.0,0.1804219335317611,1.0
2020-07-15,30.296998977661133,0.5547250993549824,0.0857967264018952,0.3594781942665577,4.0,0.1952469050884246,-1.0
2020-07-16,30.15920829772949,0.1091376245021819,0.3701819355289141,0.5206804253781835,3.0,-0.4115428008760015,-1.0
2020-07-17,29.73773765563965,0.7480910420417786,0.2331793159246444,0.0187296140938997,1.0,0.7293614279478788,
