Date,Price,avg_positive_XLK,avg_neutral_XLK,avg_negative_XLK,n_XLK,sent_index_XLK,Sign_next_day
2018-03-20,63.31021881103516,0.2588432903091113,0.6836492667595545,0.0575074159229794,6.0,0.2013358743861318,-1.0
2018-03-21,62.92961120605469,0.0796939743061859,0.8912883798281351,0.0290176278601089,3.0,0.050676346446077,-1.0
2018-03-22,61.30509567260742,0.348508702032268,0.2262976258993148,0.4251936689019203,5.0,-0.0766849668696523,-1.0
2018-03-23,59.67128753662109,0.2414394244551658,0.4821221485733986,0.2764384316280484,5.0,-0.0349990071728825,1.0
2018-03-26,61.93634414672852,0.8904098272323608,0.0647856444120407,0.0448044501245021,1.0,0.8456053771078588,-1.0
2018-03-27,59.94976043701172,0.0750716883423072,0.5315885895064899,0.3933397095118249,7.0,-0.3182680211695177,-1.0
2018-03-28,59.55060195922852,0.3107881686753697,0.477131747537189,0.2120800941354698,9.0,0.0987080745398998,1.0
2018-03-29,60.72953414916992,0.3701407834887504,0.61338542898496,0.0164737100712954,3.0,0.353667073417455,-1.0
2018-04-02,59.28140258789063,0.1624993372242897,0.3302989748772234,0.5072016960475594,8.0,-0.3447023588232696,1.0
2018-04-03,59.86621475219727,0.1964406310063269,0.3536175777100854,0.4499417930427525,9.0,-0.2535011620364256,1.0
2018-04-04,60.70168685913086,0.1250114442470172,0.3210514358555277,0.5539371282793581,6.0,-0.4289256840323409,1.0
2018-04-05,60.95234680175781,0.1001649498939514,0.8866465091705322,0.0131885102018713,1.0,0.0869764396920801,-1.0
2018-04-06,59.45777130126953,0.578851580619812,0.0354473516345024,0.385701060295105,1.0,0.193150520324707,1.0
2018-04-09,59.92191696166992,0.1337931800633668,0.4924466475844383,0.3737601995468139,5.0,-0.2399670194834471,1.0
2018-04-10,61.39793014526367,0.0284010268126924,0.2261090775330861,0.7454898357391357,3.0,-0.7170888089264433,-1.0
2018-04-11,61.035892486572266,,,,,,1.0
2018-04-12,61.76925277709961,0.4288802842299143,0.5539459226032099,0.0171737962712843,3.0,0.41170648795863,-1.0
2018-04-13,61.56501770019531,0.0366798406466841,0.9048992097377776,0.0584209645166992,2.0,-0.0217411238700151,1.0
2018-04-16,62.038455963134766,0.1141586555168032,0.6837493507191539,0.202091998187825,4.0,-0.0879333426710218,1.0
2018-04-17,63.189552307128906,0.1620664423331618,0.2175480334088206,0.6203855216503144,10.0,-0.4583190793171525,-1.0
2018-04-18,63.02245330810547,0.1410590031184255,0.3326800785958766,0.5262609254568815,5.0,-0.3852019223384559,-1.0
2018-04-19,62.32622528076172,0.3400107369137307,0.4229291966184973,0.2370600396146376,12.0,0.102950697299093,-1.0
2018-04-20,61.4629020690918,0.1640181802213191,0.4853605315089225,0.3506212631240487,10.0,-0.1866030829027295,-1.0
2018-04-23,61.24012756347656,0.252213405445218,0.7358839213848114,0.0119026957545429,2.0,0.2403107096906751,-1.0
2018-04-24,60.17256546020508,0.2071261246585183,0.5261238428453604,0.2667500446033146,9.0,-0.0596239199447963,1.0
2018-04-25,60.18185043334961,0.1899263938888907,0.6077823206782341,0.2022912763059139,10.0,-0.0123648824170232,1.0
2018-04-26,61.27724075317383,0.2540755762972614,0.4781264335933057,0.2677979942580515,11.0,-0.01372241796079,-1.0
2018-04-27,61.16584777832031,0.146025602472946,0.6098629683256149,0.2441114526009186,8.0,-0.0980858501279726,-1.0
2018-04-30,60.76666641235352,0.24855880998075,0.4419117843111356,0.3095293749744693,6.0,-0.0609705649937193,1.0
2018-05-01,61.52788543701172,0.3192189348240693,0.4339598870525757,0.246821134040753,6.0,0.0723978007833163,-1.0
2018-05-02,61.4629020690918,0.2237703998883564,0.5749566902716955,0.2012728999058405,3.0,0.0224974999825159,1.0
2018-05-03,61.60215377807617,0.409271284006536,0.4841527957469225,0.1065759444609284,4.0,0.3026953395456076,1.0
2018-05-04,62.77179336547852,0.4264195091091096,0.3011987442150711,0.2723817438818514,6.0,0.1540377652272582,1.0
2018-05-07,63.20811462402344,0.3136779586784541,0.3511776840314269,0.3351443409919738,4.0,-0.0214663823135196,1.0
2018-05-08,63.34733963012695,0.0224284213036298,0.9195247292518616,0.058046881109476,1.0,-0.0356184598058462,1.0
2018-05-09,64.12713623046875,0.435337483882904,0.5521481037139893,0.0125144412741065,1.0,0.4228230426087975,1.0
2018-05-10,64.96260833740234,0.2385807220957108,0.4397954121232033,0.3216239017035279,7.0,-0.0830431796078171,-1.0
2018-05-11,64.86976623535156,0.0715426402166485,0.4398109624162316,0.4886463731527328,2.0,-0.4171037329360844,-1.0
2018-05-14,64.86048126220703,0.075997220352292,0.6639444579680761,0.2600582965339223,3.0,-0.1840610761816302,-1.0
2018-05-15,64.247802734375,0.0923723513260483,0.6697919197380543,0.2378357240930199,5.0,-0.1454633727669716,1.0
2018-05-16,64.53556823730469,0.0665096510201692,0.6564784930087626,0.2770118431653827,4.0,-0.2105021921452134,-1.0
2018-05-17,64.20138549804688,0.4520777225494384,0.5311499260365963,0.0167723279446363,5.0,0.4353053946048021,-1.0
2018-05-18,63.93218231201172,0.3177613541483879,0.6615845449268818,0.020654112799093,4.0,0.2971072413492948,1.0
2018-05-21,64.4891586303711,,,,,,-1.0
2018-05-22,64.39634704589844,0.1423539826646446,0.7032762169837952,0.1543698105961084,2.0,-0.0120158279314637,1.0
2018-05-23,64.86976623535156,0.051415305584669,0.8833225667476654,0.065262135118246,2.0,-0.0138468295335769,-1.0
2018-05-24,64.79552459716797,0.9057323038578032,0.0710928328335284,0.0231748381629585,2.0,0.8825574656948448,-1.0
2018-05-25,64.74909210205078,0.2208760678768158,0.1292651239782571,0.6498588174581528,2.0,-0.428982749581337,-1.0
2018-05-29,64.39634704589844,0.0800571298847595,0.4144435922304789,0.5054992760221163,3.0,-0.4254421461373567,1.0
2018-05-30,64.86976623535156,0.208649625070393,0.415388078118364,0.3759623092288771,3.0,-0.167312684158484,1.0
2018-05-31,64.8883285522461,0.0788158001378178,0.4489117972552776,0.4722724440507591,2.0,-0.3934566439129413,1.0
2018-06-01,65.99303436279297,0.2805629152804613,0.4228025019168854,0.2966346114873886,5.0,-0.0160716962069273,1.0
2018-06-04,66.52216339111328,0.1658574574523501,0.7097628050380282,0.1243797479611303,9.0,0.0414777094912198,1.0
2018-06-05,66.75423431396484,0.4565194569528102,0.3403544768691062,0.2031260468065738,5.0,0.2533934101462364,1.0
2018-06-06,67.1905288696289,0.038813796515266,0.542953759431839,0.4182324409484863,3.0,-0.3794186444332202,-1.0
2018-06-07,66.65210723876953,0.1689613903872668,0.3410775403802593,0.489961052313447,6.0,-0.3209996619261801,-1.0
2018-06-08,66.54071807861328,0.3150883108377457,0.5983887791633606,0.0865229325368999,5.0,0.2285653783008457,1.0
2018-06-11,66.614990234375,0.3402042121160775,0.3999979509972035,0.2597978473640978,4.0,0.0804063647519797,1.0
2018-06-12,66.93988037109375,0.5283557710548242,0.4357423906524976,0.0359018233915169,3.0,0.4924539476633072,-1.0
2018-06-13,66.5964126586914,0.0490998849272728,0.0554801188409328,0.8954200148582458,1.0,-0.846320129930973,1.0
2018-06-14,67.06985473632812,0.3173928981026013,0.4691073404004176,0.2134997448107848,6.0,0.1038931532918165,-1.0
2018-06-15,66.81364440917969,0.3039977680891752,0.5383510701358318,0.1576511649570117,6.0,0.1463466031321635,1.0
2018-06-18,66.88821411132812,0.2807388859800994,0.5231484283382694,0.1961126900278031,6.0,0.0846261959522962,-1.0
2018-06-19,66.54350280761719,0.0552017956972121,0.5259159713983536,0.4188822124153376,5.0,-0.3636804167181254,1.0
2018-06-20,66.6832504272461,0.4265677377581595,0.5050894632935524,0.0683428235352039,5.0,0.3582249142229556,-1.0
2018-06-21,66.17086791992188,0.2510564932599664,0.4022587326665719,0.34668475901708,6.0,-0.0956282657571137,-1.0
2018-06-22,65.95658874511719,0.0117771127261221,0.0704306699335574,0.9177922010421752,2.0,-0.906015088316053,-1.0
2018-06-25,64.58717346191406,0.128678735345602,0.8484817445278168,0.0228395191952585,2.0,0.1058392161503434,1.0
2018-06-26,64.84801483154297,0.1640204414725303,0.8206221461296082,0.0153573881834744,2.0,0.1486630532890558,-1.0
2018-06-27,63.96298599243164,0.2093116776086389,0.6045726388692856,0.1861157082021236,4.0,0.0231959694065153,1.0
2018-06-28,64.74552917480469,0.4591981843113898,0.0897815339267253,0.4510202901437878,2.0,0.008177894167602,-1.0
2018-06-29,64.71759033203125,0.4421372413635254,0.5399896651506424,0.0178731381893157,2.0,0.4242641031742096,1.0
2018-07-02,65.29515838623047,0.294650793634355,0.4450366675853729,0.2603125464171171,5.0,0.0343382472172379,-1.0
2018-07-03,64.52196502685547,0.0316003966145217,0.5046366720149914,0.4637629520148039,6.0,-0.4321625554002821,1.0
2018-07-05,65.4349136352539,,,,,,1.0
2018-07-06,66.19882202148438,0.0291352998465299,0.9216955304145812,0.0491691417992115,1.0,-0.0200338419526816,1.0
2018-07-09,66.7018814086914,0.0988382569048553,0.4936926579102874,0.4074690765701234,4.0,-0.308630819665268,1.0
2018-07-10,66.8602523803711,0.0877480283379554,0.6433814167976379,0.2688705623149872,1.0,-0.1811225339770317,-1.0
2018-07-11,66.59938049316406,0.022387797012925,0.3153535877354442,0.6622586390003562,4.0,-0.6398708419874312,1.0
2018-07-12,67.65210723876953,0.3721276224694318,0.3449008295105563,0.2829715338432126,9.0,0.0891560886262192,-1.0
2018-07-13,67.57759094238281,0.0269188396632671,0.9382525086402892,0.034828670322895,1.0,-0.0079098306596279,-1.0
2018-07-16,67.41919708251953,0.1466957088559865,0.2856004238128662,0.567703902721405,2.0,-0.4210081938654185,1.0
2018-07-17,67.9222640991211,0.1571746692061423,0.787137046456337,0.0556882703676819,4.0,0.1014863988384604,-1.0
2018-07-18,67.81047058105469,0.3074591192416846,0.4681539005832746,0.2243869818630628,16.0,0.0830721373786218,-1.0
2018-07-19,67.56825256347656,0.1383434082381426,0.1599854692816734,0.7016711412928999,10.0,-0.5633277330547573,1.0
2018-07-20,67.58689880371094,0.2644553985446691,0.6857427395880222,0.0498018434736877,4.0,0.2146535550709813,1.0
2018-07-23,67.93155670166016,0.6315648307402929,0.1186355973283449,0.2497995517527063,3.0,0.3817652789875866,1.0
2018-07-24,68.30422973632812,0.3956185226727808,0.1316532918385096,0.4727281890809535,7.0,-0.0771096664081726,1.0
2018-07-25,69.16127014160156,0.3281161387567408,0.0864512459374963,0.5854326108237728,8.0,-0.257316472067032,-1.0
2018-07-26,68.09925079345703,0.1298163835890591,0.2749994788318872,0.5951841335433224,12.0,-0.4653677499542633,-1.0
2018-07-27,66.93476867675781,0.2053378792479633,0.2838136494159698,0.5108484821394086,5.0,-0.3055106028914452,-1.0
2018-07-30,65.89136505126953,0.2800732655450701,0.3082413420613323,0.411685375363699,7.0,-0.1316121098186289,1.0
2018-07-31,66.06840515136719,0.2833915733333144,0.4216295714889254,0.2949788420061979,7.0,-0.0115872686728835,1.0
2018-08-01,66.66462707519531,0.2395186384932862,0.3176974724564287,0.4427838892572456,9.0,-0.2032652507639594,1.0
2018-08-02,67.50304412841797,0.3385683434704939,0.5407097396544285,0.1207219156591842,18.0,0.2178464278113097,1.0
2018-08-03,67.74524688720703,0.5918301492929459,0.366624154150486,0.0415457105264066,2.0,0.5502844387665392,1.0
2018-08-06,68.10856628417969,0.104796677827835,0.8167595863342285,0.0784437283873558,1.0,0.0263529494404791,1.0
2018-08-07,68.36939239501953,0.5954496553167701,0.3352084355428815,0.0693419040180742,4.0,0.5261077512986958,1.0
2018-08-08,68.55574035644531,0.7499908208847046,0.2415875047445297,0.0084217032417654,1.0,0.7415691176429392,1.0
2018-08-09,68.58370971679688,0.0718187615275382,0.4508296810090541,0.4773515532724559,2.0,-0.4055327917449176,-1.0
2018-08-10,68.03404235839844,0.2823790460824966,0.521211002022028,0.1964099360629916,4.0,0.085969110019505,-1.0
2018-08-13,67.94088745117188,,,,,,1.0
2018-08-14,68.36011505126953,0.5118361711502075,0.4623610105897699,0.0258028073502437,7.0,0.4860333637999637,-1.0
2018-08-15,67.74524688720703,0.2649593167006969,0.5023459484800696,0.2326947660185396,4.0,0.0322645506821572,1.0
2018-08-16,68.04335021972656,0.8837736248970032,0.1062740832567215,0.0099522853270173,1.0,0.8738213395699859,1.0
2018-08-17,68.14583587646484,0.0997346307461459,0.5484784636646509,0.351786916454633,3.0,-0.2520522857084871,-1.0
2018-08-20,68.04335021972656,0.0275120809674263,0.1017051711678505,0.870782732963562,1.0,-0.8432706519961357,1.0
2018-08-21,68.1551513671875,0.0675824955105781,0.0816010981798172,0.8508164882659912,1.0,-0.783233992755413,1.0
2018-08-22,68.36011505126953,0.4276826381683349,0.4138103723526001,0.158507019902269,3.0,0.2691756182660659,1.0
2018-08-23,68.50916290283203,0.138546730702122,0.2589178408185641,0.6025354351537923,3.0,-0.4639887044516703,1.0
2018-08-24,69.19851684570312,0.1493837296962737,0.4732509687542915,0.3773653430864214,5.0,-0.2279816133901476,1.0
2018-08-27,69.83202362060547,0.4614842347800731,0.1701166667044162,0.3683991096913814,2.0,0.0930851250886917,1.0
2018-08-28,69.953125,0.8466957211494446,0.1429577469825744,0.010346557945013,1.0,0.8363491632044315,1.0
2018-08-29,70.58660125732422,,,,,,-1.0
2018-08-30,70.3723373413086,0.2126951031386851,0.4354541853070259,0.3518506951630115,5.0,-0.1391555920243263,1.0
2018-08-31,70.42822265625,0.0818090662360191,0.9045637845993042,0.0136271361261606,1.0,0.0681819301098585,-1.0
2018-09-04,70.15808868408203,0.1954338666982948,0.4350286466069519,0.3695375095121562,4.0,-0.1741036428138614,-1.0
2018-09-05,69.28237915039062,0.2389949397183954,0.5426889322698116,0.2183161028660833,4.0,0.0206788368523121,-1.0
2018-09-06,68.77933502197266,0.2563436154276132,0.5500987969338894,0.1935576068237423,5.0,0.0627860086038708,-1.0
2018-09-07,68.54642486572266,0.0453913863748311,0.0435933470726012,0.9110152721405028,2.0,-0.8656238857656717,1.0
2018-09-10,68.76067352294922,0.0271021009733278,0.125209892168641,0.8476879994074503,3.0,-0.8205858984341224,1.0
2018-09-11,69.34759521484375,0.5696663931012154,0.1486789826303719,0.2816546229490389,6.0,0.2880117701521764,-1.0
2018-09-12,69.05879211425781,0.1563474577851593,0.5797652048058808,0.2638873616233468,8.0,-0.1075399038381875,1.0
2018-09-13,69.86927795410156,0.1693772215189204,0.5929874723984135,0.2376353253299991,9.0,-0.0682581038110786,-1.0
2018-09-14,69.81338500976562,0.1015065289102494,0.0819531232118606,0.8165403604507446,2.0,-0.7150338315404952,-1.0
2018-09-17,68.93768310546875,0.0364306534950931,0.2616581690187255,0.7019111771757404,6.0,-0.6654805236806473,1.0
2018-09-18,69.37554168701172,0.3267772325780242,0.4900819608010351,0.1831407947465777,8.0,0.1436364378314465,-1.0
2018-09-19,69.19851684570312,0.133685427904129,0.4886334002017974,0.3776811568066477,5.0,-0.2439957289025187,1.0
2018-09-20,70.01834106445312,0.2799371955916285,0.6992504522204399,0.0208123519551008,4.0,0.2591248436365276,-1.0
2018-09-21,69.74163818359375,0.1735111060552298,0.7254398912191391,0.1010489952750503,4.0,0.0724621107801795,1.0
2018-09-24,70.08751678466797,0.2165755918249487,0.7359163835644722,0.0475080099422484,4.0,0.1690675818827003,-1.0
2018-09-25,70.00336456298828,0.0486505390144884,0.4380180584266782,0.513331416528672,4.0,-0.4646808775141836,-1.0
2018-09-26,69.74163818359375,0.1148180346935987,0.5218694359064102,0.3633125210180878,5.0,-0.2484944863244891,1.0
2018-09-27,70.1529541015625,0.1101789996027946,0.673063862323761,0.2167571352794766,5.0,-0.1065781356766819,1.0
2018-09-28,70.4146728515625,0.1000023591332137,0.420478181913495,0.4795194703619927,4.0,-0.3795171112287789,1.0
2018-10-01,70.75116729736328,0.4964183022578557,0.4744863609472911,0.0290954013665516,3.0,0.467322900891304,1.0
2018-10-02,70.760498046875,0.1726461177070935,0.6042306330054998,0.2231232362488905,6.0,-0.050477118541797,1.0
2018-10-03,70.97550964355469,0.3330318480730057,0.3170389980077743,0.3499291706830263,2.0,-0.0168973226100206,-1.0
2018-10-04,69.69489288330078,0.3620000332593918,0.6248649507761002,0.013134989577035,3.0,0.3488650436823567,-1.0
2018-10-05,68.81626892089844,0.0773036666214466,0.4515514448285102,0.4711448736488819,2.0,-0.3938412070274353,-1.0
2018-10-08,68.04041290283203,0.0574028634776671,0.5515073152879874,0.3910898392399152,6.0,-0.333686975762248,1.0
2018-10-09,68.28345489501953,0.2562887467710035,0.5817616156169346,0.1619496489209788,7.0,0.0943390978500247,-1.0
2018-10-10,64.97444152832031,0.0354427522979676,0.3561216965317726,0.6084355612595876,6.0,-0.5729928089616201,-1.0
2018-10-11,64.15185546875,0.3732513058930635,0.4778998369971911,0.1488488630081216,6.0,0.2244024428849419,1.0
2018-10-12,66.20831298828125,0.3088616719469427,0.3536211028695106,0.3375172461383044,6.0,-0.0286555741913616,-1.0
2018-10-15,65.12399291992188,0.0549475901893206,0.6905607905771051,0.2544916072594267,7.0,-0.1995440170701061,1.0
2018-10-16,67.08696746826172,0.0805129252374171,0.5955437891185283,0.3239433020353316,5.0,-0.2434303767979144,-1.0
2018-10-17,66.77850341796875,0.2822704613208771,0.7077980637550354,0.0099314637482166,1.0,0.2723389975726605,-1.0
2018-10-18,65.46983337402344,0.093777369086941,0.8933928708235422,0.0128297669192154,6.0,0.0809476021677255,-1.0
2018-10-19,65.44178771972656,0.0568317671616871,0.7785516381263733,0.1646165947119394,3.0,-0.1077848275502523,1.0
2018-10-22,65.98395538330078,0.4198319483548403,0.29878830909729,0.2813797742128372,4.0,0.138452174142003,-1.0
2018-10-23,65.73155212402344,0.2996510412544012,0.3048808000981807,0.3954681880772113,5.0,-0.0958171468228101,-1.0
2018-10-24,62.787105560302734,0.1027459766377101,0.2428728604519908,0.6543811668049205,11.0,-0.5516351901672103,1.0
2018-10-25,64.94638061523438,0.1511192134736726,0.3556875033924977,0.4931932752951979,6.0,-0.3420740618215253,-1.0
2018-10-26,63.647071838378906,0.3290504772216082,0.2122476078569888,0.4587019372731447,5.0,-0.1296514600515365,-1.0
2018-10-29,62.57211685180664,0.3850645394995808,0.423475450836122,0.1914600022137164,8.0,0.1936045372858643,1.0
2018-10-30,63.273170471191406,0.1808333601802587,0.3927650141219298,0.4264016328379512,6.0,-0.2455682726576924,1.0
2018-10-31,64.77815246582031,0.1628343034535646,0.248521781216065,0.5886439324046174,3.0,-0.4258096289510528,1.0
2018-11-01,65.5352783203125,0.1403092290940028,0.5314529506223542,0.3282377960692559,7.0,-0.187928566975253,-1.0
2018-11-02,64.2546615600586,0.2344862233678047,0.3692885046316819,0.3962252642112699,11.0,-0.1617390408434652,-1.0
2018-11-05,64.18923950195312,0.0552042587660252,0.063430955633521,0.8813647627830505,2.0,-0.8261605040170252,1.0
2018-11-06,64.59117889404297,0.1740322375670075,0.4243660166859627,0.4016017248854041,5.0,-0.2275694873183966,1.0
2018-11-07,66.48872375488281,0.1200903572142123,0.5614099640399217,0.3184996904805302,10.0,-0.1984093332663178,-1.0
2018-11-08,66.43263244628906,0.338107335070769,0.4830748836199443,0.178817800246179,3.0,0.1592895348245899,-1.0
2018-11-09,65.28289031982422,0.4771611765027046,0.5032357424497604,0.0196031183004379,2.0,0.4575580582022667,-1.0
2018-11-12,62.98339080810547,0.057525573298335,0.6606362302388463,0.2818382230720349,7.0,-0.2243126497736999,1.0
2018-11-13,63.0582160949707,0.1343744729778596,0.1006310305425098,0.7649944855698517,7.0,-0.6306200125919921,-1.0
2018-11-14,62.30104064941406,0.2108212599220374,0.619229254933695,0.1699494841353346,12.0,0.0408717757867028,1.0
2018-11-15,63.862083435058594,0.1220669066533445,0.5466061644256115,0.3313269310941298,3.0,-0.2092600244407852,-1.0
2018-11-16,63.759239196777344,0.0554461106657981,0.540010105073452,0.4045438116416335,5.0,-0.3490977009758353,-1.0
2018-11-19,61.32890319824219,0.0371808659285306,0.3670236892998218,0.5957954324781893,5.0,-0.5586145665496587,-1.0
2018-11-20,60.01090621948242,0.2095796633511781,0.4592091127165726,0.3312112037092447,7.0,-0.1216315403580665,1.0
2018-11-21,60.450233459472656,0.4413539431989193,0.2892087170233329,0.2694373369061698,6.0,0.1719166062927494,-1.0
2018-11-23,59.89874267578125,0.0498687662184238,0.918847382068634,0.0312838368117809,1.0,0.0185849294066429,1.0
2018-11-26,61.25411605834961,0.3824160136282444,0.5003562668959299,0.1172277287890513,3.0,0.265188284839193,1.0
2018-11-27,61.37563705444336,0.1927767833694815,0.3354960177093744,0.4717271788977086,4.0,-0.2789503955282271,1.0
2018-11-28,63.52556610107422,0.4098061129916459,0.3005097275599837,0.2896841600304469,8.0,0.120121952961199,-1.0
2018-11-29,62.908653259277344,0.2358413893729448,0.3233421158045529,0.4408165011554956,5.0,-0.2049751117825508,1.0
2018-11-30,63.50685119628906,0.4112018652260303,0.4606801599264145,0.1281179707497358,5.0,0.2830838944762945,1.0
2018-12-03,64.90900421142578,0.2844793914506832,0.5877691855033239,0.1277514446216324,6.0,0.1567279468290507,-1.0
2018-12-04,62.45060729980469,0.348438993282616,0.4393721863627434,0.2121888432651757,5.0,0.1362501500174402,1.0
2018-12-06,62.5908088684082,0.1918503303080797,0.3321403404697776,0.4760093357414007,10.0,-0.284159005433321,-1.0
2018-12-07,60.38480758666992,0.0671797455288469,0.8618185520172119,0.0710017108358442,4.0,-0.0038219653069973,1.0
2018-12-10,61.21672821044922,0.3146729916334152,0.3806863195661987,0.304640711551266,7.0,0.0100322800821492,1.0
2018-12-11,61.29152297973633,0.0354151814244687,0.5298128351569176,0.4347719764336943,2.0,-0.3993567950092255,1.0
2018-12-12,61.76823806762695,0.2970023257657885,0.2748460993170737,0.4281515814363956,4.0,-0.1311492556706071,1.0
2018-12-13,61.871055603027344,0.3040108244866132,0.3842643175274133,0.3117248870432377,5.0,-0.0077140625566244,-1.0
2018-12-14,60.35676956176758,0.0470778984017669,0.6693351902067661,0.2835868708789348,4.0,-0.2365089724771679,-1.0
2018-12-17,59.07615661621094,0.2481216700481516,0.4553865960666111,0.296491749850767,7.0,-0.0483700798026153,1.0
2018-12-18,59.54353332519531,0.3087152205407619,0.297367749735713,0.393917042762041,3.0,-0.0852018222212791,-1.0
2018-12-19,58.36574935913086,0.4797945438573758,0.1935749997695286,0.3266304042190313,3.0,0.1531641396383445,-1.0
2018-12-20,57.31882858276367,0.0364188272505998,0.4150262927370412,0.5485548890594925,7.0,-0.5121360618088926,-1.0
2018-12-21,55.57734298706055,0.137327527316908,0.3841576731453339,0.4785148107136289,6.0,-0.3411872833967209,-1.0
2018-12-24,54.09403610229492,0.0130611779168248,0.0233751069754362,0.9635637998580932,1.0,-0.9505026219412684,1.0
2018-12-26,57.36106872558594,0.2033929377794265,0.7802974581718445,0.0163096766918897,1.0,0.1870832610875367,1.0
2018-12-27,57.77415466308594,0.1861899569630622,0.800221582253774,0.0135884492968519,3.0,0.1726015076662103,-1.0
2018-12-28,57.64271926879883,0.1069212332367897,0.8648257851600647,0.0282528977841138,1.0,0.0786683354526759,1.0
2018-12-31,58.18722152709961,,,,,,1.0
2019-01-02,58.22478103637695,0.2165240717586129,0.3021572469733655,0.4813186950050294,4.0,-0.2647946232464164,-1.0
2019-01-03,55.28631591796875,0.0984422987183698,0.1817768673197581,0.719780810463887,13.0,-0.6213385117455171,1.0
2019-01-04,57.73659896850586,0.1532870515948161,0.4887210708111524,0.3579918831819668,8.0,-0.2047048315871507,1.0
2019-01-07,58.25293350219727,0.2882003087550401,0.5232149377465248,0.1885847212746739,5.0,0.0996155874803662,1.0
2019-01-08,58.741119384765625,0.434134525557359,0.2354634022340177,0.3304020740712682,6.0,0.1037324514860907,1.0
2019-01-09,59.50154876708984,0.1969296195440821,0.6133287217881944,0.189741676673293,9.0,0.007187942870789,1.0
2019-01-10,59.76442337036133,0.3954244079068303,0.3645372604951262,0.2400383162312209,4.0,0.1553860916756093,-1.0
2019-01-11,59.65176773071289,0.2943623583497746,0.4166956038347312,0.288942052184471,7.0,0.0054203061653035,-1.0
2019-01-14,59.09787368774414,0.2242141962051391,0.6234717667102814,0.1523140333592891,2.0,0.07190016284585,1.0
2019-01-15,59.98973846435547,0.3153899800446298,0.4587804534369045,0.2258295665184656,9.0,0.0895604135261641,1.0
2019-01-16,60.04606628417969,0.0992668033577501,0.6527036959305406,0.2480295002460479,4.0,-0.1487626968882978,1.0
2019-01-17,60.43098449707031,0.0385513869114219,0.4627787079662084,0.4986699265427887,4.0,-0.4601185396313668,1.0
2019-01-18,61.35099411010742,0.200403778348118,0.3876466080546379,0.4119495786726474,2.0,-0.2115458003245294,-1.0
2019-01-22,60.318321228027344,0.3292412934824824,0.516896503046155,0.1538622020743786,4.0,0.1753790914081037,1.0
2019-01-23,60.524845123291016,0.2455123810796066,0.5308182276785374,0.223669389844872,8.0,0.0218429912347346,1.0
2019-01-24,61.03180313110352,0.198502646293491,0.3926903411746025,0.4088070172816515,10.0,-0.2103043709881604,1.0
2019-01-25,61.8955078125,0.0875514755025505,0.4919468350708484,0.4205016481379668,3.0,-0.3329501726354162,-1.0
2019-01-28,61.06937026977539,0.4196398382385571,0.2909741202990213,0.289386059778432,3.0,0.1302537784601251,-1.0
2019-01-29,60.41219711303711,0.234787037803067,0.3207242538531621,0.444488697581821,9.0,-0.2097016597787539,1.0
2019-01-30,62.2898063659668,0.297356492270612,0.2596846173206965,0.4429588813541664,9.0,-0.1456023890835543,-1.0
2019-01-31,62.22410202026367,0.1059656870551406,0.4884253978729248,0.4056089119054377,10.0,-0.299643224850297,1.0
2019-02-01,62.5902214050293,0.7746803760528564,0.2156134843826294,0.0097061889246106,1.0,0.7649741871282458,1.0
2019-02-04,63.59474563598633,0.4619124312367704,0.404055930674076,0.13403163322558,9.0,0.3278807980111903,1.0
2019-02-05,64.12987518310547,0.1750962594524025,0.5258524680717124,0.2990512868596447,9.0,-0.1239550274072421,1.0
2019-02-06,64.34578704833984,0.1845374284312128,0.5973896359403928,0.2180729225898782,6.0,-0.0335354941586653,-1.0
2019-02-07,63.46330642700195,0.1042117302616437,0.7349271178245544,0.1608611925815542,3.0,-0.0566494623199105,1.0
2019-02-08,63.82942962646485,0.3290075392772754,0.3395212485144535,0.3314712283511956,3.0,-0.0024636890739201,-1.0
2019-02-11,63.801307678222656,0.2818346074782311,0.3482938692905009,0.3698715067002922,4.0,-0.088036899222061,1.0
2019-02-12,64.6462173461914,0.2882367730140686,0.5104848563671112,0.2012783605605363,5.0,0.0869584124535322,1.0
2019-02-13,64.7306900024414,0.3546127570793032,0.4692821683362126,0.1761050493456422,10.0,0.1785077077336609,1.0
2019-02-14,64.84336853027344,0.1614803344709798,0.4820270042400807,0.3564926377730444,8.0,-0.1950123033020646,1.0
2019-02-15,65.35971069335938,0.3564102439209818,0.4390613801777362,0.2045283628627657,5.0,0.1518818810582161,1.0
2019-02-19,65.37847137451172,0.126598797738552,0.8491753141085306,0.0242258760457237,3.0,0.1023729216928283,1.0
2019-02-20,65.45358276367188,0.0309424145768085,0.4108895907799402,0.5581680067504445,3.0,-0.527225592173636,1.0
2019-02-21,65.48174285888672,0.3187447083605961,0.5386228541081602,0.1426324372349137,11.0,0.1761122711256824,1.0
2019-02-22,66.31729125976562,0.4839771706610918,0.4522384330630302,0.0637843634467571,4.0,0.4201928072143346,1.0
2019-02-25,66.63648986816406,0.2642985633057024,0.5354673510624303,0.2002340832518206,9.0,0.0640644800538818,1.0
2019-02-26,66.7773208618164,0.0387214347720146,0.9325491786003112,0.0287293978035449,1.0,0.0099920369684696,-1.0
2019-02-27,66.71158599853516,0.5022673979401588,0.3131219148635864,0.1846106930170208,4.0,0.317656704923138,-1.0
2019-02-28,66.52381896972656,0.1694635730236768,0.6230588406324387,0.2074776194058358,2.0,-0.038014046382159,1.0
2019-03-01,66.97444152832031,0.4037801995873451,0.585412010550499,0.0108078070916235,2.0,0.3929723924957216,-1.0
2019-03-04,66.7209701538086,0.1543586547486483,0.4453712776303291,0.4002700382843613,4.0,-0.2459113835357129,-1.0
2019-03-05,66.52381896972656,0.452274888753891,0.5291654467582703,0.0185596533119678,1.0,0.4337152354419232,-1.0
2019-03-06,66.17646026611328,0.21900275349617,0.7713590860366821,0.0096381781622767,1.0,0.2093645753338933,-1.0
2019-03-07,65.54747772216797,0.4559662137180567,0.4761459566652775,0.0678878347389399,2.0,0.3880783789791167,-1.0
2019-03-08,65.53807067871094,,,,,,1.0
2019-03-11,66.94628143310547,0.2750976455863565,0.6591436304152012,0.0657587425084784,8.0,0.2093389030778781,1.0
2019-03-12,67.3405990600586,0.366100513531516,0.3140879467440148,0.3198115080595016,6.0,0.0462890054720144,1.0
2019-03-13,67.78181457519531,0.2111711922500814,0.3420218000454562,0.4468070269961441,7.0,-0.2356358347460627,1.0
2019-03-14,67.92266845703125,0.3571619919190804,0.5010215938091278,0.1418164058898885,3.0,0.2153455860291918,1.0
2019-03-15,68.74486541748047,0.2732561702973076,0.3667869429503168,0.3599568872845599,7.0,-0.0867007169872522,1.0
2019-03-18,69.03684997558594,0.4511444009840488,0.5242146700620651,0.0246409028768538,2.0,0.4265034981071949,1.0
2019-03-19,69.17811584472656,0.173621084075421,0.8035233169794083,0.0228555866051464,4.0,0.1507654974702745,-1.0
2019-03-20,68.9897232055664,0.1397581810131668,0.3218006584793329,0.5384411463513971,10.0,-0.3986829653382302,1.0
2019-03-21,70.72273254394531,0.1395680303685366,0.4640357966224352,0.3963961911698182,6.0,-0.2568281608012815,-1.0
2019-03-22,69.0556869506836,0.0773405950749292,0.5800606068223715,0.3425987858790904,8.0,-0.2652581908041611,-1.0
2019-03-25,68.75428009033203,0.1211530684747478,0.634064044803381,0.2447828951884399,11.0,-0.123629826713692,1.0
2019-03-26,69.1310043334961,0.2930976795653502,0.5313700462381045,0.1755322795982161,15.0,0.117565399967134,-1.0
2019-03-27,68.73546600341797,0.3610620296427181,0.6093926238162177,0.0295453378265456,7.0,0.3315166918161724,1.0
2019-03-28,69.01801300048828,0.405266585946083,0.5590976398438215,0.0356357880868017,5.0,0.3696307978592813,1.0
2019-03-29,69.69612121582031,0.4880447685718536,0.356639377772808,0.1553158306051045,4.0,0.332728937966749,1.0
2019-04-01,70.64740753173828,0.2593654869124293,0.6709102764725685,0.0697242370806633,4.0,0.1896412498317659,1.0
2019-04-02,70.89225006103516,0.1118726468245897,0.6037539549704108,0.2843734083165015,7.0,-0.1725007614919118,1.0
2019-04-03,71.466796875,0.2606060770340263,0.3503420141059905,0.3890519144479185,8.0,-0.1284458374138922,-1.0
2019-04-04,71.16539764404297,0.071681754104793,0.3849214687943458,0.5433967936784029,5.0,-0.4717150395736098,1.0
2019-04-05,71.50446319580078,0.0604082900099456,0.4344768840819597,0.5051148608326912,4.0,-0.4447065708227455,1.0
2019-04-08,71.77760314941406,0.2882782979868352,0.4493350028060376,0.2623866479843855,4.0,0.0258916500024496,-1.0
2019-04-09,71.43852996826172,0.2853136879081527,0.2575054845462242,0.4571808539330959,6.0,-0.1718671660249431,1.0
2019-04-10,71.93770599365234,0.3708420520027478,0.5988764961560568,0.0302814360087116,3.0,0.3405606159940362,-1.0
2019-04-11,71.843505859375,0.102972904841105,0.5829508453607559,0.3140762159600853,3.0,-0.2111033111189802,1.0
2019-04-12,72.34268188476562,0.9230551719665528,0.0672622472047805,0.0096825240179896,1.0,0.9133726479485632,-1.0
2019-04-15,72.31444549560547,0.3809702178197248,0.3198776596358844,0.2991521452287478,7.0,0.0818180725909769,1.0
2019-04-16,72.68177032470703,0.232400112918445,0.4578119536329593,0.3097879290580749,7.0,-0.0773878161396298,1.0
2019-04-17,73.08677673339844,0.3487154683098196,0.4120388239622116,0.2392457150854169,10.0,0.1094697532244026,1.0
2019-04-18,73.29396057128906,0.3842608287930488,0.5810927286744118,0.0346464655362069,5.0,0.3496143632568419,1.0
2019-04-22,73.46349334716797,0.3473023828119039,0.5725844651460648,0.08011309010908,2.0,0.2671892927028239,1.0
2019-04-23,74.26405334472656,0.3258797971066087,0.4043083046562969,0.2698118895059451,8.0,0.0560679076006636,1.0
2019-04-24,74.29230499267578,0.54330018684268,0.422977464646101,0.0337223647162317,5.0,0.5095778221264482,-1.0
2019-04-25,74.2734603881836,0.3055052559024521,0.5292677858046123,0.1652269535032765,7.0,0.1402783023991755,-1.0
2019-04-26,73.99092864990234,0.2616383258253335,0.5390164867043495,0.19934519007802,5.0,0.0622931357473134,1.0
2019-04-29,74.00975799560547,0.2633853023871779,0.5152600985020399,0.2213546033017337,6.0,0.0420306990854441,1.0
2019-04-30,74.1322021484375,0.1554942123422568,0.2529987330463799,0.5915070729838177,11.0,-0.4360128606415608,-1.0
2019-05-01,73.9438247680664,0.3654416044009849,0.2550355861894786,0.3795228066155687,8.0,-0.0140812022145838,-1.0
2019-05-02,73.55764770507812,0.1392919334272543,0.7657175610462824,0.0949905153053501,6.0,0.0443014181219042,1.0
2019-05-03,74.25462341308594,,,,,,-1.0
2019-05-06,73.68013000488281,0.06151002086699,0.9189701676368712,0.0195198613218962,2.0,0.0419901595450937,-1.0
2019-05-07,72.09781646728516,0.4560294498999913,0.5082563410202662,0.0357142143572369,3.0,0.4203152355427544,-1.0
2019-05-08,72.0130615234375,0.1915086951727668,0.4763256969551245,0.3321655935918291,6.0,-0.1406568984190623,-1.0
2019-05-09,71.52330017089844,0.9494243860244752,0.0284190773963928,0.0221565384417772,1.0,0.927267847582698,1.0
2019-05-10,71.74932861328125,0.0657822536304592,0.6255699843168259,0.3086477816104889,2.0,-0.2428655279800296,-1.0
2019-05-13,69.0462646484375,0.1741307775179544,0.492841492096583,0.3330277592564621,6.0,-0.1588969817385077,1.0
2019-05-14,70.15764617919922,0.2351871904296179,0.2928200966368119,0.4719927152618766,6.0,-0.2368055248322586,1.0
2019-05-15,70.92052459716797,0.7309012804180384,0.2476444435305893,0.0214542883913963,4.0,0.709446992026642,1.0
2019-05-16,71.57040405273438,0.2452031274636586,0.3919132699569066,0.3628835659474134,3.0,-0.1176804384837547,-1.0
2019-05-17,70.99588012695312,0.1044758241623639,0.6406255379319191,0.2548986401408911,5.0,-0.1504228159785271,-1.0
2019-05-20,69.76205444335938,0.0921281344878176,0.3006825608511765,0.6071892947268983,6.0,-0.5150611602390807,1.0
2019-05-21,70.619140625,0.4500259786312069,0.2664883647646223,0.2834856266688023,7.0,0.1665403519624046,-1.0
2019-05-22,70.25180053710938,0.1119739138521253,0.5814561108127236,0.3065699780127033,8.0,-0.1945960641605779,-1.0
2019-05-23,69.01801300048828,0.0278515515050717,0.2129585059093577,0.7591899452464921,7.0,-0.7313383937414204,1.0
2019-05-24,69.03684997558594,0.1205557625119884,0.5663203075528145,0.3131238948553801,3.0,-0.1925681323433916,-1.0
2019-05-28,68.83903503417969,0.1052360373238722,0.60149085521698,0.2932731121157606,3.0,-0.1880370747918884,-1.0
2019-05-29,68.43408203125,0.2348036943003534,0.4604080040007829,0.3047882865648716,4.0,-0.0699845922645182,1.0
2019-05-30,68.85790252685547,0.1091439380931357,0.5494496288398901,0.3414064592992266,6.0,-0.2322625212060908,-1.0
2019-05-31,67.70883178710938,0.3131649315357208,0.5209402918815613,0.1658947767689823,5.0,0.1472701547667384,-1.0
2019-06-03,66.52212524414062,0.107079938519746,0.4757192803857227,0.4172007652620474,12.0,-0.3101208267423014,1.0
2019-06-04,68.74486541748047,0.1600619253003969,0.5259516006335616,0.3139864627737551,8.0,-0.1539245374733582,1.0
2019-06-05,69.63961791992188,0.2208566017448901,0.4833874255418777,0.295755969826132,5.0,-0.0748993680812418,1.0
2019-06-06,70.4496078491211,0.3407175838947296,0.5685205360253652,0.0907619154701629,3.0,0.2499556684245666,1.0
2019-06-07,71.75875091552734,0.1011917470023035,0.7327640205621719,0.1660442603752016,4.0,-0.064852513372898,1.0
2019-06-10,72.49341583251953,0.1566685626748949,0.4360455442219972,0.4072858886793256,6.0,-0.2506173260044306,0.0
2019-06-11,72.49341583251953,0.2982123710680752,0.5274627348408103,0.1743248932179994,8.0,0.1238874778500758,-1.0
2019-06-12,72.08839416503906,0.0435187428568799,0.4893491479257743,0.4671320915222167,3.0,-0.4236133486653368,1.0
2019-06-13,72.30501556396484,0.0542317810468375,0.3930673003196716,0.5527008809149265,4.0,-0.498469099868089,-1.0
2019-06-14,71.67398834228516,0.1903197162318974,0.1662281742319464,0.6434520864859223,4.0,-0.4531323702540249,1.0
2019-06-17,71.73051452636719,0.0697751641273498,0.916285753250122,0.013939069584012,1.0,0.0558360945433377,1.0
2019-06-18,73.0302505493164,0.6273641244818767,0.2244475365926822,0.1481883293793846,6.0,0.4791757951024921,1.0
2019-06-19,73.29396057128906,0.2719426987958805,0.503136521205306,0.2249207897111773,7.0,0.0470219090847032,1.0
2019-06-20,74.36766052246094,0.0806525476276874,0.6356008142232895,0.2837466364726423,5.0,-0.2030940888449549,-1.0
2019-06-21,74.01605987548828,0.0521244291837016,0.6158291896184286,0.3320464311788479,3.0,-0.2799220019951463,1.0
2019-06-24,74.15784454345703,0.0746646088858445,0.5955653494844834,0.3297700391461451,3.0,-0.2551054302603006,-1.0
2019-06-25,72.79679870605469,,,,,,1.0
2019-06-26,73.5812759399414,0.2225110057741403,0.2233008049428462,0.5541881894692778,5.0,-0.3316771836951375,1.0
2019-06-27,73.77030181884766,0.3321825101350744,0.3383814052989085,0.3294361528630057,3.0,0.0027463572720687,-1.0
2019-06-28,73.76085662841797,0.3385559363911549,0.5255985433856646,0.1358455377630889,6.0,0.202710398628066,1.0
2019-07-01,74.932861328125,0.4176528640091419,0.4863935373723507,0.0959536135196685,4.0,0.3216992504894733,1.0
2019-07-02,75.13136291503906,0.2420326452702283,0.4788145795464515,0.2791527523659169,4.0,-0.0371201070956885,1.0
2019-07-03,75.70790100097656,0.333241647730271,0.4409247674047947,0.2258335724472999,3.0,0.107408075282971,-1.0
2019-07-05,75.5661392211914,0.2939594524602095,0.6859446167945862,0.0200959052890538,3.0,0.2738635471711556,-1.0
2019-07-08,74.98957824707031,0.2672663750126957,0.4833086365833878,0.2494250193703919,4.0,0.0178413556423037,1.0
2019-07-09,75.25422668457031,0.330419548228383,0.5406189739704133,0.1289614673703908,5.0,0.2014580808579922,1.0
2019-07-10,75.84969329833984,0.1775555536150932,0.6908566504716873,0.1315878105815499,4.0,0.0459677430335432,1.0
2019-07-11,76.13323211669922,0.0950784608721732,0.8479558229446411,0.0569656739632288,3.0,0.0381127869089444,1.0
2019-07-12,76.69086456298828,0.1339459717273712,0.2018402069807052,0.6642138957977295,1.0,-0.5302679240703583,1.0
2019-07-15,76.94607543945312,0.1199220810085534,0.5440975695848465,0.3359803617000579,5.0,-0.2160582806915044,-1.0
2019-07-16,76.2277603149414,0.3065524771809578,0.3308074729783194,0.3626400707289576,7.0,-0.0560875935479998,-1.0
2019-07-17,76.02928924560547,0.2235649734735488,0.3900797605514526,0.3863552855327725,5.0,-0.1627903120592236,1.0
2019-07-18,76.59637451171875,0.402336748689413,0.2102000597864389,0.3874632054939866,5.0,0.0148735431954264,-1.0
2019-07-19,76.26554870605469,0.4369939025491476,0.4955794168636202,0.0674267124850302,4.0,0.3695671900641173,1.0
2019-07-22,77.14456176757812,0.2995492511428892,0.4240144368261099,0.2764363156631588,10.0,0.0231129354797303,1.0
2019-07-23,77.56985473632812,0.308341766574553,0.2920650294316665,0.3995931840368679,7.0,-0.0912514174623149,1.0
2019-07-24,78.21259307861328,0.4833455579355359,0.2838635447745521,0.2327908864244818,6.0,0.250554671511054,-1.0
2019-07-25,77.8912353515625,0.5466798848162094,0.4059419818222523,0.04737813041235,6.0,0.4993017544038594,1.0
2019-07-26,78.06136322021484,0.3169622186284799,0.4989559967070818,0.184081770479679,13.0,0.1328804481488008,-1.0
2019-07-29,78.01412200927734,0.3442775253206491,0.4121630489826202,0.2435593996196984,3.0,0.1007181257009506,-1.0
2019-07-30,77.51317596435547,0.2231645649299025,0.520947452634573,0.2558879471616819,4.0,-0.0327233822317794,-1.0
2019-07-31,76.34114837646484,0.3567473959410563,0.2767106082756072,0.3665419790195301,8.0,-0.0097945830784738,-1.0
2019-08-01,75.95364379882812,0.210561392456293,0.2944103982299565,0.4950281869620084,5.0,-0.2844667945057154,-1.0
2019-08-02,74.7154769897461,0.0985545303140367,0.6299009626465184,0.2715445110308272,7.0,-0.1729899807167904,-1.0
2019-08-05,71.59640502929688,0.1052726393875976,0.5926594200233618,0.3020679567319651,6.0,-0.1967953173443675,1.0
2019-08-06,72.78734588623047,0.1933322191238403,0.607826991379261,0.1988408146426081,5.0,-0.0055085955187678,1.0
2019-08-07,73.24100494384766,0.4273839220404625,0.5593548516432444,0.0132612499097982,3.0,0.4141226721306642,1.0
2019-08-08,75.03683471679688,0.2922706227749586,0.3228549450635909,0.3848744485527277,5.0,-0.092603825777769,-1.0
2019-08-09,74.1861801147461,0.4870879724621773,0.498634286224842,0.0142777487635612,2.0,0.4728102236986161,-1.0
2019-08-12,73.21265411376953,0.0469674225896596,0.5014479644596577,0.451584618538618,2.0,-0.4046171959489584,1.0
2019-08-13,75.04630279541016,0.3077493073152643,0.5088077299296856,0.1834429795188562,7.0,0.124306327796408,-1.0
2019-08-14,72.74005889892578,0.0830214420954386,0.8795458873112997,0.0374326749394337,3.0,0.0455887671560049,-1.0
2019-08-15,72.60777282714844,0.4284066495796044,0.539789634446303,0.0318037181471784,3.0,0.396602931432426,1.0
2019-08-16,73.98770141601562,0.4417604530851046,0.5319901357094446,0.0262493739525476,3.0,0.4155110791325569,1.0
2019-08-19,75.11245727539062,0.3073530891910195,0.1734230399131774,0.5192238701507449,5.0,-0.2118707809597253,-1.0
2019-08-20,74.7343978881836,0.3015315741300582,0.646382038295269,0.0520864000543951,5.0,0.2494451740756631,1.0
2019-08-21,75.61338806152344,0.5972029669210315,0.3895086571574211,0.0132883717305957,4.0,0.5839145951904356,-1.0
2019-08-22,75.43382263183594,0.3724707560613751,0.6115869870409368,0.0159422603901475,4.0,0.3565284956712276,-1.0
2019-08-23,72.93856811523438,0.0684063136577606,0.1461793929338455,0.7854142785072327,1.0,-0.717007964849472,1.0
2019-08-26,73.94990539550781,0.1662318222224712,0.8222143451372782,0.0115538247240085,3.0,0.1546779974984626,-1.0
2019-08-27,73.83648681640625,0.1560696420492604,0.477523734793067,0.3664066077326424,8.0,-0.210336965683382,1.0
2019-08-28,73.90266418457031,0.2749173417687415,0.2860727310180663,0.4390098902707298,3.0,-0.1640925485019883,1.0
2019-08-29,75.18807220458984,0.2759307667613029,0.7014692485332489,0.0226000286638736,5.0,0.2533307380974293,-1.0
2019-08-30,75.16915893554688,0.0461767939850687,0.4189129251986741,0.5349102426320315,5.0,-0.4887334486469627,-1.0
2019-09-03,74.25235748291016,0.0270249629393219,0.5273065306246281,0.4456685148179531,2.0,-0.4186435518786311,1.0
2019-09-04,75.51887512207031,0.4528277469798922,0.0730292089283466,0.4741430813446641,2.0,-0.0213153343647718,1.0
2019-09-05,77.09730529785156,0.0755249341018497,0.9000080972909927,0.0244669921230524,4.0,0.0510579419787973,-1.0
2019-09-06,77.03114318847656,0.3512357054278254,0.3797536678612232,0.2690106446389109,4.0,0.0822250607889145,-1.0
2019-09-09,76.45458984375,0.0339206975574294,0.1209502279137571,0.8451290627320608,6.0,-0.8112083651746314,-1.0
2019-09-10,76.06709289550781,0.2988435231770078,0.5117175026486317,0.1894389589627583,6.0,0.1094045642142494,1.0
2019-09-11,76.86103057861328,0.0485734997006753,0.6020422782748938,0.3493842327346403,6.0,-0.300810733033965,1.0
2019-09-12,77.2768783569336,0.2504076682297246,0.3299758721675191,0.4196164292682494,7.0,-0.1692087610385247,-1.0
2019-09-13,76.70980834960938,0.0493066413328051,0.2383048264309763,0.7123885662294924,4.0,-0.6630819248966873,-1.0
2019-09-16,76.52075958251953,0.1799242570996284,0.794469989836216,0.0256057360675185,4.0,0.1543185210321098,1.0
2019-09-17,76.8326644897461,0.1612474113702773,0.4607430234551429,0.3780095811933279,5.0,-0.2167621698230505,-1.0
2019-09-18,76.82321166992188,0.4689708594232797,0.0501333586871623,0.4808957991190254,2.0,-0.0119249396957456,1.0
2019-09-19,76.99331665039062,0.2529871806036681,0.5490308857988566,0.197981949429959,8.0,0.055005231173709,-1.0
2019-09-20,76.095458984375,0.5350701063871384,0.3766658641397952,0.0882640316849573,4.0,0.446806074702181,1.0
2019-09-23,76.3324966430664,0.4964405931532383,0.4901003465056419,0.0134591017849743,2.0,0.482981491368264,-1.0
2019-09-24,75.59298706054688,0.0924649679412444,0.8725408911705017,0.0349941353003183,3.0,0.057470832640926,1.0
2019-09-25,76.4936752319336,0.113741670269519,0.5031281393021345,0.3831302251201123,4.0,-0.2693885548505932,1.0
2019-09-26,76.57898712158203,0.0581618674099445,0.6034136340022087,0.3384244862943887,5.0,-0.2802626188844442,-1.0
2019-09-27,75.55503845214844,0.3195989206433296,0.6632460504770279,0.0171550142889221,3.0,0.3024439063544075,1.0
2019-09-30,76.35144805908203,0.3803593819029629,0.0545367915183305,0.56510379165411,2.0,-0.184744409751147,-1.0
2019-10-01,75.64037322998047,0.0394461937248706,0.5889959745109081,0.3715578565994898,3.0,-0.3321116628746192,-1.0
2019-10-02,74.21822357177734,0.0414119747777779,0.7456924120585123,0.212895614405473,3.0,-0.171483639627695,1.0
2019-10-03,75.12841796875,0.4333069026470184,0.348824826379617,0.2178682554513215,3.0,0.2154386471956968,1.0
2019-10-04,76.37044525146484,0.3219355853895346,0.3972033187747001,0.2808610852807759,3.0,0.0410745001087586,-1.0
2019-10-07,76.04806518554688,0.7788141171137491,0.2075694203376769,0.0136164929717778,3.0,0.7651976241419712,-1.0
2019-10-08,74.65433502197266,0.0435802601277828,0.812538206577301,0.1438815146684646,1.0,-0.1003012545406818,1.0
2019-10-09,75.76361846923828,0.1061912508681416,0.652999897301197,0.2408088594675064,5.0,-0.1346176085993648,1.0
2019-10-10,76.28507995605469,0.2553026296664029,0.4962423946708441,0.2484549593646079,4.0,0.0068476703017949,1.0
2019-10-11,77.33748626708984,0.0194796398282051,0.4323993623256683,0.5481210350990295,1.0,-0.5286413952708244,-1.0
2019-10-14,77.29008483886719,0.2662245361134409,0.7091626897454262,0.0246127780992537,4.0,0.2416117580141872,1.0
2019-10-15,78.14339447021484,0.3225487832512174,0.6066751014441252,0.0707761409825511,7.0,0.2517726422686662,-1.0
2019-10-16,77.60296630859375,0.1937211339495011,0.4700269007257053,0.3362519922001021,7.0,-0.1425308582506009,-1.0
2019-10-17,77.45127868652344,0.5827548007170359,0.1996700217326481,0.217575198970735,3.0,0.3651796017463008,-1.0
2019-10-18,76.71174621582031,0.0446385545656084,0.7952968627214432,0.160064578987658,4.0,-0.1154260244220495,1.0
2019-10-21,77.5365982055664,0.1866611422350009,0.7668595910072327,0.0464792909721533,3.0,0.1401818512628476,-1.0
2019-10-22,76.4936752319336,0.3589164099345603,0.5949045786013205,0.0461790307114521,3.0,0.3127373792231082,1.0
2019-10-23,76.56004333496094,0.3116128617548383,0.3340173666365444,0.35436976631172,8.0,-0.0427569045568816,1.0
2019-10-24,77.67881774902344,0.3455138097051531,0.20203039329499,0.4524558279663324,4.0,-0.1069420182611793,1.0
2019-10-25,78.61746215820312,0.2620216772193088,0.5860970029607415,0.1518813193542882,8.0,0.1101403578650206,1.0
2019-10-28,79.61297607421875,0.5563291202891957,0.351089443672787,0.0925814604640684,11.0,0.4637476598251273,-1.0
2019-10-29,78.89240264892578,0.1305005667731165,0.497525370772928,0.3719740705564617,10.0,-0.2414735037833452,1.0
2019-10-30,79.3759536743164,0.2757722221107946,0.5853522192272875,0.1388755632150503,9.0,0.1368966588957442,-1.0
2019-10-31,79.32855224609375,0.2484517073258757,0.197301997244358,0.5542463008314371,5.0,-0.3057945935055614,1.0
2019-11-01,80.27665710449219,0.3228519708383828,0.5489903632551432,0.1281576546840369,10.0,0.1946943161543458,1.0
2019-11-04,80.69381713867188,0.442200094461441,0.542956605553627,0.0148432753048836,2.0,0.4273568191565574,-1.0
2019-11-05,80.5989990234375,0.137204450322315,0.5313524040393531,0.3314431548351422,8.0,-0.1942387045128271,-1.0
2019-11-06,80.56108856201172,0.2003774089472634,0.7150775965835366,0.0845449745122875,7.0,0.1158324344349758,1.0
2019-11-07,81.19630432128906,0.147391830970134,0.33838630680527,0.514221863954195,7.0,-0.366830032984061,1.0
2019-11-08,81.65140533447266,0.4400993511080741,0.4879392907023429,0.0719613200053572,2.0,0.3681380311027169,1.0
2019-11-11,81.68932342529297,0.1643589939922094,0.657976891224583,0.1776640902583797,6.0,-0.0133050962661703,1.0
2019-11-12,81.96427917480469,0.0464433513116091,0.2877413523383438,0.6658152821473777,4.0,-0.6193719308357686,1.0
2019-11-13,82.1444320678711,0.1035802613145538,0.6089114512183836,0.2875082580638782,7.0,-0.1839279967493244,-1.0
2019-11-14,82.04962921142578,0.241262399168177,0.5082921135154638,0.2504454902796582,11.0,-0.0091830911114811,1.0
2019-11-15,82.71329498291016,0.2580092059448361,0.5493891425430775,0.1926016742363571,10.0,0.0654075317084789,1.0
2019-11-18,82.95980834960938,0.0712900515645742,0.6775793433189392,0.2511305976659059,4.0,-0.1798405461013317,1.0
2019-11-19,83.12095642089844,0.3093841695891959,0.5385410056582519,0.1520748395206672,7.0,0.1573093300685287,-1.0
2019-11-20,82.61846160888672,0.0575042311102151,0.6221651650137372,0.3203305787303381,9.0,-0.262826347620123,-1.0
2019-11-21,82.20130157470703,0.2832433390431105,0.4819256197661161,0.2348310438683256,4.0,0.0484122951747849,-1.0
2019-11-22,82.09701538085938,0.0334497932344674,0.1277809167901674,0.838769276936849,3.0,-0.8053194837023815,1.0
2019-11-25,83.2916259765625,0.0484347082674503,0.0769470632076263,0.8746182322502136,1.0,-0.8261835239827633,1.0
2019-11-26,83.36750793457031,0.014872932806611,0.0397981069982051,0.945328950881958,1.0,-0.9304560180753472,1.0
2019-11-27,83.8320541381836,0.2322060009464621,0.5113461874425411,0.2564478332642465,4.0,-0.0242418323177844,-1.0
2019-11-29,83.58556365966797,0.3635354535654186,0.5836522616446018,0.0528122866526245,4.0,0.3107231669127941,-1.0
2019-12-02,82.39094543457031,0.0477348683401941,0.5306016422808171,0.4216634884476661,5.0,-0.3739286201074719,-1.0
2019-12-03,81.660888671875,0.3414050421367089,0.6294614883760611,0.0291334608724961,6.0,0.3122715812642128,1.0
2019-12-04,81.99272155761719,0.126327415721284,0.6134855349858602,0.2601870494998163,9.0,-0.1338596337785323,1.0
2019-12-05,82.29611206054688,0.0222406798663238,0.5262124867488941,0.4515468136717875,6.0,-0.4293061338054638,1.0
2019-12-06,83.20631408691406,0.0368126817047596,0.8946466445922852,0.0685406252741813,1.0,-0.0317279435694217,-1.0
2019-12-09,82.77018737792969,0.0481753510733445,0.321541454643011,0.6302831815555692,3.0,-0.5821078304822247,1.0
2019-12-10,82.83654022216797,0.0502572617260738,0.5683090717066079,0.3814336757641285,8.0,-0.3311764140380547,1.0
2019-12-11,83.39594268798828,0.0511238295584916,0.6485765874385834,0.3002995252609253,2.0,-0.2491756957024336,1.0
2019-12-12,84.28716278076172,0.1176151286344975,0.3976684850640595,0.4847164240200072,4.0,-0.3671012953855097,1.0
2019-12-13,84.84651947021484,0.4796121083199978,0.4916188288480043,0.0287691038101911,2.0,0.4508430045098067,1.0
2019-12-16,85.60503387451172,0.0784396268427372,0.9060281813144684,0.0155321951024233,2.0,0.0629074317403138,-1.0
2019-12-17,85.40592956542969,0.5456584095954895,0.4426682889461517,0.0116733284667134,1.0,0.5339850811287761,-1.0
2019-12-18,85.39645385742188,0.3632529631722718,0.2510400256142019,0.3857070173835382,8.0,-0.0224540542112663,1.0
2019-12-19,86.01274108886719,0.4032685503363609,0.387214620411396,0.2095168119296431,5.0,0.1937517384067178,1.0
2019-12-20,86.51210021972656,0.3550263117067516,0.3151362622156739,0.3298374202568084,4.0,0.0251888914499431,1.0
2019-12-23,86.75943756103516,,,,,,1.0
2019-12-24,86.7879638671875,,,,,,1.0
2019-12-26,87.43478393554688,0.8313443859418234,0.1420830090840657,0.0265725982996324,3.0,0.8047717876421909,-1.0
2019-12-27,87.4252700805664,0.7373477816581726,0.1152355670928955,0.1474166363477707,1.0,0.5899311453104019,-1.0
2019-12-30,86.92113494873047,0.0173543002456426,0.0743775740265846,0.9082680940628052,1.0,-0.8909137938171626,1.0
2019-12-31,87.19697570800781,0.0996520295739173,0.8504030704498291,0.0499449260532856,1.0,0.0497071035206317,1.0
2020-01-02,88.83305358886719,0.2350056767463684,0.7580718398094177,0.0069224750623106,1.0,0.2280832016840578,-1.0
2020-01-03,87.83428192138672,0.9414448738098145,0.0313180983066558,0.0272370241582393,1.0,0.9142078496515752,1.0
2020-01-06,88.0435562133789,0.3746990947318928,0.3527813942304679,0.2725195230117865,7.0,0.1021795717201062,-1.0
2020-01-07,88.00550842285156,0.0842662900686264,0.9021100997924804,0.0136236110702157,1.0,0.0706426789984107,1.0
2020-01-08,88.94720458984375,0.2991344034671783,0.1612086721385518,0.5396569464355707,3.0,-0.2405225429683923,1.0
2020-01-09,89.9554672241211,0.4289946909993886,0.5266837682574987,0.0443215344566851,4.0,0.3846731565427035,-1.0
2020-01-10,89.74620056152344,0.1162960473448037,0.5014254003763199,0.3822785452939569,2.0,-0.2659824979491532,1.0
2020-01-13,90.8686065673828,0.083187406999059,0.5919455052353442,0.3248670950997621,8.0,-0.2416796881007031,-1.0
2020-01-14,90.4405746459961,0.3167699885865052,0.0938886602719624,0.589341419438521,3.0,-0.2725714308520158,1.0
2020-01-15,90.54522705078124,0.171353556215763,0.8171310871839523,0.0115153419319539,4.0,0.1598382142838091,1.0
2020-01-16,91.76276397705078,0.1065253786742686,0.7027576208114624,0.1907169906422495,5.0,-0.0841916119679808,1.0
2020-01-17,92.38103485107422,0.0338174471010764,0.6140081242968639,0.3521744906902313,3.0,-0.3183570435891549,-1.0
2020-01-21,92.3429946899414,0.2052149947732686,0.4324572525918483,0.3623277887701988,5.0,-0.1571127939969301,1.0
2020-01-22,92.67591857910156,0.342520889959165,0.3858388577188764,0.2716402927679675,7.0,0.0708805971911975,1.0
2020-01-23,93.1134796142578,0.3084478109143674,0.4368369966745377,0.254715206567198,10.0,0.0537326043471694,-1.0
2020-01-24,92.67591857910156,0.3487180253224712,0.4382099032934223,0.2130720657961709,7.0,0.1356459595263003,-1.0
2020-01-27,90.4691162109375,0.4114826396107673,0.5146961137652397,0.0738212154246866,2.0,0.3376614241860807,1.0
2020-01-28,92.20033264160156,0.2573824567099412,0.4721076340725024,0.2705098963653047,15.0,-0.0131274396553635,1.0
2020-01-29,92.4381103515625,0.5826782492490915,0.1760802074120594,0.2412415403657807,13.0,0.3414367088833108,1.0
2020-01-30,93.23712921142578,0.0399751871824264,0.5566499250009656,0.403374882042408,5.0,-0.3633996948599816,-1.0
2020-01-31,90.67839050292967,0.2471305783838033,0.7309740483760834,0.0218954188749193,2.0,0.2252351595088839,1.0
2020-02-03,91.87689971923828,0.1988417643588036,0.4109499901533126,0.3902082586040099,6.0,-0.1913664942452063,1.0
2020-02-04,94.2834701538086,0.0812611455718675,0.6199697069823742,0.29876913363114,6.0,-0.2175079880592724,1.0
2020-02-05,94.83514404296876,0.4523425243794918,0.4935775116086006,0.0540799846872686,5.0,0.3982625396922231,1.0
2020-02-06,95.70074462890624,0.0409999394789337,0.5052121926099062,0.4537878876551985,5.0,-0.4127879481762648,-1.0
2020-02-07,94.82563018798828,0.1616407996043562,0.4955967396497726,0.3427624633535742,5.0,-0.181121663749218,1.0
2020-02-10,96.10977935791016,0.1633372126768032,0.545881358285745,0.2907814203451077,6.0,-0.1274442076683044,-1.0
2020-02-11,95.78634643554688,0.2200287815390361,0.5028386347823672,0.2771325698122381,9.0,-0.057103788273202,1.0
2020-02-12,96.82317352294922,0.4134825803339481,0.3134738380710283,0.2730436096899211,3.0,0.140438970644027,-1.0
2020-02-13,96.56634521484376,0.3127757965454033,0.3131434390587466,0.3740807526877948,7.0,-0.0613049561423915,1.0
2020-02-14,96.98489379882812,0.2120017787175518,0.3440836907497474,0.4439145357214978,7.0,-0.231912757003946,-1.0
2020-02-18,96.62340545654295,0.2116382009564683,0.1913180120575886,0.5970437785323995,13.0,-0.3854055775759312,1.0
2020-02-19,97.77436065673828,0.2926453354635409,0.4909247383475303,0.2164299239271453,7.0,0.0762154115363955,-1.0
2020-02-20,96.75659942626952,0.0646230559796094,0.4268011400210006,0.508575812115201,7.0,-0.4439527561355915,-1.0
2020-02-21,94.5878448486328,0.071450300514698,0.4565384183079004,0.4720113142393529,2.0,-0.4005610137246549,-1.0
2020-02-24,90.67839050292967,0.2292412646114826,0.3751663491129874,0.3955923650413752,5.0,-0.1663511004298925,-1.0
2020-02-25,87.77721405029297,0.2323389593511819,0.2846545381471514,0.4830064902780577,8.0,-0.2506675309268757,1.0
2020-02-26,88.17671203613281,0.1965068329591303,0.3441920801997185,0.45930107558767,6.0,-0.2627942426285397,-1.0
2020-02-27,83.42068481445312,0.2394692370047171,0.4690836287207073,0.2914471644908189,9.0,-0.0519779274861017,1.0
2020-02-28,84.0579833984375,0.3548821993172168,0.5624937266111374,0.0826240554451942,2.0,0.2722581438720226,1.0
2020-03-02,88.91864776611328,0.1892259968444704,0.3728434935212135,0.4379305191338062,5.0,-0.2487045222893357,-1.0
2020-03-03,85.54190826416016,0.1766254305839538,0.3678549329439799,0.4555196240544319,3.0,-0.278894193470478,1.0
2020-03-04,89.2135238647461,0.3070586199561754,0.6155143678188324,0.0774270659312605,3.0,0.2296315540249148,-1.0
2020-03-05,86.39796447753906,0.3537380596622824,0.272075243294239,0.3741867197677492,5.0,-0.0204486601054667,-1.0
2020-03-06,84.57164001464844,0.0223782286047935,0.8334749937057495,0.1441468000411987,1.0,-0.1217685714364052,-1.0
2020-03-09,78.15101623535156,0.0100980512797832,0.0277164094150066,0.9621854424476624,1.0,-0.9520873911678792,1.0
2020-03-10,83.36361694335938,0.2457200802552202,0.4084531472374995,0.3458267596239845,6.0,-0.1001066793687642,-1.0
2020-03-11,79.42562866210938,0.1543104946613311,0.7017922401428223,0.1438973397016525,1.0,0.0104131549596785,-1.0
2020-03-12,71.67330932617188,0.359731176123023,0.2772197552025318,0.3630490630865097,5.0,-0.0033178869634866,1.0
2020-03-13,80.08195495605469,0.2718318983912468,0.5965947687625885,0.1315733635798096,5.0,0.1402585348114371,-1.0
2020-03-16,69.01943969726562,0.0284090066949525,0.326367683087786,0.6452232903490464,3.0,-0.6168142836540937,1.0
2020-03-17,73.71839141845703,,,,,,-1.0
2020-03-18,70.94088745117188,0.1331027001142501,0.8522053360939026,0.0146920047700405,1.0,0.1184106953442096,1.0
2020-03-19,71.19771575927734,0.0857826745137571,0.382958086952567,0.5312592266127467,5.0,-0.4454765520989895,-1.0
2020-03-20,67.93508911132812,0.0136597948148846,0.3644197173416614,0.6219204664230347,2.0,-0.6082606716081501,-1.0
2020-03-23,67.31449127197266,0.3245314676314592,0.1968298430244127,0.4786387210090955,3.0,-0.1541072533776363,1.0
2020-03-24,74.20850372314453,0.0642405902035534,0.4506041165441274,0.4851553216576575,2.0,-0.4209147314541042,-1.0
2020-03-25,74.1129150390625,0.5532454773783684,0.3190361000597477,0.127718411386013,2.0,0.4255270659923553,1.0
2020-03-26,78.70252227783203,0.097388669848442,0.4434242583811283,0.4591870931908487,2.0,-0.3617984233424067,-1.0
2020-03-27,75.14555358886719,0.2076982657890766,0.4353220257908106,0.3569797100499272,4.0,-0.1492814442608505,1.0
2020-03-30,78.31049346923828,0.3809951186180114,0.2766187913715839,0.3423860747367143,5.0,0.0386090438812971,-1.0
2020-03-31,76.8475570678711,0.6700651446978251,0.3068295270204544,0.0231053310756881,3.0,0.646959813622137,-1.0
2020-04-01,73.18539428710938,0.3264786986013253,0.5551113486289978,0.1184099602202574,3.0,0.2080687383810679,1.0
2020-04-02,74.89696502685547,0.7248069047927856,0.2570169866085052,0.0181761234998703,1.0,0.7066307812929153,-1.0
2020-04-03,73.73998260498047,0.0706550128757953,0.3370989978313445,0.5922459777444601,5.0,-0.5215909648686647,1.0
2020-04-06,80.03160858154297,0.2896402201925714,0.3241271668424209,0.3862326374898353,3.0,-0.0965924172972638,-1.0
2020-04-07,79.31446838378906,0.2370741546154021,0.556683662161231,0.2062421932816505,5.0,0.0308319613337516,1.0
2020-04-08,81.44672393798828,0.3613144968237196,0.3709710698042597,0.2677144303119608,7.0,0.0936000665117587,1.0
2020-04-09,81.46586608886719,,,,,,1.0
2020-04-13,81.64752960205078,0.028095293790102,0.0825606286525726,0.8893440365791321,1.0,-0.8612487427890301,1.0
2020-04-14,85.07062530517578,0.2259084843099117,0.596258482336998,0.1778330251574516,5.0,0.0480754591524601,-1.0
2020-04-15,83.21566009521484,0.2681580446660518,0.528979229927063,0.2028627004474401,5.0,0.0652953442186117,1.0
2020-04-16,84.22920989990234,0.2794841295108198,0.6495660947014888,0.0709497917753954,6.0,0.2085343377354244,1.0
2020-04-17,85.3479232788086,0.1764791270252317,0.4546354883350431,0.3688853938365355,8.0,-0.1924062668113038,-1.0
2020-04-20,83.98059844970703,0.4278863160870969,0.0838394798338413,0.488274198025465,2.0,-0.0603878819383681,-1.0
2020-04-21,80.4618911743164,0.3632072422653437,0.3929687939584255,0.2438239792361855,5.0,0.1193832630291581,1.0
2020-04-22,83.55989074707031,0.3446409205595652,0.0571166860560575,0.5982424182196459,3.0,-0.2536014976600806,-1.0
2020-04-23,82.98617553710938,0.0781647264957427,0.909449338912964,0.0123859136365353,2.0,0.0657788128592073,1.0
2020-04-24,84.74553680419922,0.1760709378868341,0.4254084445536136,0.3985206112265587,5.0,-0.2224496733397246,1.0
2020-04-27,85.47220611572266,0.4098148248158395,0.2636700356379151,0.326515139080584,4.0,0.0832996857352554,-1.0
2020-04-28,84.33438110351562,0.4873966850340366,0.1682908192276954,0.3443124854937195,5.0,0.1430841995403171,1.0
2020-04-29,87.79573059082031,0.340371653670445,0.2541544358246028,0.4054739302955567,4.0,-0.0651022766251117,-1.0
2020-04-30,87.40369415283203,0.5095070437528193,0.2381333410739898,0.2523596286773681,4.0,0.2571474150754512,-1.0
2020-05-01,85.00370025634766,0.086590765044093,0.2781419493257999,0.6352672924598058,3.0,-0.5486765274157128,1.0
2020-05-04,86.1319808959961,0.102031797170639,0.6485514403320849,0.2494167638942599,4.0,-0.1473849667236209,1.0
2020-05-05,87.317626953125,0.252240240573883,0.740479052066803,0.0072807068936526,1.0,0.2449595336802304,1.0
2020-05-06,87.99651336669922,0.0247216708958148,0.4308623764663934,0.5444158837199211,2.0,-0.5196942128241063,1.0
2020-05-07,89.31604766845703,0.521423660684377,0.1207182314246892,0.3578581362962723,4.0,0.1635655243881046,1.0
2020-05-08,90.6259994506836,0.1814995296299457,0.403039637953043,0.4154608095064759,5.0,-0.2339612798765301,1.0
2020-05-11,91.2283935546875,,,,,,-1.0
2020-05-12,89.3447265625,,,,,,-1.0
2020-05-13,87.80528259277344,0.4728466123342514,0.5135081931948662,0.0136451940052211,2.0,0.4592014183290303,1.0
2020-05-14,88.92400360107422,0.0931861493736505,0.8934164643287659,0.0133973793126642,2.0,0.0797887700609863,1.0
2020-05-15,89.37340545654297,0.0308034357925255,0.0871334460874398,0.8820631504058838,3.0,-0.8512597146133583,1.0
2020-05-18,91.56304168701172,0.4144441643729806,0.2913606345653533,0.2941951923072338,5.0,0.1202489720657468,-1.0
2020-05-19,91.2283935546875,0.256903114914894,0.5741684138774872,0.1689284631051122,5.0,0.0879746518097817,1.0
2020-05-20,93.22677612304688,0.5835662285486857,0.3304735744992891,0.085960154266407,3.0,0.4976060742822786,-1.0
2020-05-21,91.92638397216795,0.3006102874875068,0.5981974251568317,0.1011922960169613,5.0,0.1994179914705455,1.0
2020-05-22,92.26104736328124,0.0803169570863246,0.8388039767742157,0.080879034474492,2.0,-0.0005620773881674,-1.0
2020-05-26,92.16543579101562,0.4572921637445688,0.51727245002985,0.0254354202188551,4.0,0.4318567435257137,1.0
2020-05-27,92.69132232666016,0.0350983614722887,0.6593925058841705,0.3055091289182504,3.0,-0.2704107674459616,-1.0
2020-05-28,92.50965118408205,0.1147390823811292,0.4177422232925892,0.4675186786800622,5.0,-0.3527795962989329,1.0
2020-05-29,93.67618560791016,0.0978371960421402,0.6679496367772421,0.2342131507272521,3.0,-0.1363759546851118,-1.0
2020-06-01,93.6475067138672,0.110895974561572,0.419194046407938,0.4699099473655223,2.0,-0.3590139728039503,1.0
2020-06-02,94.52717590332033,0.2232085170224308,0.4464884728193283,0.3303030544891953,5.0,-0.1070945374667644,1.0
2020-06-03,95.26341247558594,0.2961598293234904,0.3930950512488683,0.3107451206694046,3.0,-0.0145852913459141,-1.0
2020-06-04,94.47933197021484,0.0447858536615967,0.3817696720361709,0.5734444834291935,5.0,-0.5286586297675968,1.0
2020-06-05,96.96540832519533,0.4698957821819931,0.1803802144713699,0.3497240296564996,4.0,0.1201717525254935,1.0
2020-06-08,97.45305633544922,0.3660009416441123,0.4623871793349584,0.1716118855401873,6.0,0.1943890561039249,1.0
2020-06-09,97.91204071044922,0.1042078298827011,0.2518646866083144,0.6439274748166403,3.0,-0.5397196449339391,1.0
2020-06-10,99.5470733642578,0.0660589560866355,0.5724363625049591,0.361504697240889,2.0,-0.2954457411542535,-1.0
2020-06-11,93.83873748779295,0.1649022460915147,0.4125616426269213,0.4225361136098702,6.0,-0.2576338675183554,1.0
2020-06-12,95.05307006835938,0.0791481509804725,0.9104258418083192,0.0104260044172406,1.0,0.0687221465632318,1.0
2020-06-15,95.97098541259766,0.283282071352005,0.6945023536682129,0.0222156196832656,1.0,0.2610664516687394,1.0
2020-06-16,98.0172119140625,0.046223772317171,0.6009515330195427,0.3528246654197572,5.0,-0.3066008931025862,-1.0
2020-06-17,97.99807739257812,0.2229422414675354,0.398621770952429,0.37843597893204,7.0,-0.1554937374645046,1.0
2020-06-18,98.43789672851562,0.2430342189036309,0.450371946208179,0.3065938474610448,4.0,-0.0635596285574138,-1.0
2020-06-19,97.75902557373048,0.0168111640959978,0.0396342715248465,0.943554550409317,2.0,-0.9267433863133192,1.0
2020-06-22,99.60089111328124,0.2362344909459352,0.2371310114860534,0.5266344655305147,5.0,-0.2903999745845795,1.0
2020-06-23,100.32001495361328,0.3905266313813627,0.455686318455264,0.1537870902684517,8.0,0.2367395411129109,-1.0
2020-06-24,98.05722045898438,0.305763829499483,0.1443499823411305,0.5498861890907089,3.0,-0.2441223595912258,1.0
2020-06-25,99.31326293945312,0.0611590635962783,0.6869482034817338,0.2518927375786006,4.0,-0.1907336739823222,-1.0
2020-06-26,97.35729217529295,0.2336833290755748,0.5452531278133392,0.2210635937129457,3.0,0.0126197353626291,1.0
2020-06-29,98.4215850830078,0.1704678274691104,0.7481339275836945,0.0813982549589127,2.0,0.0890695725101977,1.0
2020-06-30,100.18577575683594,0.1301904888823628,0.3981333966366946,0.47167613892816,8.0,-0.3414856500457972,1.0
2020-07-01,100.3487777709961,0.3246020227670669,0.4262196432266916,0.2491783332079648,7.0,0.075423689559102,1.0
2020-07-02,100.9336395263672,0.2653294312767684,0.3626676732674241,0.3720029010437428,4.0,-0.1066734697669744,1.0
2020-07-06,102.69784545898438,0.0447902977466583,0.9041868448257446,0.0510228611528873,1.0,-0.006232563406229,-1.0
2020-07-07,101.62398529052734,0.4333951605483889,0.359961662441492,0.2066432029008865,5.0,0.2267519576475024,1.0
2020-07-08,103.28273010253906,0.3159337874967605,0.3680531550198793,0.3160130470059812,8.0,-7.925950922071934e-05,1.0
2020-07-09,103.65665435791016,0.3030484095215797,0.4377222629263997,0.2592293535126372,4.0,0.0438190560089424,-1.0
2020-07-10,103.62789916992188,0.241635026410222,0.500479320064187,0.257885661558248,8.0,-0.016250635148026,-1.0
2020-07-13,101.48017120361328,0.255998538289633,0.5640524311198128,0.179949022984753,9.0,0.07604951530488,1.0
2020-07-14,102.64989471435548,0.2202674017598231,0.3637449398636817,0.415987653316309,15.0,-0.1957202515564859,1.0
2020-07-15,103.20601654052734,0.3111327812541276,0.4412560192868113,0.2476112002972513,20.0,0.0635215809568763,-1.0
2020-07-16,101.9308090209961,0.1015129334991797,0.3951716194860637,0.5033154473640025,8.0,-0.4018025138648227,1.0
2020-07-17,102.42938232421876,0.3099786421904961,0.4583420902490615,0.2316793144370118,3.0,0.0782993277534842,
