Date,Price,avg_positive_XLY,avg_neutral_XLY,avg_negative_XLY,n_XLY,sent_index_XLY,Sign_next_day
2018-03-20,97.19348907470705,0.1780929307763774,0.5971745724479357,0.2247324812536438,6.0,-0.0466395504772663,-1.0
2018-03-21,97.11907958984376,0.1685109867581298,0.3688969319420201,0.4625920689265643,7.0,-0.2940810821684344,-1.0
2018-03-22,95.05410766601562,0.2914189697864154,0.3172266691302259,0.3913543801754713,12.0,-0.0999354103890558,-1.0
2018-03-23,93.18446350097656,0.464722694363445,0.2178826313465833,0.3173947070414821,6.0,0.1473279873219629,1.0
2018-03-26,95.9377670288086,0.167230164366109,0.2857929462833063,0.5469768832304648,7.0,-0.3797467188643558,-1.0
2018-03-27,94.05880737304688,0.1459307721457801,0.5664143464886225,0.2876548697598851,13.0,-0.1417240976141049,-1.0
2018-03-28,92.91468811035156,0.1104994084900961,0.2885229223622725,0.6009776542822902,13.0,-0.4904782457921941,1.0
2018-03-29,94.21694946289062,0.1927240217919461,0.5367933621164411,0.2704826060216873,16.0,-0.0777585842297412,-1.0
2018-04-02,91.55664825439452,0.0407275846745404,0.3775222464982006,0.5817501625667015,9.0,-0.5410225778921611,1.0
2018-04-03,92.71934509277344,0.2358047361485659,0.3380926105060747,0.4261026723044258,14.0,-0.1902979361558598,1.0
2018-04-04,94.42157745361328,0.0443732719868421,0.3392475669582684,0.6163791466193894,6.0,-0.5720058746325474,1.0
2018-04-05,95.68659210205078,0.0629792403429746,0.4301780067384243,0.5068427519872784,10.0,-0.4438635116443037,-1.0
2018-04-06,93.64955139160156,0.5686665568500757,0.2243705405853688,0.2069628909230232,4.0,0.3617036659270525,-1.0
2018-04-09,93.42630767822266,0.4468746602535248,0.5176480948925019,0.0354772498831152,5.0,0.4113974103704095,1.0
2018-04-10,94.56111907958984,0.1853069924852914,0.3886439700921376,0.4260490184856785,9.0,-0.2407420260003871,-1.0
2018-04-11,94.27273559570312,0.1980664326942392,0.6531122236379555,0.1488213504531553,7.0,0.0492450822410839,1.0
2018-04-12,94.68202209472656,0.2766573324333876,0.4387000394053757,0.2846426262985915,8.0,-0.0079852938652039,-1.0
2018-04-13,94.15186309814452,0.0318046477623283,0.5894326940178871,0.3787626661360264,4.0,-0.346958018373698,1.0
2018-04-16,94.85875701904295,0.3073596289115293,0.4393043246652399,0.2533360244706273,7.0,0.0540236044409019,1.0
2018-04-17,96.6260757446289,0.1944919958795335,0.2958302724767815,0.5096777354959737,11.0,-0.3151857396164401,1.0
2018-04-18,97.08187103271484,0.1191293709756185,0.4173952719817559,0.4634753568097949,6.0,-0.3443459858341763,-1.0
2018-04-19,96.77490997314452,0.1913013969632712,0.479216192425652,0.3294823926619508,11.0,-0.1381809956986796,-1.0
2018-04-20,95.78893280029295,0.2465849296588982,0.3482261611414807,0.4051889310191784,7.0,-0.1586040013602802,1.0
2018-04-23,95.99356079101562,0.2477097012102604,0.4774771235883236,0.2748131643980741,5.0,-0.0271034631878137,-1.0
2018-04-24,94.47737884521484,0.0962459994480013,0.3487791470251977,0.5549748688936234,8.0,-0.458728869445622,1.0
2018-04-25,94.86805725097656,0.1669923433413108,0.5314177975058556,0.3015898498396078,15.0,-0.134597506498297,1.0
2018-04-26,96.40284729003906,0.1621181174181401,0.3349836328998207,0.5028982780873775,10.0,-0.3407801606692374,1.0
2018-04-27,96.84001159667967,0.5189969088468287,0.1738142974467741,0.307188782427046,9.0,0.2118081264197827,-1.0
2018-04-30,96.45864868164062,0.2948610378163201,0.266229499131441,0.4389094713010958,7.0,-0.1440484334847756,1.0
2018-05-01,96.58887481689452,0.0245719458907842,0.486643205396831,0.4887848962098359,2.0,-0.4642129503190517,-1.0
2018-05-02,95.9284439086914,0.0717620293920238,0.4424970423181851,0.4857408851385116,3.0,-0.4139788557464878,-1.0
2018-05-03,95.50056457519533,0.0578743789551986,0.4832860053413444,0.4588396151860555,9.0,-0.4009652362308569,1.0
2018-05-04,96.75629425048828,0.2363895948510617,0.2839811537414788,0.4796292618848383,4.0,-0.2432396670337766,1.0
2018-05-07,97.08187103271484,0.1815370033894266,0.6991556201662336,0.1193073572857038,7.0,0.0622296461037227,-1.0
2018-05-08,96.67257690429688,0.086699460633099,0.6511612832546234,0.2621392358560115,4.0,-0.1754397752229125,1.0
2018-05-09,97.0074691772461,0.4582979072417531,0.4913761557212898,0.0503259152173995,7.0,0.4079719920243536,1.0
2018-05-10,97.36089324951172,0.323991465071837,0.3655612021684646,0.3104474029193321,3.0,0.0135440621525049,1.0
2018-05-11,97.56556701660156,0.2206181897781789,0.4451634436845779,0.3342183521017432,4.0,-0.1136001623235643,1.0
2018-05-14,97.7515640258789,0.2269391544008006,0.5866727496807774,0.1863881102763116,12.0,0.040551044124489,-1.0
2018-05-15,97.1841812133789,0.2636521732783876,0.4216435645939782,0.3147042500786483,16.0,-0.0510520768002607,1.0
2018-05-16,97.99343872070312,0.1668365107228358,0.4813505963732798,0.3518128710178037,6.0,-0.1849763602949679,-1.0
2018-05-17,97.6678695678711,0.3902740005403757,0.4389629669487476,0.1707629956305026,5.0,0.219511004909873,-1.0
2018-05-18,97.54695892333984,0.2142066245691643,0.4750471893284056,0.3107461943808529,9.0,-0.0965395698116885,1.0
2018-05-21,98.08642578125,0.1531597128137945,0.4118664791807532,0.434973824955523,10.0,-0.2818141121417284,-1.0
2018-05-22,97.64926147460938,0.0969169493764638,0.3926737100950309,0.5104093344083854,7.0,-0.4134923850319215,1.0
2018-05-23,98.356201171875,0.3732053352181207,0.350333844396201,0.2764608442614024,11.0,0.0967444909567183,1.0
2018-05-24,98.57013702392578,0.0386479005894877,0.4397023699500344,0.5216497372497212,11.0,-0.4830018366602334,1.0
2018-05-25,98.7189483642578,0.2228002051653509,0.3758713603019714,0.4013284156945618,11.0,-0.1785282105292108,-1.0
2018-05-29,97.95622253417967,0.3018051917897537,0.3574936715885997,0.3407011475646868,8.0,-0.0388959557749331,1.0
2018-05-30,98.84918975830078,0.1074613123200833,0.4444754526226057,0.448063248458008,9.0,-0.3406019361379246,-1.0
2018-05-31,98.37480926513672,0.1552522366068192,0.4280333801039627,0.4167143666584577,7.0,-0.2614621300516384,1.0
2018-06-01,99.10031127929688,0.0179947810247539,0.1450628414750098,0.8369423866271972,5.0,-0.8189476056024433,1.0
2018-06-04,100.20724487304688,0.1283941648102232,0.6581313519605568,0.2134744826970355,7.0,-0.0850803178868123,1.0
2018-06-05,100.79322052001952,0.2919695587828755,0.3635360024869442,0.3444944278337061,10.0,-0.0525248690508305,1.0
2018-06-06,101.73271942138672,0.378242553876979,0.3512921894767454,0.2704652279083218,7.0,0.1077773259686572,1.0
2018-06-07,102.0303726196289,0.079643116146326,0.5021373596042394,0.4182195202447474,10.0,-0.3385764040984214,1.0
2018-06-08,102.24430084228516,0.0242063007317483,0.2200690861791371,0.7557245790958405,2.0,-0.7315182783640921,1.0
2018-06-11,102.65357971191406,0.3116011361901958,0.3420865063865979,0.3463123440742492,6.0,-0.0347112078840534,1.0
2018-06-12,103.1465835571289,0.0551306919660418,0.2200489249080419,0.7248204043135047,10.0,-0.6696897123474628,1.0
2018-06-13,103.30469512939452,0.148123868741095,0.4679838812185658,0.3838922423827979,9.0,-0.2357683736417029,1.0
2018-06-14,104.38369750976562,0.333954164551364,0.39762794226408,0.268417909534441,9.0,0.065536255016923,1.0
2018-06-15,104.5552978515625,0.3150944498678048,0.6716906776030859,0.0132148506430287,3.0,0.301879599224776,-1.0
2018-06-18,104.37811279296876,0.2622107254341245,0.5155363801866769,0.2222528917714953,5.0,0.0399578336626292,-1.0
2018-06-19,104.2475128173828,0.0405890285037457,0.4639648767188191,0.4954461129382251,2.0,-0.4548570844344794,1.0
2018-06-20,104.7418212890625,0.134094459315141,0.5570434431234995,0.3088621071850259,3.0,-0.1747676478698849,-1.0
2018-06-21,103.99574279785156,0.1378904301673173,0.2203825333466132,0.6417270271728436,3.0,-0.5038365970055263,-1.0
2018-06-22,103.81854248046876,0.0697215874161985,0.5546235951284567,0.3756548361852764,9.0,-0.3059332487690779,-1.0
2018-06-25,101.56159973144533,0.0608646051647762,0.7105348197122415,0.2286005622396866,6.0,-0.1677359570749104,1.0
2018-06-26,102.28904724121094,0.1247642906382679,0.331442441791296,0.5437932461500168,4.0,-0.4190289555117488,-1.0
2018-06-27,100.96473693847656,0.1742809030693023,0.2367489957250654,0.5889700929401442,8.0,-0.4146891898708418,1.0
2018-06-28,101.75746154785156,0.2271674735132943,0.3786988502198999,0.3941336548887193,11.0,-0.1669661813754249,1.0
2018-06-29,101.93468475341795,0.4824966142574945,0.1889340759565433,0.328569325308005,6.0,0.1539272889494894,1.0
2018-07-02,102.07455444335938,0.2187537540766325,0.4992910704829476,0.2819551848383112,11.0,-0.0632014307616786,-1.0
2018-07-03,101.56159973144533,0.0437659505754708,0.6947252962738275,0.261508759483695,5.0,-0.2177428089082241,1.0
2018-07-05,102.06522369384766,0.0382707750424742,0.3786788959056139,0.5830503420904278,5.0,-0.5447795670479536,1.0
2018-07-06,102.86727905273438,0.0740459763134518,0.3823320462057988,0.5436219846208891,3.0,-0.4695760083074372,1.0
2018-07-09,104.09830474853516,0.1742478174467881,0.5844971835613251,0.2412549887473384,6.0,-0.0670071713005503,1.0
2018-07-10,104.32215881347656,0.3854495389387011,0.3346564980844655,0.2798939766362309,6.0,0.1055555623024702,-1.0
2018-07-11,104.07965850830078,0.1448963269857423,0.6132988578506878,0.2418048070477587,7.0,-0.0969084800620164,1.0
2018-07-12,104.76980590820312,0.5708929300308228,0.1712526679039001,0.2578543722629547,1.0,0.313038557767868,1.0
2018-07-13,105.00294494628906,0.0513826006402571,0.6227914815147718,0.3258259296417236,3.0,-0.2744433290014664,1.0
2018-07-16,105.26408386230467,0.2476797269191592,0.1405865065753459,0.6117337504401803,4.0,-0.364054023521021,1.0
2018-07-17,105.36666870117188,0.3725033487955277,0.1855040812356905,0.4419925886798989,11.0,-0.0694892398843711,-1.0
2018-07-18,105.30139923095705,0.1465050515790397,0.5259115112802157,0.3275834506091017,13.0,-0.1810783990300619,-1.0
2018-07-19,105.05891418457033,0.1122834730582932,0.3807969434807698,0.5069196134184798,6.0,-0.3946361403601865,-1.0
2018-07-20,104.59261322021484,0.0924090039916336,0.6509396126493812,0.2566513740457594,4.0,-0.1642423700541257,-1.0
2018-07-23,104.48069763183594,0.3891049537807703,0.21905446536839,0.3918405953794717,5.0,-0.0027356415987014,-1.0
2018-07-24,104.17292022705078,0.0827752488354841,0.3674949105415079,0.5497298449691799,9.0,-0.4669545961336957,1.0
2018-07-25,104.93765258789062,0.6505973140398661,0.0794168257464965,0.2699858831862608,3.0,0.3806114308536052,-1.0
2018-07-26,104.38743591308594,0.2938045194993416,0.1821299261516994,0.5240655686292384,9.0,-0.2302610491298967,-1.0
2018-07-27,104.11697387695312,0.6184114590287209,0.2816334813833236,0.0999550751876085,4.0,0.5184563838411123,-1.0
2018-07-30,103.28694152832033,0.2659473503008485,0.5732941169823919,0.1607585364420498,7.0,0.1051888138587986,1.0
2018-07-31,103.77190399169922,0.2146797048859298,0.3662313227541744,0.4190889505669474,10.0,-0.2044092456810176,-1.0
2018-08-01,103.25897979736328,0.2658507017832663,0.4917390247186025,0.2424102864331668,9.0,0.0234404153500994,1.0
2018-08-02,103.96776580810548,0.4569142099159459,0.2876025826359788,0.2554832107077042,12.0,0.2014309992082417,1.0
2018-08-03,104.32215881347656,0.0096898255869746,0.0228761900216341,0.9674340486526488,1.0,-0.9577442230656742,1.0
2018-08-06,105.02162170410156,0.0315271656727417,0.4542649365030229,0.5142079079523683,4.0,-0.4826807422796265,1.0
2018-08-07,105.50655364990234,0.2470830746615926,0.5040964401016633,0.2488204965367913,15.0,-0.0017374218751987,1.0
2018-08-08,105.61846160888672,0.1410523147011796,0.5590381855145097,0.2999095003275822,12.0,-0.1588571856264025,1.0
2018-08-09,106.01016235351562,0.1320226280432608,0.5043248929497268,0.3636525004274315,9.0,-0.2316298723841707,-1.0
2018-08-10,105.12419128417967,0.0713324220851063,0.6307935900986195,0.2978739915415644,8.0,-0.2265415694564581,-1.0
2018-08-13,104.59261322021484,0.3054878520779311,0.5242352418135852,0.1702768968534655,8.0,0.1352109552244656,1.0
2018-08-14,105.6091537475586,0.2142930885946208,0.65378254736689,0.1319243444807149,11.0,0.0823687441139058,-1.0
2018-08-15,104.32215881347656,0.1953782986849546,0.7016013201326132,0.1030203713104128,10.0,0.0923579273745417,1.0
2018-08-16,104.8351058959961,0.2497772897283235,0.5689192615035508,0.1813034590126739,9.0,0.0684738307156496,1.0
2018-08-17,104.9283447265625,0.2418392168357968,0.305784436315298,0.452376358769834,5.0,-0.2105371419340372,1.0
2018-08-20,105.67443084716795,0.1238206010311841,0.4476732004966054,0.4285062168325697,7.0,-0.3046856158013855,1.0
2018-08-21,106.51376342773438,0.2250079916169245,0.4584319926798343,0.3165600139958163,6.0,-0.0915520223788917,1.0
2018-08-22,106.6257095336914,0.3130664187906817,0.3935842072083191,0.2933493695137175,11.0,0.0197170492769642,-1.0
2018-08-23,106.52311706542967,0.3745329731609672,0.3645816091448068,0.2608853864949196,4.0,0.1136475866660476,1.0
2018-08-24,107.1479721069336,0.0689331451430916,0.1196914967149495,0.8113753199577332,4.0,-0.7424421748146415,1.0
2018-08-27,107.83809661865234,0.1070066255827744,0.2784120303889115,0.6145813561355075,6.0,-0.507574730552733,1.0
2018-08-28,108.05261993408205,0.3411269197240472,0.3398567568510771,0.3190163254621438,8.0,0.0221105942619033,1.0
2018-08-29,109.26498413085938,0.3599013490602373,0.4182897441089153,0.2218089243397116,5.0,0.1380924247205257,-1.0
2018-08-30,108.64013671875,0.1768995304591953,0.2531892610713839,0.56991121545434,6.0,-0.3930116849951446,1.0
2018-08-31,109.0691375732422,0.2605752736330032,0.6001162752509117,0.1393084477633237,5.0,0.1212668258696794,1.0
2018-09-04,109.27433013916016,0.1711920639500021,0.4594050689854405,0.3694028727371584,11.0,-0.1982108087871562,-1.0
2018-09-05,108.09923553466795,0.2874643203491965,0.5350738049795231,0.1774619099063177,6.0,0.1100024104428787,-1.0
2018-09-06,107.80078887939452,0.1454189062739411,0.4306593727734353,0.4239217440287272,9.0,-0.278502837754786,-1.0
2018-09-07,107.79145050048828,0.2271140528842806,0.4056204818189144,0.3672654487192631,5.0,-0.1401513958349824,1.0
2018-09-10,108.19249725341795,0.0139683540910482,0.0646024122834205,0.9214292764663696,2.0,-0.9074609223753214,1.0
2018-09-11,109.05982208251952,0.0602222147087255,0.490971287091573,0.4488064652929703,3.0,-0.3885842505842448,1.0
2018-09-12,109.26498413085938,0.0826018057497484,0.7038173398801258,0.213580861554614,7.0,-0.1309790558048656,1.0
2018-09-13,109.45152282714844,0.2259771249123981,0.2073632074253899,0.5666596787050366,7.0,-0.3406825537926384,-1.0
2018-09-14,109.04117584228516,0.3823370912577957,0.2150374415796249,0.4026254760101437,8.0,-0.020288384752348,-1.0
2018-09-17,107.68888854980467,0.0327866401833792,0.3583208452910185,0.6088925373430053,6.0,-0.5761058971596261,1.0
2018-09-18,109.05982208251952,0.104544496978633,0.3769262360874563,0.5185292630922049,8.0,-0.4139847661135719,1.0
2018-09-19,109.1064453125,0.2452651361624399,0.5140751496785216,0.2406597030866477,9.0,0.0046054330757922,1.0
2018-09-20,109.85255432128906,0.2896786891958779,0.4868915763994058,0.2234297451666659,9.0,0.066248944029212,-1.0
2018-09-21,109.36707305908205,0.0554321492090821,0.7303958535194397,0.2141720145009457,2.0,-0.1587398652918636,-1.0
2018-09-24,108.65616607666016,0.0558627019636332,0.375923991203308,0.5682132975198328,4.0,-0.5123505955561996,1.0
2018-09-25,109.11451721191406,0.2225337900842229,0.4908218909986317,0.2866443121650566,12.0,-0.0641105220808337,1.0
2018-09-26,109.36707305908205,0.3050659576430916,0.3028395852074027,0.3920944633893668,10.0,-0.0870285057462751,1.0
2018-09-27,109.74122619628906,0.2303444476177294,0.4413755452260375,0.3282800037413835,6.0,-0.097935556123654,-1.0
2018-09-28,109.64769744873048,0.147070274264975,0.5121948141604662,0.3407349210571158,11.0,-0.1936646467921408,-1.0
2018-10-01,109.31095123291016,0.1701548052951693,0.5942424579213063,0.2356027391118307,12.0,-0.0654479338166614,-1.0
2018-10-02,107.83301544189452,0.2520300974138081,0.3905008733272552,0.3574690239038318,8.0,-0.1054389264900236,-1.0
2018-10-03,107.46822357177734,0.4942921802401542,0.364169055968523,0.1415387868881225,5.0,0.3527533933520317,-1.0
2018-10-04,105.78446197509766,0.2010551036025086,0.3380332466214895,0.4609116520111759,15.0,-0.2598565484086673,-1.0
2018-10-05,104.9893798828125,0.0959192942827939,0.3382381629198789,0.5658425129950047,4.0,-0.4699232187122107,1.0
2018-10-08,105.26067352294922,0.057628490962088,0.6352090388536453,0.3071625120937823,5.0,-0.2495340211316943,-1.0
2018-10-09,104.95198822021484,0.071468441436688,0.1008433109770218,0.8276882171630859,3.0,-0.7562197757263979,-1.0
2018-10-10,101.41616821289062,0.1451305980709465,0.4233224994756959,0.4315468737516891,11.0,-0.2864162756807425,-1.0
2018-10-11,99.62954711914062,0.2314230296760797,0.506389154586941,0.2621878239248568,12.0,-0.0307647942487771,1.0
2018-10-12,101.4722900390625,0.2674308617133647,0.5300083423499018,0.2025607912801206,8.0,0.0648700704332441,-1.0
2018-10-15,101.23844146728516,0.2302455652505159,0.2674058385193347,0.50234857480973,5.0,-0.2721030095592142,1.0
2018-10-16,103.26824188232422,0.2488985047675668,0.4813672083296946,0.2697342819800334,14.0,-0.0208357772124665,-1.0
2018-10-17,102.41703033447266,0.1446549536194652,0.5861588085535914,0.2691862430656328,8.0,-0.1245312894461676,-1.0
2018-10-18,100.45270538330078,0.2127566057114073,0.5337390955537558,0.2535043185433516,13.0,-0.0407477128319442,-1.0
2018-10-19,99.4705047607422,0.4592674498313239,0.3387196513691118,0.2020129063831908,7.0,0.2572545434481331,1.0
2018-10-22,99.87274169921876,0.2948676135856657,0.2695813039317727,0.4355510515160858,4.0,-0.1406834379304201,1.0
2018-10-23,99.8914566040039,0.2696615987058197,0.5487612209149769,0.1815771892932908,7.0,0.0880844094125288,-1.0
2018-10-24,96.90753173828124,0.2090195248990008,0.2875408610173811,0.5034396254923195,12.0,-0.2944201005933186,1.0
2018-10-25,99.83537292480467,0.387209697975777,0.0829194833058863,0.529870813479647,8.0,-0.14266111550387,-1.0
2018-10-26,96.72982025146484,0.306465758010745,0.455940829279522,0.2375934210916359,6.0,0.068872336919109,-1.0
2018-10-29,95.87859344482422,0.31804261294504,0.6499665544057885,0.0319908324939508,6.0,0.2860517804510892,1.0
2018-10-30,97.319091796875,0.254108242424471,0.1731637082993984,0.5727280495422227,7.0,-0.3186198071177516,1.0
2018-10-31,98.57254028320312,0.0929196439683437,0.8339873552322388,0.0730930361896752,2.0,0.0198266077786684,1.0
2018-11-01,100.58365631103516,0.3448543266082803,0.3998507593447963,0.2552949129603802,6.0,0.0895594136479001,1.0
2018-11-02,100.9952392578125,0.3377088780204455,0.3306477544829249,0.3316433895379305,6.0,0.006065488482515,1.0
2018-11-05,101.13555908203124,0.0459121097344904,0.3579080805182457,0.5961798248812556,10.0,-0.5502677151467652,1.0
2018-11-06,101.5845184326172,0.0305818859487772,0.8597744107246399,0.109643654897809,2.0,-0.0790617689490318,1.0
2018-11-07,104.33462524414062,0.5604158292214075,0.1072243141631284,0.332359883468598,3.0,0.2280559457528094,1.0
2018-11-08,104.36266326904295,0.1482621138649327,0.8095587491989136,0.0421791607514023,7.0,0.1060829531135303,-1.0
2018-11-09,102.9128189086914,0.2821894749067723,0.465956193394959,0.2518543363548814,4.0,0.0303351385518908,-1.0
2018-11-12,100.8455581665039,0.0845271863043307,0.8107829451560974,0.1046898702159523,5.0,-0.0201626839116215,-1.0
2018-11-13,100.7988052368164,0.1233351690461858,0.613218723796308,0.2634460981353185,8.0,-0.1401109290891327,-1.0
2018-11-14,100.04112243652344,0.0192262896647055,0.1138657201081513,0.8669079542160034,3.0,-0.8476816645512979,-1.0
2018-11-15,99.8914566040039,0.3602283709915355,0.1606971502769738,0.4790744846686721,8.0,-0.1188461136771366,-1.0
2018-11-16,99.49858856201172,0.0707511275541037,0.7106432872824371,0.218605562695302,8.0,-0.1478544351411983,-1.0
2018-11-19,97.06655883789062,0.1199058395411286,0.3636301234364509,0.5164640476661069,7.0,-0.3965582081249782,-1.0
2018-11-20,94.86837005615234,0.1240503283010588,0.5217555742710829,0.3541940886320339,9.0,-0.230143760330975,1.0
2018-11-21,95.85987854003906,0.0934199312967913,0.4495426623948982,0.457037384754845,7.0,-0.3636174534580537,-1.0
2018-11-23,95.42959594726562,0.0288274743749449,0.3319483781233429,0.6392241317468385,12.0,-0.6103966573718935,1.0
2018-11-26,97.5716552734375,0.2131334991109641,0.5697957228191874,0.2170707679099656,11.0,-0.0039372687990015,1.0
2018-11-27,97.86162567138672,0.0834070949682167,0.4430634565651417,0.4735294327672039,7.0,-0.3901223377989872,1.0
2018-11-28,100.75202941894533,0.2029880785848944,0.0885952366515993,0.7084166891872883,4.0,-0.5054286106023937,-1.0
2018-11-29,100.2843246459961,0.3115474046873194,0.4097591050501381,0.2786934765587959,7.0,0.0328539281285234,1.0
2018-11-30,101.0139389038086,0.5667919721454382,0.1267702626064419,0.3064377570990473,4.0,0.2603542150463909,1.0
2018-12-03,102.9034652709961,0.1137038598369274,0.5942362102546862,0.2920599492000681,7.0,-0.1783560893631406,-1.0
2018-12-04,99.19927215576172,0.2823440572246908,0.399659376591444,0.3179965480230748,4.0,-0.0356524907983839,1.0
2018-12-06,99.6763153076172,0.3146705169762884,0.5977428661925452,0.0875866009986825,7.0,0.2270839159776058,-1.0
2018-12-07,96.69239044189452,0.0427046993281691,0.52051544142887,0.4367798457387835,4.0,-0.3940751464106143,1.0
2018-12-10,96.7672119140625,0.0095308581367134,0.0293060429394244,0.9611630886793135,4.0,-0.9516322305426004,1.0
2018-12-11,96.8046417236328,0.1428855450358241,0.316146932542324,0.5409675207920372,8.0,-0.398081975756213,1.0
2018-12-12,97.82424926757812,0.1638256162405013,0.7561990171670914,0.0799753624014556,4.0,0.0838502538390457,-1.0
2018-12-13,97.33782958984376,0.0560060678981244,0.4615520176788171,0.4824419145782788,6.0,-0.4264358466801544,-1.0
2018-12-14,95.71955871582033,0.3314854903146624,0.3160704157004754,0.3524440716331203,6.0,-0.0209585813184579,-1.0
2018-12-17,93.28755950927734,0.0147952909270921,0.0434117823218305,0.9417929152647654,6.0,-0.9269976243376732,1.0
2018-12-18,94.01715850830078,0.113912593234669,0.2774110405959866,0.6086763815784996,11.0,-0.4947637883438305,-1.0
2018-12-19,92.15569305419922,0.2818253450095653,0.095318518312914,0.6228561529091426,7.0,-0.3410308078995773,-1.0
2018-12-20,90.08845520019533,0.4202271797694266,0.278048283730944,0.3017245415442933,12.0,0.1185026382251332,-1.0
2018-12-21,88.04692840576172,0.175901663955301,0.1685799177115161,0.6555184548099836,6.0,-0.4796167908546825,-1.0
2018-12-24,86.37538146972656,,,,,,1.0
2018-12-26,91.49331665039062,0.209366776049137,0.5417534597218037,0.2488798222038894,4.0,-0.0395130461547523,1.0
2018-12-27,91.98162078857422,0.0876592126054068,0.4291348059972127,0.4832059789138535,6.0,-0.3955467663084466,1.0
2018-12-28,91.99102020263672,0.1799490805715322,0.7592702209949493,0.0607806942425667,4.0,0.1191683863289654,1.0
2018-12-31,92.97705078125,0.0475554652512072,0.6443210542201995,0.3081234563142061,2.0,-0.2605679910629988,1.0
2019-01-02,93.68132781982422,0.0217557515328128,0.0749446849028269,0.903299609820048,3.0,-0.8815438582872351,-1.0
2019-01-03,91.65296173095705,0.4012563865010936,0.0922749882770908,0.5064686120798191,9.0,-0.1052122255787254,1.0
2019-01-04,94.68614196777344,0.1249028252703802,0.5881199730294091,0.2869772181979247,7.0,-0.1620743929275444,1.0
2019-01-07,96.82720947265624,0.2883114231750369,0.1691817492246627,0.5425068166106939,5.0,-0.254195393435657,1.0
2019-01-08,97.89773559570312,0.2095934124663472,0.2723052181924382,0.5181013715143005,6.0,-0.3085079590479532,1.0
2019-01-09,98.39543151855467,0.3774609238219757,0.4295621675749619,0.1929768988241751,6.0,0.1844840249978006,-1.0
2019-01-10,98.1137466430664,0.2329003660438152,0.3143471073932372,0.4527525181094041,13.0,-0.2198521520655889,1.0
2019-01-11,98.20764923095705,0.0599611009071979,0.5206096441085849,0.4194292298385074,7.0,-0.3594681289313094,-1.0
2019-01-14,97.60663604736328,0.2635299625496069,0.4572522342205047,0.2792178007463614,3.0,-0.0156878381967545,1.0
2019-01-15,98.48934936523438,0.0578903122139827,0.5078572881008897,0.4342524084661687,7.0,-0.376362096252186,-1.0
2019-01-16,98.26398468017578,0.1613422654569148,0.3992797039449215,0.4393780294805765,5.0,-0.2780357640236616,1.0
2019-01-17,98.93069458007812,0.0155374671642978,0.3305093223849932,0.6539531697829565,3.0,-0.6384157026186587,1.0
2019-01-18,100.30174255371094,0.1852079204594094,0.1705227317288517,0.6442693580562869,6.0,-0.4590614375968774,-1.0
2019-01-22,98.79925537109376,0.1402643904089927,0.4261879295110702,0.4335476730018854,5.0,-0.2932832825928926,1.0
2019-01-23,98.99645233154295,0.0937032817746512,0.3980061106849462,0.5082906258758157,8.0,-0.4145873441011645,1.0
2019-01-24,99.40963745117188,0.3955309883292232,0.263684308156371,0.3407847315871289,7.0,0.0547462567420942,1.0
2019-01-25,100.50836944580078,0.4234569271405538,0.359198806186517,0.2173442381123701,3.0,0.2061126890281836,-1.0
2019-01-28,99.92613220214844,0.0772852486697956,0.2883411354850977,0.6343736285343766,8.0,-0.5570883798645809,-1.0
2019-01-29,99.27816772460938,0.1929441154158363,0.1195983455205956,0.687457530759275,6.0,-0.4945134153434386,1.0
2019-01-30,101.2314453125,0.2389132727403193,0.2394965924322604,0.521590132266283,4.0,-0.2826768595259636,1.0
2019-01-31,102.15172576904295,0.1096903167884139,0.3314871402347789,0.5588225448394523,17.0,-0.4491322280510383,-1.0
2019-02-01,100.6585922241211,0.5097639054059983,0.4255444072186947,0.0646916739642619,5.0,0.4450722314417363,1.0
2019-02-04,101.3159408569336,0.1968068005517124,0.6137371616704124,0.189456050683345,7.0,0.0073507498683673,1.0
2019-02-05,102.264404296875,0.2197048281319439,0.4519829945638776,0.3283121960237622,10.0,-0.1086073678918183,-1.0
2019-02-06,101.84183502197266,0.390202428214252,0.2223251238465309,0.387472465634346,2.0,0.0027299625799059,-1.0
2019-02-07,101.0060577392578,0.5321701318025589,0.4514250556627909,0.0164047985648114,3.0,0.5157653332377474,-1.0
2019-02-08,100.60223388671876,0.0642322481920321,0.5206579230725765,0.4151098208191494,6.0,-0.3508775726271173,1.0
2019-02-11,100.78068542480467,0.0847052484750747,0.6826507180929184,0.2326440107077359,5.0,-0.1479387622326612,1.0
2019-02-12,102.33016204833984,0.5070066507905722,0.1364903816332419,0.3565029672657449,3.0,0.1505036835248272,1.0
2019-02-13,103.0250473022461,0.2380852047353983,0.5257022898644209,0.2362125294283032,5.0,0.001872675307095,-1.0
2019-02-14,102.64940643310548,0.0441952521602312,0.347499562613666,0.6083051988855004,15.0,-0.5641099467252692,1.0
2019-02-15,103.3537139892578,0.2534758106339722,0.2570277149789035,0.4894964632888635,12.0,-0.2360206526548912,1.0
2019-02-19,103.77631378173828,0.4239291399717331,0.5616998970508575,0.0143709429539739,2.0,0.4095581970177591,1.0
2019-02-20,103.98291015625,0.0146769909188151,0.2433162257075309,0.7420067489147186,2.0,-0.7273297579959035,-1.0
2019-02-21,103.77631378173828,0.0320655496791004,0.4234988503158092,0.5444356231018901,5.0,-0.5123700734227896,1.0
2019-02-22,104.33975982666016,0.1703623831272125,0.7041701525449753,0.1254674409283324,4.0,0.04489494219888,-1.0
2019-02-25,103.99227905273438,0.0171976001001894,0.3364089280366897,0.6463934993371367,4.0,-0.6291958992369473,1.0
2019-02-26,104.13314819335938,0.2097132863476872,0.2743163961917161,0.5159703362733126,10.0,-0.3062570499256253,-1.0
2019-02-27,104.05802917480467,0.2772040385752916,0.4186715863179415,0.30412437627092,8.0,-0.0269203376956284,-1.0
2019-02-28,103.49457550048828,0.2903583773544856,0.297369926635708,0.4122717119753361,7.0,-0.1219133346208504,1.0
2019-03-01,104.33036041259766,0.1352442319039255,0.3194481943113108,0.5453075523643444,12.0,-0.4100633204604188,-1.0
2019-03-04,104.0016632080078,0.0705292392522096,0.909734070301056,0.0197367067448794,2.0,0.0507925325073301,1.0
2019-03-05,104.26461029052734,0.2401902922852472,0.3014135939831083,0.4583961115303365,11.0,-0.2182058192450892,-1.0
2019-03-06,103.77631378173828,0.2145559742218918,0.5001954833666482,0.2852485575195815,9.0,-0.0706925832976897,-1.0
2019-03-07,102.51793670654295,0.2360336013138294,0.2874225631356239,0.4765438428148627,5.0,-0.2405102415010333,-1.0
2019-03-08,101.80426788330078,0.1187686463817953,0.290844746865332,0.590386592472593,6.0,-0.4716179460907976,1.0
2019-03-11,103.20348358154295,0.1947029974311589,0.4404793944209814,0.3648176148533821,5.0,-0.1701146174222231,1.0
2019-03-12,103.49457550048828,0.0795434339670464,0.5681938091292977,0.352262755157426,8.0,-0.2727193211903796,1.0
2019-03-13,103.8608169555664,0.4289998104795813,0.0824400866404174,0.4885601382702588,2.0,-0.0595603277906775,-1.0
2019-03-14,103.55091857910156,0.2163483457018931,0.5199707353280649,0.2636809030340777,9.0,-0.0473325573321846,1.0
2019-03-15,104.2152099609375,0.0691929709166288,0.6600628234446049,0.2707441909238696,5.0,-0.2015512200072408,1.0
2019-03-18,105.22344970703124,0.0778216191877921,0.8021798580884933,0.1199985274579375,6.0,-0.0421769082701454,1.0
2019-03-19,105.7511215209961,0.1856091716992003,0.4092529338917561,0.4051378877567393,7.0,-0.219528716057539,1.0
2019-03-20,105.90189361572266,0.1830692382242816,0.373454902607661,0.4434758779377891,13.0,-0.2604066397135074,1.0
2019-03-21,107.3530044555664,0.0580771688578856,0.4821531646367576,0.4597696540877223,9.0,-0.4016924852298366,-1.0
2019-03-22,105.22344970703124,0.2927783549659781,0.2657345748609966,0.4414870776236057,9.0,-0.1487087226576275,1.0
2019-03-25,105.8453369140625,0.0648135705851018,0.4636936550959944,0.4714927622117102,8.0,-0.4066791916266084,1.0
2019-03-26,106.2976531982422,0.4257285331065456,0.2648835101475318,0.3093879610920946,6.0,0.116340572014451,-1.0
2019-03-27,106.0809326171875,0.1283173549713359,0.2768346059860455,0.5948480260558426,9.0,-0.4665306710845066,1.0
2019-03-28,106.7216567993164,0.2413213606923818,0.3995083525244678,0.3591702819934913,7.0,-0.1178489213011095,1.0
2019-03-29,107.27760314941406,0.3783185557861413,0.5061438285878727,0.1155376130315874,14.0,0.2627809427545539,1.0
2019-04-01,108.45545196533205,0.2267960872767226,0.3376749714038202,0.4355289355984756,7.0,-0.2087328483217529,-1.0
2019-04-02,108.43657684326172,0.059103145264089,0.3300287276506423,0.6108681419864297,6.0,-0.5517649967223406,1.0
2019-04-03,109.19984436035156,0.2526677070328822,0.3884803114029077,0.3588519930266417,13.0,-0.1061842859937595,1.0
2019-04-04,110.08558654785156,0.250795032041004,0.2123933092046242,0.5368116763062202,13.0,-0.2860166442652161,1.0
2019-04-05,110.73575592041016,0.1571549071231856,0.3127876927610487,0.530057402793318,8.0,-0.3729024956701323,1.0
2019-04-08,111.13150787353516,0.2592502769548445,0.4477681037969887,0.2929816271644085,4.0,-0.0337313502095639,-1.0
2019-04-09,110.13268280029295,0.0456655268956507,0.4788705983332225,0.4754638614665185,7.0,-0.4297983345708677,1.0
2019-04-10,110.66034698486328,0.1955666523426771,0.5082318666391075,0.2962014970835298,8.0,-0.1006348447408526,1.0
2019-04-11,110.8017120361328,0.2520178743638098,0.5104899521917104,0.2374921571463346,10.0,0.0145257172174751,1.0
2019-04-12,111.48956298828124,0.2829186301678419,0.4298253279517997,0.2872560576281764,11.0,-0.0043374274603344,1.0
2019-04-15,111.7156982421875,0.0678307136210301,0.3856155642618735,0.5465536771031717,6.0,-0.4787229634821415,1.0
2019-04-16,112.2056884765625,0.2460788797587156,0.3933656834065914,0.3605554375797509,5.0,-0.1144765578210353,1.0
2019-04-17,112.42237854003906,0.3715949771417813,0.273460969667543,0.3549440511586991,11.0,0.0166509259830822,-1.0
2019-04-18,112.38471221923828,0.3869884497253224,0.3091385449515655,0.3038730034604668,16.0,0.0831154462648556,-1.0
2019-04-22,111.960693359375,0.1145557487383484,0.6580261642113328,0.2274180852808058,10.0,-0.1128623365424573,1.0
2019-04-23,113.2987060546875,0.2186458563664927,0.5129784641321748,0.2683756701881066,8.0,-0.0497298138216138,1.0
2019-04-24,113.40237426757812,0.1883686425164341,0.3067977954943974,0.5048335451011856,15.0,-0.3164649025847514,-1.0
2019-04-25,112.80874633789062,0.2017483100151786,0.3879547563309853,0.4102969300718261,13.0,-0.2085486200566474,1.0
2019-04-26,113.70388793945312,0.1758667474540953,0.3593565824513252,0.4647766665842097,13.0,-0.2889099191301144,-1.0
2019-04-29,113.30814361572266,0.3551306339213624,0.2544665085151791,0.390402864315547,8.0,-0.0352722303941846,-1.0
2019-04-30,113.13853454589844,0.5854013594133514,0.1732957325875758,0.2413029122565473,7.0,0.344098447156804,-1.0
2019-05-01,111.76282501220705,0.3339725829816113,0.2971843329723924,0.3688430848997086,12.0,-0.0348705019180973,1.0
2019-05-02,111.84762573242188,0.2527351254089311,0.4753325754268603,0.2719323098320852,11.0,-0.019197184423154,1.0
2019-05-03,113.16680145263672,0.4371651886031031,0.2777540398140748,0.2850807577682038,6.0,0.1520844308348993,-1.0
2019-05-06,112.47894287109376,0.2183021168623651,0.6861273050308228,0.0955705789050885,7.0,0.1227315379572766,-1.0
2019-05-07,110.77345275878906,0.062554386359724,0.4957972028377381,0.4416484182531182,11.0,-0.3790940318933941,1.0
2019-05-08,110.81111145019533,0.1889236299321054,0.306145629286766,0.5049307540059089,10.0,-0.3160071240738034,-1.0
2019-05-09,110.35882568359376,0.2129114703792664,0.3613204501776231,0.4257680921711855,9.0,-0.2128566217919191,1.0
2019-05-10,110.51903533935548,0.1869909174015952,0.410753606715136,0.402255479660299,18.0,-0.2152645622587038,-1.0
2019-05-13,107.23048400878906,0.2816956130554899,0.5153992311097682,0.2029051415156572,8.0,0.0787904715398326,1.0
2019-05-14,108.3141098022461,0.1889072896912693,0.3846303651109337,0.4264623551629484,10.0,-0.237555065471679,1.0
2019-05-15,109.049072265625,0.2223441650159656,0.4697272339835763,0.3079286096617579,10.0,-0.0855844446457922,1.0
2019-05-16,110.05731201171876,0.3872132748365402,0.5890717804431915,0.0237149316817521,3.0,0.3634983431547881,-1.0
2019-05-17,109.21869659423828,0.3926880250551871,0.4545404868466512,0.1527715029993226,7.0,0.2399165220558644,-1.0
2019-05-20,108.4460220336914,0.0361225228756665,0.1995204545557498,0.764357042312622,5.0,-0.7282345194369555,1.0
2019-05-21,109.19984436035156,0.2773181874072178,0.3088569592218846,0.4138248573290184,8.0,-0.1365066699218005,-1.0
2019-05-22,108.07852172851562,0.2852870517410337,0.2739530447870493,0.4407599146012216,10.0,-0.1554728628601878,-1.0
2019-05-23,106.74053192138672,0.3364778505638242,0.528744546075662,0.1347775869071483,12.0,0.2017002636566758,1.0
2019-05-24,106.88184356689452,0.0585796637460588,0.2232094171146551,0.7182109554608663,3.0,-0.6596312917148075,-1.0
2019-05-28,106.17514038085938,0.2079593737144023,0.511400940362364,0.2806397021049633,8.0,-0.072680328390561,-1.0
2019-05-29,105.23287200927734,0.2531373188830911,0.3565382151864469,0.3903244618559255,8.0,-0.1371871429728344,1.0
2019-05-30,105.92073059082033,0.3061784241581335,0.3987842579372227,0.2950373043422586,8.0,0.0111411198158749,-1.0
2019-05-31,104.5355987548828,0.1394656152863587,0.4059692474880388,0.4545651489336575,7.0,-0.3150995336472988,-1.0
2019-06-03,103.6593017578125,0.0959447521017864,0.5531057741027325,0.3509494422469287,8.0,-0.2550046901451424,1.0
2019-06-04,106.4672622680664,0.1386899513502915,0.2654211103088325,0.5958889248884387,9.0,-0.4571989735381472,1.0
2019-06-05,106.9949188232422,0.0970138665288686,0.323677035793662,0.5793091056868434,5.0,-0.4822952391579747,1.0
2019-06-06,107.54145050048828,0.3134783934801817,0.4838691055774688,0.2026524931813279,3.0,0.1108259002988537,1.0
2019-06-07,109.09620666503906,0.2737662391737103,0.4686063453555107,0.2576274438761174,4.0,0.0161387952975928,1.0
2019-06-10,110.01961517333984,0.2459782611889143,0.1065303236246108,0.6474914510423938,3.0,-0.4015131898534795,1.0
2019-06-11,110.44363403320312,0.144955989671871,0.446375886676833,0.4086681364569812,8.0,-0.2637121467851102,-1.0
2019-06-12,110.41536712646484,0.0529387224465607,0.3811268098652362,0.565934469178319,5.0,-0.5129957467317582,1.0
2019-06-13,111.40476989746094,0.2219109526835381,0.4714782513678074,0.3066107969731092,10.0,-0.084699844289571,1.0
2019-06-14,111.64974975585938,0.479321020655334,0.4544907175004482,0.0661882716231047,4.0,0.4131327490322292,1.0
2019-06-17,111.69686889648438,0.4032567664980888,0.543704628944397,0.0530386110767721,2.0,0.3502181554213167,1.0
2019-06-18,112.544921875,0.0479632716625928,0.3642640382051467,0.5877727098762989,5.0,-0.5398094382137061,1.0
2019-06-19,112.75221252441406,0.070238781782488,0.5300588570535183,0.3997023527820905,3.0,-0.3294635709996025,1.0
2019-06-20,113.5342788696289,0.1245561797792712,0.3620751971999804,0.5133686065673828,3.0,-0.3888124267881115,-1.0
2019-06-21,113.0085678100586,0.5415148735046387,0.4442564845085144,0.0142286578193306,1.0,0.5272862156853081,-1.0
2019-06-24,112.40345001220705,0.2988109560683369,0.1407209609945614,0.5604681099454561,3.0,-0.2616571538771192,-1.0
2019-06-25,111.3255386352539,0.0207208826517065,0.0305126359065373,0.9487664500872294,3.0,-0.9280455674355228,1.0
2019-06-26,111.6848602294922,0.0371616849675774,0.2741762522608041,0.6886620543897152,5.0,-0.6515003694221377,1.0
2019-06-27,112.38455200195312,0.1962309071927198,0.5145007047270026,0.2892684145564478,7.0,-0.093037507363728,1.0
2019-06-28,112.70600128173828,0.2961446198945244,0.2516873950759569,0.4521679530541102,3.0,-0.1560233331595858,1.0
2019-07-01,113.69879913330078,0.0242426656186579,0.3810756485909223,0.5946816504001617,2.0,-0.5704389847815038,1.0
2019-07-02,113.94464874267578,0.324903298014154,0.2220760968824227,0.4530206061899662,6.0,-0.1281173081758121,1.0
2019-07-03,114.93740844726562,0.2263721429432431,0.197951770077149,0.5756760612130165,6.0,-0.3493039182697733,1.0
2019-07-05,115.06979370117188,0.3975347119516559,0.3239129172371967,0.2785524032743913,7.0,0.1189823086772646,1.0
2019-07-08,115.21166229248048,0.0628919312730431,0.6778247803449631,0.2592832697555422,4.0,-0.1963913384824991,1.0
2019-07-09,115.33455657958984,0.2057270587421953,0.3999621160328388,0.3943108167499303,10.0,-0.188583758007735,1.0
2019-07-10,115.75057983398438,0.1003548062096039,0.5970937249561151,0.3025514753535389,3.0,-0.202196669143935,1.0
2019-07-11,115.9869613647461,0.0967184286564588,0.4269432760775089,0.4763383162207901,4.0,-0.3796198875643313,1.0
2019-07-12,117.32015228271484,0.3892594277858734,0.3918930515646934,0.2188475364819168,2.0,0.1704118913039565,1.0
2019-07-15,117.6983642578125,0.2674868648043936,0.2941097702003187,0.4384033554751012,9.0,-0.1709164906707075,-1.0
2019-07-16,117.54705810546876,0.2060706166666932,0.1940068106632679,0.5999225595151074,16.0,-0.3938519428484142,-1.0
2019-07-17,116.42190551757812,0.1359094654520352,0.3016089004360966,0.5624816560496887,9.0,-0.4265721905976535,-1.0
2019-07-18,116.27061462402344,0.2988113973289727,0.1739297609776258,0.527258850634098,5.0,-0.2284474533051252,-1.0
2019-07-19,115.50477600097656,0.1414507661635676,0.4857184390227,0.3728307935719688,3.0,-0.2313800274084012,1.0
2019-07-22,115.5709457397461,0.297187902033329,0.6916778236627579,0.0111342659220099,2.0,0.2860536361113191,1.0
2019-07-23,116.35572052001952,0.619118768411378,0.0586466503640015,0.3222346076120932,3.0,0.2968841607992847,1.0
2019-07-24,116.9419403076172,0.1457708522987862,0.5096674105152488,0.344561722750465,6.0,-0.1987908704516787,-1.0
2019-07-25,116.28953552246094,0.1879281640196075,0.2576071629300713,0.5544646816471448,13.0,-0.3665365176275372,1.0
2019-07-26,116.81902313232422,0.127420388162136,0.314849687119325,0.5577298775315285,3.0,-0.4303094893693924,-1.0
2019-07-29,116.251708984375,0.2494699375238269,0.4883652298400799,0.26216482068412,12.0,-0.012694883160293,-1.0
2019-07-30,115.46693420410156,0.5120466940104962,0.1873337730765342,0.3006195332854985,5.0,0.2114271607249976,-1.0
2019-07-31,114.14319610595705,0.1894002756103872,0.4247107945382594,0.3858889344148337,10.0,-0.1964886588044464,-1.0
2019-08-01,112.5925521850586,0.1566242520348168,0.2970749939559027,0.5463007522630505,16.0,-0.3896765002282337,-1.0
2019-08-02,111.66593933105467,0.0472483100990453,0.340676499530673,0.6120752105489373,3.0,-0.5648269004498919,-1.0
2019-08-05,108.66864776611328,0.0294264324475079,0.2532910457812249,0.7172825215384364,4.0,-0.6878560890909284,1.0
2019-08-06,110.32329559326172,0.1630664450737337,0.2299122412999471,0.6070212610065937,6.0,-0.44395481593286,1.0
2019-08-07,110.7677001953125,0.2707263912177747,0.3974258539577325,0.3318477627924747,9.0,-0.0611213715746999,1.0
2019-08-08,112.90454864501952,0.2712538524397782,0.2550211873437676,0.4737249791089977,7.0,-0.2024711266692195,-1.0
2019-08-09,111.84558868408205,0.0316348953172564,0.2836380213499068,0.6847270602360368,5.0,-0.6530921649187804,-1.0
2019-08-12,110.21929168701172,0.0642558720428496,0.4014168917201459,0.5343272244790569,8.0,-0.4700713524362073,1.0
2019-08-13,112.03470611572266,0.1275118570774793,0.8368215262889862,0.0356666164007037,4.0,0.0918452406767756,-1.0
2019-08-14,108.5268096923828,0.2266959801316261,0.3673414345830678,0.4059625666588545,5.0,-0.1792665865272283,-1.0
2019-08-15,108.34717559814452,0.6131198925431818,0.056366477627307,0.3305136300623416,4.0,0.2826062624808401,1.0
2019-08-16,109.57634735107422,0.1961646327482802,0.2710795354630265,0.5327558365783521,7.0,-0.3365912038300719,1.0
2019-08-19,110.9568099975586,0.037897216156125,0.3463486488908529,0.6157541573047638,2.0,-0.5778569411486387,1.0
2019-08-20,110.98514556884766,0.1271240919828414,0.2594420462846756,0.6134338803589344,5.0,-0.4863097883760929,1.0
2019-08-21,113.1220474243164,0.5953455738490447,0.1671539954841136,0.2375004196073859,8.0,0.3578451542416587,1.0
2019-08-22,113.15039825439452,0.1147830478314842,0.5268516710826329,0.3583652750988091,7.0,-0.2435822272673249,-1.0
2019-08-23,110.14366149902344,0.0879222774612051,0.5030862758202213,0.4089914322165505,7.0,-0.3210691547553453,1.0
2019-08-26,111.2309799194336,0.2963547559144596,0.5304776156942049,0.1731676145767171,6.0,0.1231871413377424,-1.0
2019-08-27,110.68258666992188,0.0406605727970599,0.2635203525424003,0.695819074101746,5.0,-0.6551585013046861,1.0
2019-08-28,112.06307220458984,0.2248672068119048,0.3944754738360643,0.3806573168840259,10.0,-0.155790110072121,1.0
2019-08-29,113.74610137939452,0.0345928929746151,0.8522440791130066,0.1131630316376686,1.0,-0.0785701386630535,-1.0
2019-08-30,113.06531524658205,0.0904366303235292,0.5490025721490384,0.3605607882142067,5.0,-0.2701241578906774,-1.0
2019-09-03,112.6020050048828,0.1418607442506721,0.2378877686070544,0.620251491399748,7.0,-0.4783907471490758,1.0
2019-09-04,113.71771240234376,0.3902544984593987,0.2466948749497532,0.3630506042391062,4.0,0.0272038942202925,1.0
2019-09-05,115.89241790771484,0.2777841454371809,0.4921442810446024,0.2300715593155473,4.0,0.0477125861216336,1.0
2019-09-06,116.17607879638672,0.0108888009563088,0.0188467390835285,0.970264494419098,1.0,-0.9593756934627892,1.0
2019-09-09,116.6204605102539,0.1240737682208418,0.4017794582992792,0.4741467773914337,5.0,-0.3500730091705919,-1.0
2019-09-10,116.15715789794922,0.2710666991770267,0.7109165638685226,0.0180167220532893,4.0,0.2530499771237374,1.0
2019-09-11,116.37462615966795,0.0178408008068799,0.0669382084161043,0.9152209758758544,2.0,-0.8973801750689745,1.0
2019-09-12,116.93245697021484,0.3097386487449209,0.3487240759034951,0.3415372609678241,9.0,-0.0317986122229032,-1.0
2019-09-13,116.69610595703124,0.3995912357543905,0.3943592781821887,0.2060494983258346,6.0,0.1935417374285559,-1.0
2019-09-16,115.2021942138672,0.3243838176131248,0.5443130234877268,0.1313031849761803,3.0,0.1930806326369444,1.0
2019-09-17,115.90186309814452,0.0687417484819888,0.6179355639964342,0.3133226629346609,5.0,-0.244580914452672,-1.0
2019-09-18,115.84513854980467,0.2521491183766297,0.3346006806407656,0.4132502089653696,7.0,-0.1611010905887399,-1.0
2019-09-19,115.53311920166016,0.193713703751564,0.580521135032177,0.2257651656866073,10.0,-0.0320514619350433,-1.0
2019-09-20,114.20879364013672,0.0584541408877287,0.4421460628509521,0.499399763665029,7.0,-0.4409456227773002,1.0
2019-09-23,114.6072235107422,0.1312481835484504,0.6824265122413635,0.1863253340125083,2.0,-0.0550771504640578,-1.0
2019-09-24,113.38346099853516,0.1675057143771222,0.3179276942142418,0.5145665896790368,14.0,-0.3470608753019146,1.0
2019-09-25,114.4175033569336,0.2032772178063168,0.5612345696426928,0.2354881925275549,8.0,-0.032210974721238,-1.0
2019-09-26,113.92420196533205,0.2687330686021595,0.3024558508768677,0.4288110641064122,8.0,-0.1600779955042526,-1.0
2019-09-27,113.52574920654295,0.1050507308294375,0.2915186174213885,0.603430662304163,3.0,-0.4983799314747254,1.0
2019-09-30,114.5028839111328,0.0156904866453259,0.1374227823689579,0.8468867391347885,4.0,-0.8311962524894625,-1.0
2019-10-01,113.54473114013672,0.1940756166692484,0.5369991663504731,0.2689252203669059,11.0,-0.0748496036976575,-1.0
2019-10-02,111.505126953125,0.120109155618896,0.2264172621071338,0.6534735560417174,6.0,-0.5333644004228214,1.0
2019-10-03,112.0458526611328,0.1111741638224985,0.4729825405197011,0.415843282205363,9.0,-0.3046691183828645,1.0
2019-10-04,113.09884643554688,0.2400194697082042,0.242075279355049,0.5179052805528045,5.0,-0.2778858108446002,-1.0
2019-10-07,112.6055679321289,0.1295754304155707,0.2483468074351549,0.6220777283112208,3.0,-0.49250229789565,-1.0
2019-10-08,111.41974639892578,0.0777171038091182,0.8310035943984986,0.0912792822346091,5.0,-0.0135621784254909,1.0
2019-10-09,112.36840057373048,0.2542419517412781,0.4361904058605432,0.3095676461234689,4.0,-0.0553256943821907,1.0
2019-10-10,113.11783599853516,0.4859323119744658,0.0989952702075243,0.4150724336504936,2.0,0.0708598783239722,1.0
2019-10-11,114.3985366821289,0.2633179407566785,0.3989238269965757,0.3377582485025578,11.0,-0.0744403077458793,-1.0
2019-10-14,114.34158325195312,0.1090738807937928,0.720459350517818,0.1704667694866657,7.0,-0.0613928886928728,1.0
2019-10-15,115.34718322753906,0.2697765718912706,0.3596156237181275,0.3706078042741865,8.0,-0.1008312323829159,1.0
2019-10-16,115.82151794433594,0.1353486327247486,0.3714953327758444,0.4931560626460446,9.0,-0.3578074299212959,1.0
2019-10-17,116.12506866455078,0.2527850428596138,0.5003469176590443,0.2468680582242086,8.0,0.0059169846354052,-1.0
2019-10-18,115.89739990234376,0.1152947920685012,0.5297834922870001,0.3549217260442674,6.0,-0.2396269339757661,1.0
2019-10-21,116.3053207397461,0.0430357418954372,0.0420569591224193,0.9149073362350464,1.0,-0.8718715943396091,-1.0
2019-10-22,115.5653839111328,0.0282722120173275,0.4891607705503702,0.4825670355930924,4.0,-0.4542948235757649,-1.0
2019-10-23,115.03412628173828,0.0827147869276813,0.4283630775753408,0.4889221497578546,8.0,-0.4062073628301733,-1.0
2019-10-24,114.97720336914062,0.3108176102063485,0.2133727502077817,0.4758096496973719,7.0,-0.1649920394910233,-1.0
2019-10-25,114.84439849853516,0.1391419870778917,0.3132335985079407,0.5476244255900383,10.0,-0.4084824385121465,1.0
2019-10-28,115.20489501953124,0.2381382169468062,0.3858276206467833,0.3760341741144657,7.0,-0.1378959571676595,-1.0
2019-10-29,114.55030822753906,0.2408366855815983,0.3026410791790112,0.4565222350647673,16.0,-0.2156855494831689,1.0
2019-10-30,115.2618179321289,0.386724916964092,0.2930469599298455,0.3202281181954524,11.0,0.0664967987686396,-1.0
2019-10-31,114.64517974853516,0.256246918558397,0.1172272678125987,0.6265257977965203,11.0,-0.3702788792381232,1.0
2019-11-01,115.40410614013672,0.1597062011715024,0.6025963416323066,0.2376974730286747,8.0,-0.0779912718571722,1.0
2019-11-04,115.4610366821289,0.0491071771830319,0.3537220146196583,0.5971707990393043,6.0,-0.5480636218562722,1.0
2019-11-05,115.63176727294922,0.0414769096532835,0.3571319396141916,0.6013911501504481,8.0,-0.5599142404971645,1.0
2019-11-06,115.7551040649414,0.1711301484610884,0.4810143536888062,0.3478555021574721,8.0,-0.1767253536963836,-1.0
2019-11-07,115.06256866455078,0.1658951324255515,0.2037218772651006,0.6303830036194995,12.0,-0.4644878711939479,1.0
2019-11-08,115.11001586914062,0.0722577940672635,0.4558807710185647,0.4718614624813199,10.0,-0.3996036684140563,-1.0
2019-11-11,114.87286376953124,0.2070136816639985,0.4851549438067844,0.3078313673447285,7.0,-0.10081768568073,-1.0
2019-11-12,114.79695892333984,0.2350246477872132,0.2804071955382824,0.4845681544393301,5.0,-0.2495435066521168,-1.0
2019-11-13,114.4364776611328,0.2175700398358074,0.4867460270853419,0.29568392643705,19.0,-0.0781138866012425,1.0
2019-11-14,114.92976379394533,0.2432289281859994,0.1553145200014114,0.6014565685763955,6.0,-0.3582276403903961,1.0
2019-11-15,115.1384735107422,0.216342529747635,0.4416643446311354,0.3419931162148714,10.0,-0.1256505864672363,1.0
2019-11-18,115.5369110107422,0.1241000177604811,0.3147677124610969,0.5611322697784219,7.0,-0.4370322520179408,-1.0
2019-11-19,114.26570892333984,0.0758359484374522,0.2878745317459106,0.6362894991412759,5.0,-0.5604535507038235,-1.0
2019-11-20,114.00009155273438,0.234278591615813,0.4603223662291253,0.3053990594510521,7.0,-0.071120467835239,-1.0
2019-11-21,113.35498809814452,0.0738636275584047,0.538821209052747,0.3873151523823088,11.0,-0.3134515248239041,1.0
2019-11-22,114.1329116821289,0.1006717902015555,0.5542377109893344,0.3450904979624531,11.0,-0.2444187077608976,1.0
2019-11-25,115.1384735107422,0.1986365342851389,0.4376457257365638,0.3637177575040947,11.0,-0.1650812232189558,1.0
2019-11-26,115.92584991455078,0.2860123109227667,0.459092670896401,0.2548950120496253,12.0,0.0311172988731414,1.0
2019-11-27,116.92195892333984,0.3512775637209415,0.5567734055221081,0.0919490265659987,4.0,0.2593285371549427,-1.0
2019-11-29,116.1630401611328,0.0613967986204302,0.3739831742758934,0.5646200248828301,13.0,-0.5032232262623999,-1.0
2019-12-02,115.20489501953124,0.4877705499529838,0.302294229157269,0.2099351994693279,4.0,0.2778353504836559,-1.0
2019-12-03,114.04751586914062,0.3446923967243896,0.3718008746703465,0.2835067333653568,9.0,0.0611856633590328,1.0
2019-12-04,114.68313598632812,0.1580625346861779,0.3174721330404281,0.5244653363712132,10.0,-0.3664028016850352,-1.0
2019-12-05,114.56928253173828,0.2661251262096422,0.3322409918265683,0.4016338802341903,7.0,-0.1355087540245481,1.0
2019-12-06,115.48948669433594,0.2756824860615389,0.4454081569399152,0.2789093711014304,7.0,-0.0032268850398914,1.0
2019-12-09,115.63176727294922,0.1143715735524892,0.3473097026348113,0.5383187400177121,5.0,-0.4239471664652228,-1.0
2019-12-10,115.43254852294922,0.1278601690428331,0.2137026139535009,0.6584372270153835,8.0,-0.5305770579725504,1.0
2019-12-11,115.72663879394533,0.2693024542596605,0.4729774354232682,0.2577200968646341,9.0,0.0115823573950263,1.0
2019-12-12,116.74169921875,0.2413262445479631,0.614886924624443,0.1437868116423487,5.0,0.0975394329056143,1.0
2019-12-13,116.8460693359375,0.104808329604566,0.270769017515704,0.6244226316921413,8.0,-0.5196143020875752,1.0
2019-12-16,117.35832977294922,0.1012286298597851,0.3711621810992558,0.5276091744502386,3.0,-0.4263805445904534,1.0
2019-12-17,117.88011169433594,0.2897983961738646,0.2772420225664973,0.4329596213065088,4.0,-0.1431612251326441,1.0
2019-12-18,117.99393463134766,0.2413944136351346,0.2374866950724805,0.5211188936872142,7.0,-0.2797244800520795,1.0
2019-12-19,118.36390686035156,0.2772950750908681,0.1852064459983791,0.5374984868602561,14.0,-0.260203411769388,1.0
2019-12-20,118.54475402832033,0.2882306238946815,0.4008563185731569,0.310913050857683,6.0,-0.0226824269630014,-1.0
2019-12-23,118.2687530517578,0.2150084283202886,0.5308775454759598,0.2541140327230095,6.0,-0.0391056044027209,1.0
2019-12-24,118.53524017333984,,,,,,1.0
2019-12-26,119.98194885253906,0.3922500069253146,0.1506590031087398,0.457090999931097,10.0,-0.0648409930057823,-1.0
2019-12-27,119.97244262695312,0.1123192030936479,0.5850467681884766,0.3026340077631175,2.0,-0.1903148046694695,-1.0
2019-12-30,119.20147705078124,0.5538920820025461,0.180806049012712,0.2653018289378711,7.0,0.288590253064675,1.0
2019-12-31,119.372802734375,0.4603488459917051,0.175815440448267,0.363835713959166,7.0,0.0965131320325392,1.0
2020-01-02,120.79096221923828,0.208271546754986,0.3144246491137891,0.4773038057610392,8.0,-0.2690322590060532,-1.0
2020-01-03,119.7630386352539,0.3251966709271073,0.4464142050594091,0.2283891189843415,5.0,0.0968075519427658,1.0
2020-01-06,120.0961456298828,0.253578633069992,0.5131035894155502,0.233317776583135,5.0,0.0202608564868569,-1.0
2020-01-07,119.90579223632812,0.2988684602314606,0.3629952860064804,0.3381362734362483,8.0,-0.0392678132047877,1.0
2020-01-08,120.2674560546875,0.1934964598410508,0.3202877033671195,0.4862158404324542,11.0,-0.2927193805914034,1.0
2020-01-09,120.9051742553711,0.2559046369384635,0.3023204160007563,0.4417749599299647,11.0,-0.1858703229915012,-1.0
2020-01-10,120.24845123291016,0.2154258407652377,0.5224530383944511,0.2621210938319563,5.0,-0.0466952530667185,1.0
2020-01-13,120.62915802001952,0.0821625197616715,0.4895350895822048,0.4283023892591397,6.0,-0.3461398694974681,-1.0
2020-01-14,120.59110260009766,0.1083404899109154,0.4839405822567642,0.4077189324889332,8.0,-0.2993784425780177,-1.0
2020-01-15,120.3150634765625,0.1616381720047105,0.5358363925056024,0.3025254381989891,11.0,-0.1408872661942785,1.0
2020-01-16,121.39059448242188,0.1597388572990893,0.4765082407328818,0.3637529214223225,9.0,-0.2040140641232331,1.0
2020-01-17,121.81887817382812,0.2147488551214336,0.3101899266242981,0.475061222910881,5.0,-0.2603123677894473,-1.0
2020-01-21,121.44767761230467,0.136969687603414,0.4361077627167106,0.4269225736148655,10.0,-0.2899528860114515,-1.0
2020-01-22,121.39059448242188,0.4203080302104354,0.4278045198880135,0.1518874574685468,8.0,0.2684205727418885,1.0
2020-01-23,121.57144927978516,0.3234876686086257,0.2836879202061229,0.3928244365379214,9.0,-0.0693367679292956,-1.0
2020-01-24,119.87725067138672,0.1282695978879928,0.857399046421051,0.0143313435837626,1.0,0.1139382543042302,-1.0
2020-01-27,118.08789825439452,0.0154597433283924,0.1503102052956819,0.8342300355434418,2.0,-0.8187702922150493,1.0
2020-01-28,119.23956298828124,0.1423752926703956,0.319696168311768,0.5379285011440516,9.0,-0.3955532084736559,-1.0
2020-01-29,119.17293548583984,0.2894102489575744,0.0888882678002118,0.6217014774680137,10.0,-0.3322912285104393,-1.0
2020-01-30,118.97305297851562,0.1863020683145697,0.3990173049490241,0.4146806229015483,17.0,-0.2283785545869785,1.0
2020-01-31,119.2776336669922,0.1619664484169333,0.343344934284687,0.4946886491961777,8.0,-0.3327222007792443,1.0
2020-02-03,120.1247329711914,0.1001968496711924,0.5395738324150443,0.3602293350268155,8.0,-0.260032485355623,1.0
2020-02-04,122.31381225585938,0.4697266138557876,0.2466364236814635,0.2836369518855852,14.0,0.1860896619702023,1.0
2020-02-05,122.93248748779295,0.1620470484380017,0.3203157311813397,0.5176372221586379,11.0,-0.3555901737206362,-1.0
2020-02-06,122.65645599365234,0.3364259892453749,0.2065010555088519,0.4570729543144504,9.0,-0.1206469650690755,-1.0
2020-02-07,122.12345886230467,0.2039935206994413,0.372427923977375,0.4235785352066159,10.0,-0.2195850145071745,1.0
2020-02-10,123.50353240966795,0.1785671108712752,0.3905586879700422,0.430874219785134,6.0,-0.2523071089138587,1.0
2020-02-11,124.474365234375,0.2504894804830352,0.3766225784396131,0.3728879370416204,6.0,-0.1223984565585852,1.0
2020-02-12,125.74977111816406,0.2612574882805347,0.3316993610933423,0.4070431732106954,4.0,-0.1457856849301606,-1.0
2020-02-13,125.53085327148438,0.1718795889988541,0.3291624473407865,0.4989579757675528,10.0,-0.3270783867686987,-1.0
2020-02-14,125.34051513671876,0.2249838321780165,0.3689603534423643,0.4060558035141891,9.0,-0.1810719713361726,-1.0
2020-02-18,125.33097076416016,0.1551386028942134,0.2923612981620762,0.5525001048420867,9.0,-0.3973615019478732,1.0
2020-02-19,125.89250946044922,0.0906978817656636,0.6421059125236103,0.2671961936035326,7.0,-0.176498311837869,1.0
2020-02-20,125.9401626586914,0.3384734940315996,0.3087122288665601,0.3528142840202365,7.0,-0.0143407899886369,-1.0
2020-02-21,124.01753997802734,0.235903730848804,0.5432504937052727,0.2208458061795681,4.0,0.0150579246692359,-1.0
2020-02-24,119.75352478027344,0.1467301528900861,0.4252624704192082,0.4280073586851358,6.0,-0.2812772057950497,-1.0
2020-02-25,116.55552673339844,0.4161722272900598,0.171618138040815,0.4122096325403878,7.0,0.003962594749672,-1.0
2020-02-26,115.63228607177734,0.0414295779541134,0.3138628656044602,0.6447075743228197,10.0,-0.6032779963687063,-1.0
2020-02-27,110.9590301513672,0.1620713518085804,0.2001722993498498,0.6377563596787778,11.0,-0.4756850078701973,-1.0
2020-02-28,110.24522399902344,0.127757641300559,0.679046356678009,0.1931960256770252,5.0,-0.0654383843764662,1.0
2020-03-02,114.03328704833984,0.1077874211284021,0.4615154551963011,0.4306971314363181,6.0,-0.322909710307916,-1.0
2020-03-03,111.27312469482422,0.2886861100560053,0.1950224451720714,0.5162914483807981,8.0,-0.2276053383247927,1.0
2020-03-04,115.1183090209961,0.0665246486397725,0.5681561226291316,0.3653192469584089,7.0,-0.2987945983186363,-1.0
2020-03-05,110.82579803466795,0.0449769361358549,0.3965166453272103,0.5585064109828737,9.0,-0.5135294748470187,-1.0
2020-03-06,109.12207794189452,0.1518751101568341,0.313526906631887,0.5345980044454336,10.0,-0.3827228942885995,-1.0
2020-03-09,102.25020599365234,0.0886018918827175,0.433486757427454,0.4779113871976733,5.0,-0.3893094953149557,1.0
2020-03-10,107.90380096435548,0.1795717178999135,0.4809495845499138,0.339478702750057,12.0,-0.1599069848501434,-1.0
2020-03-11,102.00271606445312,0.0263551898921528,0.2229906562715768,0.7506541684269905,6.0,-0.7242989785348376,-1.0
2020-03-12,91.69490814208984,0.2445588157201806,0.1710633695125579,0.5843778058886528,15.0,-0.3398189901684721,1.0
2020-03-13,97.3675537109375,0.0517977942446512,0.2223841779466186,0.7258180267443615,14.0,-0.6740202324997102,-1.0
2020-03-16,85.03244018554688,0.0504196856170892,0.2372476475313305,0.7123326493427158,10.0,-0.6619129637256266,1.0
2020-03-17,88.3065414428711,0.0383110688334064,0.231696814830814,0.7299921028316021,14.0,-0.6916810339981957,-1.0
2020-03-18,83.23355865478516,0.0837365555177841,0.2353931416624358,0.6808702956352916,14.0,-0.5971337401175074,1.0
2020-03-19,86.1364974975586,0.1179703840365012,0.2971793964505195,0.5848502215618888,15.0,-0.4668798375253876,-1.0
2020-03-20,83.57618713378906,0.1201771723106503,0.3730338098481297,0.5067890268750489,10.0,-0.3866118545643985,1.0
2020-03-23,83.71392059326172,0.1242221331756029,0.2800610954208033,0.5957167765923909,7.0,-0.4714946434167879,1.0
2020-03-24,91.56598663330078,0.1618143081665038,0.3040079992264509,0.5341777114197612,5.0,-0.3723634032532573,1.0
2020-03-25,93.17274475097656,0.1955182642675936,0.3349028732627629,0.4695788582786918,10.0,-0.2740605940110981,1.0
2020-03-26,97.02703094482422,0.0434580294415354,0.3222291447222232,0.6343128582462668,5.0,-0.5908548288047314,-1.0
2020-03-27,93.77525329589844,0.1327848107450537,0.2146510396980576,0.6525641479012039,9.0,-0.5197793371561501,1.0
2020-03-30,95.7358856201172,0.0461762458352105,0.3007764693881784,0.6530472774590764,7.0,-0.6068710316238659,-1.0
2020-03-31,93.80396270751952,0.1146593407029285,0.3196077975444495,0.5657328532543033,16.0,-0.4510735125513748,-1.0
2020-04-01,89.61491394042969,0.0422241907799615,0.4154416716191917,0.5423341169953346,8.0,-0.500109926215373,1.0
2020-04-02,89.94966125488281,0.2270965090952813,0.4246900575235486,0.348213434126228,10.0,-0.1211169250309467,-1.0
2020-04-03,88.38118743896484,0.3493716731512297,0.1728543445157507,0.4777739745719979,12.0,-0.1284023014207682,1.0
2020-04-06,95.7358856201172,0.0505008022300898,0.5055705908065041,0.4439286471654971,6.0,-0.3934278449354073,1.0
2020-04-07,97.16092681884766,0.0936538996174931,0.3797997782627741,0.5265462920069695,3.0,-0.4328923923894763,1.0
2020-04-08,100.22142791748048,0.1523254478483327,0.2845285393829856,0.5631460041206863,14.0,-0.4108205562723535,1.0
2020-04-09,102.02903747558594,0.3025136295085152,0.5137144861121973,0.1837718865523735,6.0,0.1187417429561416,-1.0
2020-04-13,102.00033569335938,0.0844415558967738,0.2773864278569817,0.6381720377830788,8.0,-0.5537304818863049,1.0
2020-04-14,105.98854064941406,0.2732095592655241,0.3158616037108004,0.4109288265462965,8.0,-0.1377192672807723,-1.0
2020-04-15,103.66448974609376,0.2136129075661301,0.2987478671595454,0.4876392198726534,20.0,-0.2740263123065233,1.0
2020-04-16,104.90779113769533,0.0982709892301095,0.1898799596561325,0.7118490487337112,9.0,-0.6135780595036017,1.0
2020-04-17,108.0065460205078,0.4210680095212799,0.4253891078489167,0.1535428964665957,7.0,0.2675251130546842,-1.0
2020-04-20,106.12240600585938,0.067102924122342,0.5343919122325522,0.3985051665721195,7.0,-0.3314022424497774,-1.0
2020-04-21,103.36798858642578,0.0995851771440356,0.3387411795556545,0.5616736493539065,12.0,-0.4620884722098708,1.0
2020-04-22,105.59639739990234,0.2866149226372891,0.3782437182962894,0.3351413676176559,11.0,-0.0485264449803667,-1.0
2020-04-23,105.56771850585938,0.0651269949351747,0.2860898453121384,0.6487831600631276,6.0,-0.5836561651279529,1.0
2020-04-24,107.35620880126952,0.1374521786347031,0.3032882481347769,0.55925955157727,8.0,-0.4218073729425669,1.0
2020-04-27,109.36465454101562,0.0237672892399132,0.4539888305589556,0.5222438685595989,2.0,-0.4984765793196857,1.0
2020-04-28,109.7950210571289,0.2438539788126945,0.1791396358360846,0.5770063853512207,9.0,-0.3331524065385262,1.0
2020-04-29,112.21471405029295,0.2706476560292335,0.3000433773088913,0.429308970243885,13.0,-0.1586613142146514,-1.0
2020-04-30,111.51653289794922,0.1927959711121564,0.1325209469280459,0.6746830642223358,11.0,-0.4818870931101794,-1.0
2020-05-01,107.34661865234376,0.1268397079780697,0.4419306389987468,0.431229652557522,10.0,-0.3043899445794523,1.0
2020-05-04,107.9300308227539,0.0114435997481147,0.0626371897136171,0.9259192049503326,6.0,-0.914475605202218,1.0
2020-05-05,108.32215118408205,0.1438356927511366,0.3880919697271151,0.4680723357437686,11.0,-0.324236642992632,-1.0
2020-05-06,108.3030242919922,0.2076887648242215,0.4058489849170049,0.3864622271309296,6.0,-0.1787734623067081,1.0
2020-05-07,110.00542449951172,0.5396693545497127,0.2127441908750268,0.2475864684416187,9.0,0.2920828861080938,1.0
2020-05-08,112.14777374267578,0.4542738416542609,0.2128114343310395,0.332914707250893,6.0,0.1213591344033678,-1.0
2020-05-11,111.89910125732422,0.187930277083069,0.3629728468755881,0.4490968838023643,6.0,-0.2611666067192952,-1.0
2020-05-12,109.4507064819336,0.1647513149239655,0.2820295118061559,0.5532192077620753,14.0,-0.3884678928381098,-1.0
2020-05-13,107.5666275024414,0.3919370242466147,0.4233776571658941,0.1846853281872776,13.0,0.207251696059337,1.0
2020-05-14,109.17337036132812,0.1199672606773674,0.6174193123355508,0.2626134179532527,10.0,-0.1426461572758853,1.0
2020-05-15,110.44537353515624,0.1286762366071343,0.4569929391145706,0.4143308405764401,2.0,-0.2856546039693058,1.0
2020-05-18,114.62484741210938,0.3250890927655356,0.5909625201353005,0.0839483708675418,7.0,0.2411407218979938,-1.0
2020-05-19,114.21360778808594,0.1733939581608865,0.3431855898816138,0.4834204447688535,16.0,-0.3100264866079669,1.0
2020-05-20,115.70558166503906,0.3080487563792202,0.2906012108756436,0.4013500365739066,9.0,-0.0933012801946864,1.0
2020-05-21,116.1168441772461,0.2740137113356276,0.4206119635583539,0.305374323880594,19.0,-0.0313606125449664,-1.0
2020-05-22,115.9447021484375,0.3367529644941289,0.0500229929263392,0.6132240590328971,6.0,-0.2764710945387681,1.0
2020-05-26,117.78096771240234,0.4555020140483975,0.1961888477206229,0.3483091348782182,10.0,0.1071928791701793,1.0
2020-05-27,119.79899597167967,0.4066128628328442,0.2765962067060172,0.3167909136973321,4.0,0.0898219491355121,-1.0
2020-05-28,118.3452606201172,0.1215982233639806,0.4326675707474351,0.4457342023029923,10.0,-0.3241359789390117,1.0
2020-05-29,118.77565002441406,0.2127024874623332,0.3940954990684986,0.3932020153318132,7.0,-0.18049952786948,1.0
2020-06-01,119.90418243408205,0.2818466075696051,0.4500355578493327,0.2681178448256104,8.0,0.0137287627439946,1.0
2020-06-02,120.92752838134766,0.2303920111485889,0.391534909739026,0.3780730886917029,7.0,-0.1476810775431139,1.0
2020-06-03,123.21334075927734,0.3829769747098907,0.3668990863952785,0.2501239306293427,8.0,0.132853044080548,-1.0
2020-06-04,122.59168243408205,0.1014876500703394,0.5480522230888406,0.3504601436046262,6.0,-0.2489724935342868,1.0
2020-06-05,125.52782440185548,0.2755434790936609,0.2050541465481122,0.5194023742030064,6.0,-0.2438588951093455,1.0
2020-06-08,127.44063568115234,0.0849268808960914,0.8984076976776123,0.0166654456406831,1.0,0.0682614352554083,-1.0
2020-06-09,126.44596862792967,0.0461356220766901,0.071090611629188,0.8827736973762512,3.0,-0.836638075299561,-1.0
2020-06-10,125.26004028320312,0.2181254890747368,0.4559105420485139,0.3259639801690355,8.0,-0.1078384910942986,-1.0
2020-06-11,118.69912719726562,0.1221419790421019,0.5163655948232521,0.3614924160594289,11.0,-0.239350437017327,1.0
2020-06-12,119.87548065185548,0.3678188627585768,0.2840614181011915,0.348119712434709,5.0,0.0196991503238677,1.0
2020-06-15,121.0136260986328,0.2261594241218907,0.5016128945031336,0.2722276882933718,7.0,-0.046068264171481,1.0
2020-06-16,123.55765533447266,0.5470680389553308,0.214566133916378,0.2383658170001581,8.0,0.3087022219551727,-1.0
2020-06-17,123.23246002197266,0.15914712252561,0.6776453712955117,0.1632075057132169,8.0,-0.0040603831876069,-1.0
2020-06-18,122.78296661376952,0.265054172836244,0.4130473615867751,0.3218984823407871,7.0,-0.0568443095045431,-1.0
2020-06-19,121.82656860351562,0.2532590977581483,0.3494070834879364,0.3973338401078113,7.0,-0.1440747423496629,1.0
2020-06-22,123.07853698730467,0.1822481071576475,0.77924944460392,0.0385024398565292,4.0,0.1437456673011183,1.0
2020-06-23,124.04674530029295,0.2212095744907855,0.4430547294517358,0.3357357199614246,3.0,-0.114526145470639,-1.0
2020-06-24,121.3146514892578,0.1528899837285279,0.4048039309680462,0.4423060837201774,10.0,-0.2894160999916494,1.0
2020-06-25,121.47760772705078,0.257945989491418,0.4366983892396092,0.3053556296508758,4.0,-0.0474096401594578,-1.0
2020-06-26,118.63048553466795,0.3043393814670188,0.2398039824994546,0.4558566541277936,7.0,-0.1515172726607747,1.0
2020-06-29,120.88327026367188,0.4811873932679494,0.0901573672890662,0.4286551959812641,3.0,0.0525321972866852,1.0
2020-06-30,122.42666625976562,0.5328527212142944,0.3822280846536159,0.084919194318354,5.0,0.4479335268959403,1.0
2020-07-01,123.66329956054688,0.2329237380996346,0.388082349859178,0.3789939207024872,10.0,-0.1460701826028526,1.0
2020-07-02,124.15220642089844,0.1336501326411962,0.2200267702341079,0.6463230806402862,10.0,-0.51267294799909,1.0
2020-07-06,127.09519958496094,0.1844406268958534,0.4192493722907134,0.3963099929637143,7.0,-0.2118693660678608,-1.0
2020-07-07,125.10124969482422,0.3356868126429617,0.2202255898155272,0.444087617797777,4.0,-0.1084008051548153,1.0
2020-07-08,126.43373107910156,0.2785402012523263,0.3438684297725558,0.3775913478651394,12.0,-0.0990511466128131,-1.0
2020-07-09,126.2899398803711,0.1602059981475273,0.3595290884582532,0.4802649166797184,18.0,-0.3200589185321911,1.0
2020-07-10,127.79499053955078,0.1417250853370535,0.6274389970031652,0.2308359190144321,11.0,-0.0891108336773786,-1.0
2020-07-13,126.17489624023438,0.1651296973228454,0.3886421285569668,0.4462281558662653,5.0,-0.2810984585434198,1.0
2020-07-14,127.4307098388672,0.2168113630420217,0.6089492853110036,0.1742393543633321,12.0,0.0425720086786896,1.0
2020-07-15,129.25210571289062,0.231210664846003,0.3737117645020286,0.3950775337095062,12.0,-0.1638668688635031,-1.0
2020-07-16,128.90701293945312,0.2277437509460882,0.4646531314673749,0.3076030958274548,11.0,-0.0798593448813665,-1.0
2020-07-17,128.30307006835938,0.2221480041742324,0.2316783521324395,0.5461736023426056,5.0,-0.3240255981683731,
